Date,KSE100,Nestle_PK,Abbott_PK,National_Foods,Lucky_Cement,HBL_Bank,PSO,OGDC
2010-01-01,,562.9600830078125,47.500675201416016,7.054945468902588,50.974937438964844,21.34020233154297,38.27743148803711,29.498281478881836
2010-01-04,9437.849609375,562.9600830078125,47.500675201416016,7.054945468902588,50.974937438964844,21.34020233154297,38.27743148803711,29.498281478881836
2010-01-05,9657.3798828125,562.9600830078125,47.500675201416016,7.054945468902588,50.974937438964844,21.34020233154297,38.27743148803711,29.498281478881836
2010-01-06,9727.3603515625,562.9600830078125,47.500675201416016,7.054945468902588,50.974937438964844,21.34020233154297,38.27743148803711,29.498281478881836
2010-01-07,9737.4697265625,562.9600830078125,47.500675201416016,7.054945468902588,50.974937438964844,21.34020233154297,38.27743148803711,29.498281478881836
2010-01-08,9776.2099609375,562.9600830078125,47.500675201416016,7.054945468902588,50.974937438964844,21.34020233154297,38.27743148803711,29.498281478881836
2010-01-11,9797.0,562.9600830078125,47.500675201416016,7.054945468902588,50.974937438964844,21.34020233154297,38.27743148803711,29.498281478881836
2010-01-12,9778.3603515625,562.9600830078125,47.500675201416016,7.054945468902588,50.974937438964844,21.34020233154297,38.27743148803711,29.498281478881836
2010-01-13,9784.849609375,562.9600830078125,47.500675201416016,7.054945468902588,50.974937438964844,21.34020233154297,38.27743148803711,29.498281478881836
2010-01-14,9802.4501953125,562.9600830078125,47.500675201416016,7.054945468902588,50.974937438964844,21.34020233154297,38.27743148803711,29.498281478881836
2010-01-15,9923.1396484375,562.9600830078125,47.500675201416016,7.054945468902588,50.974937438964844,21.34020233154297,38.27743148803711,29.498281478881836
2010-01-18,,562.9600830078125,47.500675201416016,7.054945468902588,50.974937438964844,21.34020233154297,38.27743148803711,29.498281478881836
2010-01-19,9954.41015625,562.9600830078125,47.500675201416016,7.054945468902588,50.974937438964844,21.34020233154297,38.27743148803711,29.498281478881836
2010-01-20,9904.740234375,562.9600830078125,47.500675201416016,7.054945468902588,50.974937438964844,21.34020233154297,38.27743148803711,29.498281478881836
2010-01-21,9753.83984375,562.9600830078125,47.500675201416016,7.054945468902588,50.974937438964844,21.34020233154297,38.27743148803711,29.498281478881836
2010-01-22,9774.0703125,562.9600830078125,47.500675201416016,7.054945468902588,50.974937438964844,21.34020233154297,38.27743148803711,29.498281478881836
2010-01-25,9689.2001953125,562.9600830078125,47.500675201416016,7.054945468902588,50.974937438964844,21.34020233154297,38.27743148803711,29.498281478881836
2010-01-26,9666.48046875,562.9600830078125,47.500675201416016,7.054945468902588,50.974937438964844,21.34020233154297,38.27743148803711,29.498281478881836
2010-01-27,9603.5498046875,562.9600830078125,47.500675201416016,7.054945468902588,50.974937438964844,21.34020233154297,38.27743148803711,29.498281478881836
2010-01-28,9579.8095703125,562.9600830078125,47.500675201416016,7.054945468902588,50.974937438964844,21.34020233154297,38.27743148803711,29.498281478881836
2010-01-29,9614.1904296875,562.9600830078125,47.500675201416016,7.054945468902588,50.974937438964844,21.34020233154297,38.27743148803711,29.498281478881836
2010-02-01,9591.5,562.9600830078125,47.500675201416016,7.054945468902588,50.974937438964844,21.34020233154297,38.27743148803711,29.498281478881836
2010-02-02,9595.240234375,562.9600830078125,47.500675201416016,7.054945468902588,50.974937438964844,21.34020233154297,38.27743148803711,29.498281478881836
2010-02-03,9627.6298828125,562.9600830078125,47.500675201416016,7.054945468902588,50.974937438964844,21.34020233154297,38.27743148803711,29.498281478881836
2010-02-04,9769.73046875,562.9600830078125,47.500675201416016,7.054945468902588,50.974937438964844,21.34020233154297,38.27743148803711,29.498281478881836
2010-02-05,,562.9600830078125,47.500675201416016,7.054945468902588,50.974937438964844,21.34020233154297,38.27743148803711,29.498281478881836
2010-02-08,9809.98046875,562.9600830078125,47.500675201416016,7.054945468902588,50.974937438964844,21.34020233154297,38.27743148803711,29.498281478881836
2010-02-09,9786.4599609375,562.9600830078125,47.500675201416016,7.054945468902588,50.974937438964844,21.34020233154297,38.27743148803711,29.498281478881836
2010-02-10,9733.3603515625,562.9600830078125,47.500675201416016,7.054945468902588,50.974937438964844,21.34020233154297,38.27743148803711,29.498281478881836
2010-02-11,9802.7998046875,562.9600830078125,47.500675201416016,7.054945468902588,50.974937438964844,21.34020233154297,38.27743148803711,29.498281478881836
2010-02-12,9805.8701171875,562.9600830078125,47.500675201416016,7.054945468902588,50.974937438964844,21.34020233154297,38.27743148803711,29.498281478881836
2010-02-15,,562.9600830078125,47.500675201416016,7.054945468902588,50.974937438964844,21.34020233154297,38.27743148803711,29.498281478881836
2010-02-16,9769.6796875,562.9600830078125,47.500675201416016,7.054945468902588,50.974937438964844,21.34020233154297,38.27743148803711,29.498281478881836
2010-02-17,9867.08984375,562.9600830078125,47.500675201416016,7.054945468902588,50.974937438964844,21.34020233154297,38.27743148803711,29.498281478881836
2010-02-18,9889.2998046875,562.9600830078125,47.500675201416016,7.054945468902588,50.974937438964844,21.34020233154297,38.27743148803711,29.498281478881836
2010-02-19,9902.6201171875,562.9600830078125,47.500675201416016,7.054945468902588,50.974937438964844,21.34020233154297,38.27743148803711,29.498281478881836
2010-02-22,9953.0703125,712.3182983398438,57.47869110107422,7.190614223480225,67.14762878417969,29.789133071899414,56.8811149597168,44.20720672607422
2010-02-23,9823.5703125,699.0718383789062,56.82232666015625,7.229055881500244,65.87301635742188,29.53003692626953,56.104888916015625,42.95708084106445
2010-02-24,9686.1796875,701.3525390625,56.30988693237305,7.156698226928711,65.0787124633789,29.176713943481445,55.18080139160156,42.650054931640625
2010-02-25,9667.169921875,711.5128173828125,56.41927719116211,7.021024703979492,65.29114532470703,29.04715919494629,55.251033782958984,42.64274215698242
2010-02-26,9657.7900390625,711.5128173828125,56.41927719116211,7.021024703979492,65.29114532470703,29.04715919494629,55.251033782958984,42.64274215698242
2010-03-01,9498.5595703125,710.920166015625,56.292606353759766,6.987107753753662,63.074432373046875,28.955297470092773,54.65776443481445,42.58790969848633
2010-03-02,9546.3798828125,725.1387329101562,55.987457275390625,6.915879726409912,64.01651763916016,29.261518478393555,54.88509750366211,42.88397216796875
2010-03-03,9419.4296875,710.920166015625,54.208335876464844,6.783599853515625,65.25418090820312,29.174373626708984,54.138431549072266,42.54769515991211
2010-03-04,9511.5302734375,711.2167358398438,55.020164489746094,6.523561000823975,65.78067016601562,28.9882755279541,54.816715240478516,42.613487243652344
2010-03-05,9626.2900390625,712.1050415039062,54.63975143432617,6.601573467254639,67.86805725097656,28.992992401123047,55.55412673950195,42.989959716796875
2010-03-08,9740.1904296875,712.1050415039062,54.63975143432617,6.601573467254639,67.86805725097656,28.992992401123047,55.55412673950195,42.989959716796875
2010-03-09,9787.0302734375,711.5187377929688,55.55515670776367,6.482860565185547,70.3895492553711,29.89276695251465,56.09931945800781,43.169097900390625
2010-03-10,9784.98046875,719.8070068359375,55.85237503051758,6.230736255645752,70.72205352783203,29.935163497924805,57.26923751831055,43.43596267700195
2010-03-11,9879.7001953125,720.9915161132812,55.899932861328125,6.410501480102539,71.57179260253906,30.361507415771484,57.33208084106445,43.669883728027344
2010-03-12,10025.990234375,712.697509765625,55.32927322387695,6.523561000823975,71.19309997558594,27.831789016723633,57.6185302734375,45.82285690307617
2010-03-15,10088.4501953125,726.264404296875,56.48247146606445,6.5574798583984375,71.92277526855469,28.227060317993164,57.971534729003906,45.325706481933594
2010-03-16,10017.7099609375,717.5440673828125,56.02475357055664,6.566524028778076,70.67586517333984,27.920717239379883,57.284019470214844,45.164886474609375
2010-03-17,9981.48046875,718.0294799804688,55.947479248046875,6.52130126953125,70.4172592163086,27.567455291748047,56.57801818847656,45.30016326904297
2010-03-18,10007.8701171875,718.0294799804688,55.87614059448242,6.556347846984863,71.70109558105469,27.589683532714844,56.43754959106445,45.43172836303711
2010-03-19,10000.9296875,718.0294799804688,55.87614059448242,6.556347846984863,71.70109558105469,27.589683532714844,56.43754959106445,45.43172836303711
2010-03-22,9963.349609375,728.7277221679688,55.64431381225586,6.5461745262146,71.1654052734375,27.209245681762695,57.02710723876953,46.37479019165039
2010-03-23,,728.7277221679688,55.64431381225586,6.5461745262146,71.1654052734375,27.209245681762695,57.02710723876953,46.37479019165039
2010-03-24,10146.26953125,731.7032470703125,57.82587432861328,6.533736705780029,72.58778381347656,28.04423713684082,57.515045166015625,46.88654327392578
2010-03-25,10127.0302734375,734.89599609375,57.68320083618164,6.448942184448242,72.88333892822266,27.78236961364746,57.670291900634766,46.42597961425781
2010-03-26,10137.9296875,740.9197998046875,57.653480529785156,6.5574798583984375,74.87838745117188,27.735443115234375,57.77193069458008,46.195682525634766
2010-03-29,10056.4599609375,737.9078369140625,58.253868103027344,6.588005542755127,73.5298843383789,27.61685562133789,57.25629806518555,45.57429122924805
2010-03-30,10073.759765625,752.967041015625,58.09336853027344,6.488512992858887,73.21585083007812,27.317934036254883,56.9476432800293,46.550262451171875
2010-03-31,10178.4296875,771.0384521484375,58.253868103027344,6.534867286682129,75.08158111572266,27.31546401977539,57.254459381103516,47.46773147583008
2010-04-01,10246.76953125,807.1566772460938,57.938804626464844,6.551827907562256,76.679443359375,27.164766311645508,58.141571044921875,47.4421272277832
2010-04-02,,809.716796875,57.95663070678711,6.447812080383301,77.03966522216797,27.40192413330078,59.1451301574707,48.34133529663086
2010-04-05,10447.83984375,807.19287109375,59.442718505859375,6.529214382171631,76.1899185180664,27.71319580078125,59.29297637939453,48.19879913330078
2010-04-06,10419.8203125,783.0857543945312,62.41486740112305,6.4444193840026855,75.34943389892578,28.1430606842041,58.788429260253906,47.92099380493164
2010-04-07,10523.009765625,806.156494140625,61.338924407958984,6.4444193840026855,76.88264465332031,28.096120834350586,59.183937072753906,48.823848724365234
2010-04-08,10533.5703125,824.8363647460938,60.17979431152344,6.50208044052124,75.59880828857422,27.955297470092773,58.93442916870117,48.73246383666992
2010-04-09,10586.4599609375,824.8363647460938,60.17979431152344,6.50208044052124,75.59880828857422,27.955297470092773,58.93442916870117,48.73246383666992
2010-04-12,10557.1904296875,909.3735961914062,59.48432159423828,6.379974842071533,74.70288848876953,27.621797561645508,58.46501159667969,48.41451644897461
2010-04-13,10506.2001953125,954.8406982421875,59.436767578125,6.383367538452148,74.08406066894531,27.43404769897461,57.725738525390625,48.49587631225586
2010-04-14,10570.8798828125,993.4166259765625,60.00741195678711,6.275960445404053,74.4350357055664,27.646493911743164,57.88282012939453,48.38125228881836
2010-04-15,10677.4697265625,955.8408813476562,60.037147521972656,6.213776588439941,75.04462432861328,27.688493728637695,58.55555725097656,49.66037368774414
2010-04-16,10659.2099609375,955.36474609375,60.732601165771484,6.152723789215088,76.0698471069336,27.812021255493164,59.050872802734375,49.30179214477539
2010-04-19,10669.8798828125,955.36474609375,60.803958892822266,6.333621025085449,75.02616119384766,27.78236961364746,58.51860427856445,49.800880432128906
2010-04-20,10641.51953125,963.7857055664062,60.429466247558594,6.393542766571045,74.64747619628906,27.599559783935547,58.219200134277344,49.34245300292969
2010-04-21,10590.2099609375,963.1957397460938,60.429466247558594,6.407108783721924,74.37037658691406,27.006662368774414,57.58341979980469,49.23155975341797
2010-04-22,10615.150390625,955.36474609375,60.24518585205078,6.415024757385254,71.904296875,27.337692260742188,58.83279037475586,49.37571716308594
2010-04-23,10607.0302734375,955.401123046875,60.56617736816406,6.659233093261719,71.6826400756836,27.278409957885742,58.31159210205078,49.39420700073242
2010-04-26,10556.3701171875,961.3883666992188,60.054969787597656,6.774555206298828,70.47269439697266,27.103004455566406,58.02328872680664,49.33135223388672
2010-04-27,10556.3798828125,955.36474609375,59.846923828125,6.445549488067627,70.26025390625,27.367345809936523,58.12677764892578,49.327674865722656
2010-04-28,10519.01953125,948.1364135742188,58.91960906982422,6.331358909606934,68.72703552246094,27.300643920898438,58.63133239746094,49.656673431396484
2010-04-29,10454.6298828125,955.2443237304688,58.343013763427734,6.225082874298096,68.95794677734375,26.98937225341797,58.29127502441406,49.216758728027344
2010-04-30,10428.1201171875,964.2737426757812,58.72938919067383,6.140289783477783,66.90750122070312,26.98689842224121,58.01034164428711,49.523616790771484
2010-05-03,10389.4599609375,947.8350830078125,58.699668884277344,6.017053127288818,65.16181945800781,26.739849090576172,58.05470657348633,49.786075592041016
2010-05-04,10467.759765625,951.8471069335938,58.776947021484375,6.144810199737549,66.3163833618164,27.078304290771484,58.05839157104492,49.523616790771484
2010-05-05,10561.740234375,957.0332641601562,58.74723815917969,6.054363250732422,66.84283447265625,26.952308654785156,58.15818405151367,51.02083969116211
2010-05-06,10553.1201171875,957.0332641601562,58.74723815917969,6.054363250732422,66.84283447265625,26.952308654785156,58.15818405151367,51.02083969116211
2010-05-07,10271.4697265625,978.8634033203125,59.12763977050781,6.116546154022217,67.01831817626953,26.804086685180664,58.03069305419922,51.006065368652344
2010-05-10,10288.1396484375,951.7568359375,58.895843505859375,6.096194744110107,64.7646713256836,26.272951126098633,56.20469665527344,49.982017517089844
2010-05-11,10208.8095703125,951.7506103515625,58.848270416259766,6.1052398681640625,66.96290588378906,26.680572509765625,55.942264556884766,50.832298278808594
2010-05-12,10222.0400390625,946.347412109375,58.91960906982422,6.0114006996154785,64.42294311523438,26.04814338684082,55.82211685180664,50.35540008544922
2010-05-13,10279.51953125,958.5272216796875,58.93744659423828,5.992180824279785,64.6630859375,26.230953216552734,56.00138854980469,50.351688385009766
2010-05-14,10271.7099609375,963.1957397460938,58.848270416259766,5.879118919372559,64.67230987548828,26.48540687561035,55.7204704284668,51.03562927246094
2010-05-17,10033.759765625,929.1615600585938,58.28952407836914,5.658651351928711,64.28437042236328,26.433523178100586,55.55598068237305,50.4145622253418
2010-05-18,10082.0400390625,923.1133422851562,57.95663070678711,5.6552605628967285,64.39522552490234,25.240310668945312,55.17524719238281,50.38126754760742
2010-05-19,10050.0400390625,921.2283325195312,57.66537094116211,5.78075647354126,64.41368103027344,25.143962860107422,55.360069274902344,49.956153869628906
2010-05-20,9993.400390625,928.4083862304688,57.80801773071289,5.766057968139648,64.164306640625,25.1414852142334,54.715065002441406,49.61601257324219
2010-05-21,9871.16015625,910.801025390625,57.362205505371094,5.607775688171387,63.91493225097656,24.926565170288086,54.4285888671875,48.98386764526367
2010-05-24,9687.41015625,916.5536499023438,56.619178771972656,5.330779075622559,59.971046447753906,24.420127868652344,52.123939514160156,47.99309539794922
2010-05-25,9428.4404296875,926.1495361328125,53.31416702270508,5.268596172332764,57.54191207885742,23.26397132873535,49.55682373046875,46.89881134033203
2010-05-26,9611.5498046875,936.6069946289062,55.281715393066406,5.516195774078369,59.12132263183594,24.08662223815918,50.71377944946289,47.97830581665039
2010-05-27,9439.9697265625,927.1075439453125,53.498435974121094,5.279901504516602,57.48649597167969,23.48137092590332,49.12619400024414,47.98200225830078
2010-05-28,9521.150390625,891.3925170898438,52.69594955444336,5.4607977867126465,57.606563568115234,23.71852684020996,49.240787506103516,49.67885971069336
2010-05-31,,895.1337280273438,52.30958938598633,5.229024887084961,55.7408447265625,22.90329360961914,47.12833023071289,48.5845947265625
2010-06-01,9294.1796875,895.1337280273438,52.30958938598633,5.229024887084961,55.7408447265625,22.90329360961914,47.12833023071289,48.5845947265625
2010-06-02,9499.0595703125,919.87890625,50.52630615234375,5.188323020935059,57.107810974121094,23.5703067779541,48.83417892456055,49.53471374511719
2010-06-03,9621.2998046875,894.2060546875,52.30958938598633,5.2007598876953125,59.897159576416016,23.950756072998047,50.42176055908203,50.08553695678711
2010-06-04,9636.8798828125,906.8434448242188,51.42982864379883,5.111442565917969,58.7888069152832,23.686426162719727,50.041038513183594,49.900672912597656
2010-06-07,9791.6396484375,918.6196899414062,53.7956657409668,5.234676837921143,60.968570709228516,24.2052001953125,49.76936340332031,49.697357177734375
2010-06-08,9763.169921875,933.679443359375,53.498435974121094,5.189454078674316,61.79059982299805,23.965574264526367,50.01146697998047,49.52730941772461
2010-06-09,9678.3798828125,891.3925170898438,52.69594955444336,5.4607977867126465,57.606563568115234,23.71852684020996,49.240787506103516,49.67885971069336
2010-06-10,9379.7802734375,929.7337646484375,52.25608825683594,5.313819885253906,57.54191207885742,23.469011306762695,48.074588775634766,47.81194305419922
2010-06-11,9471.1201171875,964.520751953125,53.32605743408203,5.311559200286865,58.87193298339844,23.21950340270996,47.82508850097656,48.42189025878906
2010-06-14,9229.599609375,961.382568359375,51.74488830566406,5.257289409637451,57.449554443359375,22.9996337890625,47.21702194213867,47.12049865722656
2010-06-15,9250.5498046875,938.6973266601562,53.96209716796875,4.974639415740967,56.52592468261719,23.068809509277344,47.66983413696289,48.05170822143555
2010-06-16,9436.8798828125,937.6972045898438,54.21175003051758,5.086568355560303,58.32699966430664,24.123676300048828,49.983741760253906,48.32843780517578
2010-06-17,9676.7099609375,960.786376953125,54.09882354736328,5.10805082321167,59.42610549926758,25.008085250854492,50.3552360534668,50.037506103515625
2010-06-18,9645.7099609375,946.2688598632812,53.59355163574219,5.144228935241699,58.77033996582031,24.35342788696289,49.418209075927734,50.10104751586914
2010-06-21,9651.3095703125,955.521240234375,56.26847839355469,5.141968727111816,58.8442268371582,24.405305862426758,49.28882598876953,49.83928298950195
2010-06-22,9682.3203125,945.4736328125,54.74673080444336,5.2007598876953125,58.65950012207031,24.47201156616211,49.51616287231445,50.86025619506836
2010-06-23,9715.3896484375,992.7420043945312,54.68134307861328,5.368088722229004,59.40763473510742,24.464601516723633,50.27021026611328,50.9125862121582
2010-06-24,9791.8896484375,1042.3775634765625,54.116641998291016,5.311559200286865,59.3891716003418,24.704233169555664,49.71390151977539,51.97465133666992
2010-06-25,9796.849609375,1040.4561767578125,54.092872619628906,5.187192440032959,59.84174728393555,24.190370559692383,49.66770935058594,52.7899055480957
2010-06-28,9671.5498046875,1016.7284545898438,52.428470611572266,5.144228935241699,58.63179016113281,23.842058181762695,48.250160217285156,52.7899055480957
2010-06-29,9702.0302734375,1032.6195068359375,53.0526237487793,5.189454078674316,58.79804229736328,24.002626419067383,48.62165451049805,52.767486572265625
2010-06-30,9721.91015625,1014.9996337890625,55.07366943359375,4.965595245361328,57.394134521484375,24.024866104125977,48.089378356933594,52.98813247680664
2010-07-01,9730.990234375,1023.6136474609375,54.984500885009766,4.997251987457275,57.92060470581055,24.291667938232422,48.076438903808594,53.32844161987305
2010-07-02,9697.650390625,1024.047119140625,54.39008331298828,4.997251987457275,57.394134521484375,24.0273380279541,47.8380241394043,53.10404968261719
2010-07-05,,982.9353637695312,53.50438690185547,4.997251987457275,57.283302307128906,23.98286247253418,47.63657760620117,52.81611251831055
2010-07-06,9575.2001953125,939.1005859375,52.30958938598633,4.9192399978637695,56.987735748291016,23.972986221313477,47.5478630065918,52.004573822021484
2010-07-07,9789.6904296875,986.0555419921875,53.37360382080078,4.9192399978637695,58.61331558227539,24.136030197143555,48.24276351928711,53.253639221191406
2010-07-08,9860.990234375,1022.3971557617188,53.118011474609375,4.749650001525879,61.319541931152344,25.158794403076172,48.36659240722656,53.19755172729492
2010-07-09,9974.400390625,1036.9263916015625,53.4033317565918,4.9870758056640625,62.058441162109375,25.36136245727539,48.523685455322266,54.038978576660156
2010-07-12,9979.0703125,1028.601318359375,53.2131233215332,5.127270698547363,60.91314697265625,25.11678695678711,48.928436279296875,54.409217834472656
2010-07-13,10114.650390625,1047.6121826171875,54.086917877197266,5.143100738525391,63.2591552734375,25.07478904724121,49.25556945800781,55.93128204345703
2010-07-14,10187.0,1063.79833984375,55.281715393066406,5.08882999420166,63.52701950073242,26.159299850463867,50.344139099121094,55.370323181152344
2010-07-15,10095.7998046875,1048.678466796875,55.216339111328125,5.342082977294922,62.224708557128906,25.67510414123535,49.22230911254883,54.63361740112305
2010-07-16,10153.849609375,1032.474609375,54.984500885009766,5.1001362800598145,62.97283935546875,25.84803009033203,49.15391159057617,55.29555892944336
2010-07-19,10201.849609375,1071.0205078125,55.507598876953125,5.256159782409668,64.8293228149414,26.31000518798828,49.31101608276367,55.94248962402344
2010-07-20,10251.5302734375,1063.4786376953125,55.507598876953125,5.256159782409668,64.0350112915039,26.087661743164062,49.31101608276367,55.45259475708008
2010-07-21,10234.0302734375,1060.671630859375,56.76778030395508,5.395222187042236,63.49006652832031,25.890029907226562,51.098201751708984,55.51994323730469
2010-07-22,10228.8603515625,1050.6544189453125,54.407901763916016,5.426878929138184,63.52701950073242,25.704744338989258,50.86902618408203,55.41892623901367
2010-07-23,10296.0400390625,1103.1812744140625,54.984500885009766,5.638300895690918,63.554718017578125,25.959196090698242,50.83391189575195,56.42866897583008
2010-07-26,10297.6796875,1074.8333740234375,54.182037353515625,5.4687113761901855,62.66804504394531,26.507633209228516,50.604736328125,57.13547897338867
2010-07-27,10386.8203125,1074.11083984375,54.94883728027344,5.641694068908691,64.50605010986328,26.37423324584961,51.10742950439453,57.03450012207031
2010-07-28,10436.2900390625,1066.2015380859375,54.984500885009766,5.703876495361328,65.7621841430664,26.223535537719727,51.15733337402344,56.982147216796875
2010-07-29,10427.2802734375,1069.8580322265625,55.10932922363281,5.6529998779296875,64.17354583740234,26.082721710205078,50.948486328125,56.70167922973633
2010-07-30,10519.01953125,1072.9122314453125,55.65620803833008,5.822588920593262,64.28437042236328,25.929555892944336,53.05171203613281,56.84376907348633
2010-08-02,10373.5302734375,1063.91259765625,55.51948547363281,5.7999773025512695,63.6747932434082,26.16425323486328,52.85764694213867,56.136959075927734
2010-08-03,10388.6396484375,1078.2431640625,54.88344192504883,6.082627773284912,63.02825164794922,26.433523178100586,52.26069259643555,55.3366584777832
2010-08-04,10390.26953125,1077.646728515625,55.816688537597656,6.377715587615967,64.65383911132812,26.952308654785156,53.03877639770508,55.34788513183594
2010-08-05,10351.7197265625,1065.195556640625,56.36332321166992,6.696543216705322,63.554718017578125,26.43846893310547,51.98160934448242,55.79290771484375
2010-08-06,10315.2001953125,1052.7864990234375,55.7802619934082,7.031201362609863,62.78812026977539,26.542219161987305,50.203678131103516,55.882667541503906
2010-08-09,10026.2001953125,1059.581298828125,54.05535125732422,6.760987758636475,58.69645309448242,24.94879913330078,47.758544921875,54.409217834472656
2010-08-10,9892.3203125,1059.581298828125,54.05535125732422,6.760987758636475,58.69645309448242,24.94879913330078,47.758544921875,54.409217834472656
2010-08-11,9875.6796875,1071.068603515625,53.93388366699219,6.634361743927002,58.16073989868164,24.85492706298828,47.81399154663086,52.71512222290039
2010-08-12,9792.8095703125,1042.1065673828125,54.05535125732422,6.952056884765625,59.10284423828125,24.832691192626953,47.85466003417969,51.653053283691406
2010-08-13,9823.3701171875,1039.6971435546875,53.44799041748047,6.896660327911377,60.87620544433594,24.89198875427246,47.89532470703125,51.608154296875
2010-08-16,9537.1298828125,1091.6639404296875,52.385101318359375,6.5574798583984375,59.3891716003418,23.649351119995117,47.008209228515625,50.09731674194336
2010-08-17,9677.8798828125,1048.1365966796875,50.605525970458984,6.5461745262146,60.49750900268555,24.210142135620117,47.30758285522461,51.23793411254883
2010-08-18,9705.0,1069.845947265625,50.89706039428711,6.465901851654053,60.137298583984375,24.180496215820312,47.02667236328125,51.563297271728516
2010-08-19,9847.6103515625,1082.4654541015625,52.83454132080078,6.386759281158447,62.06768035888672,24.481897354125977,47.7844352722168,52.76001739501953
2010-08-20,9860.349609375,1072.1527099609375,52.37295150756836,5.958260536193848,61.68899917602539,24.316375732421875,47.869449615478516,52.80862045288086
2010-08-23,9812.099609375,1114.391357421875,51.32219696044922,6.082627773284912,61.15329360961914,23.812400817871094,47.02667236328125,52.51318359375
2010-08-24,9637.169921875,1073.8214111328125,51.32219696044922,5.975220203399658,60.52521514892578,23.43195915222168,46.122920989990234,51.66053771972656
2010-08-25,9553.8095703125,1085.3931884765625,50.411163330078125,5.879118919372559,59.76784896850586,22.819299697875977,45.165565490722656,51.735321044921875
2010-08-26,9589.3701171875,1075.8394775390625,48.291473388671875,5.935649871826172,60.488285064697266,23.469011306762695,44.420753479003906,51.48103713989258
2010-08-27,9598.7099609375,1095.115478515625,48.595157623291016,6.099586009979248,61.467315673828125,23.469011306762695,43.89400863647461,51.54084396362305
2010-08-30,9516.419921875,1063.189697265625,47.98171615600586,6.099586009979248,60.414390563964844,23.194807052612305,43.74248123168945,51.409969329833984
2010-08-31,9813.0498046875,1114.391357421875,49.135704040527344,5.992180824279785,63.43465042114258,24.35342788696289,45.928863525390625,53.818336486816406
2010-09-01,9735.3798828125,1059.4429931640625,48.13355255126953,5.686918258666992,63.702491760253906,24.185441970825195,46.681068420410156,53.22000503540039
2010-09-02,9762.8896484375,1082.501953125,49.19643783569336,5.6529998779296875,63.40693664550781,23.86427879333496,46.363182067871094,53.650054931640625
2010-09-03,9703.0595703125,1106.0185546875,47.93313217163086,5.446098804473877,63.00054931640625,23.713594436645508,45.7939453125,53.564048767089844
2010-09-06,,1152.371337890625,48.589080810546875,5.715182304382324,63.323814392089844,23.538185119628906,45.38364791870117,53.579002380371094
2010-09-07,9748.1396484375,1136.6734619140625,47.97563934326172,5.6529998779296875,63.684024810791016,23.543127059936523,45.823516845703125,53.97541046142578
2010-09-08,9891.1298828125,1144.3355712890625,48.589080810546875,5.79884672164917,65.42967224121094,23.888986587524414,47.958152770996094,54.53639221191406
2010-09-09,9879.330078125,1146.2349853515625,49.19643783569336,5.991047382354736,64.94940185546875,23.557950973510742,47.08953857421875,54.37554931640625
2010-09-10,,1146.2349853515625,49.19643783569336,5.991047382354736,64.94940185546875,23.557950973510742,47.08953857421875,54.37554931640625
2010-09-13,,1146.2349853515625,49.19643783569336,5.991047382354736,64.94940185546875,23.557950973510742,47.08953857421875,54.37554931640625
2010-09-14,10091.25,1136.543212890625,50.71485137939453,6.28952693939209,67.96041870117188,24.481897354125977,49.24448013305664,55.92755126953125
2010-09-15,10046.5703125,1131.064208984375,50.593379974365234,6.219430446624756,66.7504653930664,24.689403533935547,48.82308578491211,55.06366729736328
2010-09-16,10017.1396484375,1126.248291015625,51.02460479736328,6.048709392547607,66.3163833618164,24.281780242919922,48.82125473022461,54.74576187133789
2010-09-17,10052.9697265625,1144.8160400390625,53.526947021484375,6.029489040374756,66.22399139404297,24.133560180664062,49.656620025634766,54.97018814086914
2010-09-20,10063.580078125,1130.1141357421875,54.21327209472656,6.256740570068359,65.69752502441406,23.916170120239258,50.177791595458984,55.13264083862305
2010-09-21,9992.5,1114.1033935546875,54.444068908691406,5.9446940422058105,64.60765838623047,23.41714096069336,49.850196838378906,55.19310760498047
2010-09-22,9946.419921875,1132.3360595703125,54.29829406738281,5.907384395599365,64.50605010986328,23.177507400512695,49.228851318359375,55.1893310546875
2010-09-23,9866.7998046875,1127.3809814453125,54.17681884765625,5.58516263961792,63.73945999145508,23.202207565307617,48.80143737792969,54.6225700378418
2010-09-24,9909.4404296875,1116.3558349609375,53.60591506958008,5.313819885253906,63.5916633605957,23.21456527709961,49.74851989746094,54.78883361816406
2010-09-27,9936.7900390625,1119.9168701171875,54.116092681884766,5.17814826965332,63.91493225097656,23.229381561279297,50.31523513793945,54.7850456237793
2010-09-28,9981.0703125,1126.187255859375,53.90351867675781,5.203020095825195,64.19202423095703,23.96309471130371,50.43010330200195,54.36566162109375
2010-09-29,10022.25,1133.8216552734375,53.757747650146484,5.222240924835205,64.45988464355469,23.725940704345703,50.287017822265625,54.728363037109375
2010-09-30,10013.3095703125,1156.80322265625,53.757747650146484,5.0854387283325195,63.87799072265625,23.523372650146484,50.59203338623047,55.05329132080078
2010-10-01,10042.4404296875,1159.5794677734375,53.75165939331055,4.985945701599121,65.71601104736328,23.345502853393555,50.35667419433594,55.427337646484375
2010-10-04,10045.0302734375,1156.078857421875,53.75165939331055,4.968986511230469,65.80838012695312,23.103391647338867,50.45082473754883,55.359336853027344
2010-10-05,10024.8603515625,1144.1102294921875,53.75165939331055,4.833315849304199,65.60517883300781,23.10092544555664,49.93303680419922,55.340450286865234
2010-10-06,10029.3603515625,1163.7188720703125,54.5837516784668,4.797253608703613,65.2080078125,23.10092544555664,50.22486877441406,54.864402770996094
2010-10-07,10191.6796875,1173.447509765625,55.81669998168945,4.703030109405518,66.95367431640625,23.501134872436523,51.12864303588867,55.5709342956543
2010-10-08,10260.48046875,1194.201171875,55.87743377685547,4.8193559646606445,67.73873901367188,24.192848205566406,52.55582809448242,55.62004470825195
2010-10-11,10322.5498046875,1252.8692626953125,58.54985046386719,4.723968505859375,68.34834289550781,25.087139129638672,52.006038665771484,55.967655181884766
2010-10-12,10292.330078125,1216.32373046875,56.45443344116211,4.728621006011963,66.95367431640625,25.163726806640625,51.979679107666016,55.8089714050293
2010-10-13,10389.9697265625,1180.1318359375,56.48480224609375,4.73211145401001,67.7664566040039,24.877168655395508,52.44662857055664,56.489051818847656
2010-10-14,10409.01953125,1187.2303466796875,56.12039566040039,4.729785442352295,67.43395233154297,24.748695373535156,52.066307067871094,57.12757873535156
2010-10-15,10431.83984375,1181.6475830078125,55.573760986328125,4.729785442352295,67.69255828857422,24.706697463989258,51.41295623779297,57.116233825683594
2010-10-18,10484.3896484375,1171.36572265625,56.181114196777344,4.791437149047852,65.55410766601562,24.909276962280273,51.04767990112305,57.705665588378906
2010-10-19,10464.8896484375,1172.515869140625,55.44621276855469,4.757702827453613,66.41323852539062,25.482402801513672,50.50918960571289,57.56587600708008
2010-10-20,10486.01953125,1169.4111328125,55.3369026184082,4.7693352699279785,66.54397583007812,25.272424697875977,50.27759552001953,57.535614013671875
2010-10-21,10558.740234375,1177.4168701171875,55.87743377685547,4.764681339263916,67.41241455078125,26.191423416137695,49.47738265991211,57.56209945678711
2010-10-22,10652.48046875,1182.3173828125,57.54768753051758,4.944986820220947,68.4115982055664,25.786273956298828,50.08366775512695,57.86812210083008
2010-10-25,10703.7099609375,1189.5679931640625,57.5902099609375,4.9868645668029785,67.87932586669922,25.719581604003906,51.2133674621582,57.67542266845703
2010-10-26,10658.150390625,1187.1082763671875,58.88387680053711,4.997334003448486,67.76726531982422,25.131607055664062,50.2681770324707,57.75099182128906
2010-10-27,10704.16015625,1184.04638671875,60.60273361206055,5.001986026763916,67.76726531982422,25.05008888244629,50.27571487426758,58.53308868408203
2010-10-28,10634.990234375,1186.55419921875,60.76671600341797,4.956620216369629,67.30036163330078,25.23784065246582,50.04224395751953,58.09104537963867
2010-10-29,10598.400390625,1201.4212646484375,60.73635482788086,4.906599521636963,68.40225982666016,25.087139129638672,50.032833099365234,58.16281509399414
2010-11-01,10538.26953125,1201.03759765625,59.977134704589844,4.891477108001709,67.05757141113281,24.896928787231445,49.55457305908203,58.13636779785156
2010-11-02,10681.8701171875,1205.3902587890625,60.28083801269531,4.885662078857422,68.19681549072266,25.20079231262207,52.03053283691406,58.67668151855469
2010-11-03,10617.650390625,1217.5660400390625,59.44874572753906,5.0008225440979,66.77742767333984,25.29959487915039,51.2359619140625,58.21196365356445
2010-11-04,10702.1904296875,1211.477783203125,59.52163314819336,4.9961700439453125,67.44043731689453,25.450294494628906,52.28659439086914,58.59354782104492
2010-11-05,10882.0,1202.0174560546875,60.42660140991211,4.955456733703613,69.24269104003906,25.81592559814453,53.470909118652344,60.3391227722168
2010-11-08,10992.2802734375,1210.2664794921875,59.60663986206055,4.8972930908203125,71.74534606933594,25.810972213745117,53.53866958618164,59.953731536865234
2010-11-09,,1210.2664794921875,59.60663986206055,4.8972930908203125,71.74534606933594,25.810972213745117,53.53866958618164,59.953731536865234
2010-11-10,10941.9404296875,1193.519287109375,59.703826904296875,4.943822383880615,73.76237487792969,25.9097957611084,53.06418991088867,59.866859436035156
2010-11-11,10905.240234375,1185.08154296875,60.06824493408203,4.97290563583374,70.59674072265625,25.71216583251953,53.19601058959961,59.791259765625
2010-11-12,10874.01953125,1183.10888671875,59.552005767822266,4.985699653625488,68.01939392089844,25.744279861450195,52.540771484375,59.84791564941406
2010-11-15,10909.650390625,1176.59619140625,60.06824493408203,4.97290563583374,67.89800262451172,25.754159927368164,52.93806076049805,60.08975601196289
2010-11-16,10965.990234375,1191.2435302734375,59.64310073852539,5.031066417694092,68.96255493164062,26.087661743164062,53.51985549926758,60.25975799560547
2010-11-17,,1191.2435302734375,59.64310073852539,5.031066417694092,68.96255493164062,26.087661743164062,53.51985549926758,60.25975799560547
2010-11-18,,1191.2435302734375,59.64310073852539,5.031066417694092,68.96255493164062,26.087661743164062,53.51985549926758,60.25975799560547
2010-11-19,,1191.2435302734375,59.64310073852539,5.031066417694092,68.96255493164062,26.087661743164062,53.51985549926758,60.25975799560547
2010-11-22,11205.83984375,1211.4346923828125,61.04002380371094,5.2811665534973145,71.39048767089844,26.542219161987305,54.884910583496094,62.80633544921875
2010-11-23,11171.08984375,1219.0447998046875,61.34371566772461,5.196249485015869,71.19438934326172,26.463163375854492,53.679908752441406,61.786190032958984
2010-11-24,11154.830078125,1237.1395263671875,61.94500732421875,5.1648406982421875,70.48468780517578,26.06543731689453,53.47842788696289,61.76353073120117
2010-11-25,,1238.0584716796875,61.04002380371094,5.118311405181885,70.15784454345703,25.68498420715332,53.700599670410156,61.29124450683594
2010-11-26,11145.01953125,1230.3306884765625,60.73635482788086,5.026413917541504,69.32672882080078,25.746749877929688,53.3353385925293,61.71441650390625
2010-11-29,11163.4296875,1264.170166015625,60.43266296386719,5.034557819366455,69.50418090820312,25.704744338989258,53.239322662353516,61.87309646606445
2010-11-30,11234.759765625,1282.7701416015625,60.772796630859375,5.063638210296631,71.25041198730469,26.213653564453125,53.54811096191406,61.536834716796875
2010-12-01,11221.8095703125,1327.4881591796875,60.73635482788086,4.969414234161377,69.51350402832031,26.21613121032715,52.98324203491211,62.41714096069336
2010-12-02,11343.5498046875,1381.4447021484375,61.31943130493164,5.0182719230651855,70.87688446044922,26.791728973388672,53.839927673339844,62.59098434448242
2010-12-03,11406.66015625,1348.919189453125,60.76063919067383,5.032229900360107,71.39983367919922,28.022005081176758,53.96044158935547,62.749671936035156
2010-12-06,11440.0703125,1336.2705078125,60.803157806396484,4.982211589813232,72.6044692993164,28.644548416137695,53.501033782958984,62.904579162597656
2010-12-07,11431.009765625,1338.2742919921875,60.3172492980957,5.1590256690979,71.10099029541016,27.856491088867188,53.6855354309082,63.10481643676758
2010-12-08,11629.9296875,1405.188720703125,60.73635482788086,5.085739612579346,70.83952331542969,28.903940200805664,54.3652458190918,64.0758056640625
2010-12-09,11569.08984375,1475.4442138671875,60.73635482788086,5.0205979347229,69.56019592285156,28.501264572143555,53.74956130981445,63.6451301574707
2010-12-10,11620.150390625,1521.3223876953125,60.73635482788086,5.07178258895874,69.86837005615234,29.01265525817871,53.52363586425781,63.52040481567383
2010-12-13,11596.6904296875,1495.8582763671875,60.67561721801758,5.305595397949219,69.80299377441406,28.647018432617188,53.38617706298828,63.17731475830078
2010-12-14,11672.6396484375,1511.3065185546875,62.558448791503906,5.570817470550537,70.774169921875,29.089235305786133,53.48595428466797,63.42131805419922
2010-12-15,11786.08984375,1572.626708984375,62.10899353027344,5.651081562042236,71.33445739746094,29.536386489868164,53.843692779541016,63.86353302001953
2010-12-16,,1572.626708984375,62.10899353027344,5.651081562042236,71.33445739746094,29.536386489868164,53.843692779541016,63.86353302001953
2010-12-17,,1572.626708984375,62.10899353027344,5.651081562042236,71.33445739746094,29.536386489868164,53.843692779541016,63.86353302001953
2010-12-20,11843.650390625,1509.2349853515625,62.25475311279297,5.932586669921875,72.4643783569336,30.114463806152344,55.317970275878906,65.34273529052734
2010-12-21,11825.0595703125,1510.25244140625,65.29157257080078,6.229218482971191,72.32429504394531,29.113935470581055,54.91879653930664,63.8482780456543
2010-12-22,11848.6201171875,1510.9554443359375,66.88894653320312,6.539805889129639,72.22158813476562,28.913833618164062,55.474246978759766,64.55733489990234
2010-12-23,11792.830078125,1510.9554443359375,65.43125915527344,6.86668062210083,71.33445739746094,28.6223201751709,55.15415573120117,64.3438949584961
2010-12-24,,1510.9554443359375,65.43125915527344,6.86668062210083,71.33445739746094,28.6223201751709,55.15415573120117,64.3438949584961
2010-12-27,11909.73046875,1510.9554443359375,65.43125915527344,6.86668062210083,71.33445739746094,28.6223201751709,55.15415573120117,64.3438949584961
2010-12-28,11848.0498046875,1510.9554443359375,65.43125915527344,6.86668062210083,71.33445739746094,28.6223201751709,55.15415573120117,64.3438949584961
2010-12-29,11886.01953125,1498.6268310546875,66.19046020507812,7.9671173095703125,70.53137969970703,29.412857055664062,55.517539978027344,64.31336975097656
2010-12-30,12031.4599609375,1501.5009765625,66.7127914428711,8.364952087402344,70.13917541503906,30.816051483154297,55.54579162597656,64.98052978515625
2010-12-31,12022.4599609375,1464.6151123046875,66.65205383300781,8.364952087402344,70.774169921875,30.12433624267578,55.57780456542969,65.1253890991211
2011-01-03,11849.4599609375,1526.3670654296875,66.4759292602539,7.793793201446533,70.4566650390625,29.892114639282227,55.44977569580078,64.9042739868164
2011-01-04,12110.259765625,1514.0390625,66.71887969970703,7.6844482421875,70.5687255859375,30.213260650634766,56.46649932861328,65.29695129394531
2011-01-05,12140.83984375,1508.494873046875,66.01435089111328,7.557652473449707,70.13917541503906,30.862998962402344,55.511905670166016,65.8802261352539
2011-01-06,12323.4697265625,1504.788330078125,66.2026138305664,7.049310684204102,70.0831527709961,30.87534523010254,55.53261947631836,68.16763305664062
2011-01-07,12389.0400390625,1524.3131103515625,65.89892578125,7.021392345428467,70.15784454345703,30.87781524658203,55.83763885498047,68.87288665771484
2011-01-10,12306.7001953125,1509.7591552734375,65.69243621826172,7.000452518463135,69.83098602294922,30.52454376220703,55.44412612915039,67.83975982666016
2011-01-11,12267.2099609375,1522.6729736328125,65.65599822998047,6.98765754699707,69.19601440429688,30.3886775970459,55.110843658447266,66.34915924072266
2011-01-12,12281.240234375,1514.100830078125,65.01217651367188,7.095840930938721,69.73763275146484,31.843751907348633,55.30479049682617,65.23977661132812
2011-01-13,12459.4404296875,1572.626708984375,65.59525299072266,7.100493431091309,71.4838638305664,31.522592544555664,56.20478057861328,66.71134185791016
2011-01-14,12533.5400390625,1603.0438232421875,65.14581298828125,7.095840930938721,71.9694595336914,31.30024528503418,58.253326416015625,66.06321716308594
2011-01-17,,1683.1920166015625,65.26119995117188,7.14818811416626,72.06283569335938,31.322498321533203,59.83492660522461,66.92478942871094
2011-01-18,12658.16015625,1730.9443359375,64.99396514892578,6.869006633758545,71.09165954589844,31.0235652923584,58.27968215942383,66.53974151611328
2011-01-19,12577.6103515625,1742.63720703125,64.48377227783203,6.775947093963623,70.28857421875,30.754301071166992,57.50773239135742,66.06705474853516
2011-01-20,12411.8701171875,1761.4222412109375,64.47162628173828,6.706150054931641,69.35476684570312,30.393617630004883,56.72257995605469,65.69340515136719
2011-01-21,12431.91015625,1763.63623046875,63.354095458984375,6.518867015838623,67.50579833984375,30.583837509155273,57.319435119628906,65.46087646484375
2011-01-24,12370.58984375,1787.5899658203125,63.165802001953125,6.745701313018799,66.30118560791016,30.52947425842285,57.197044372558594,65.51425170898438
2011-01-25,12455.75,1799.3197021484375,60.73635482788086,6.618907928466797,67.851318359375,30.50972557067871,57.30061340332031,66.24622344970703
2011-01-26,12483.33984375,1851.3206787109375,58.98713684082031,6.5235209465026855,68.59835052490234,30.178688049316406,57.16314697265625,66.61219024658203
2011-01-27,12477.0,1942.6627197265625,58.908180236816406,6.5235209465026855,69.33609771728516,30.904993057250977,56.63031768798828,66.57787322998047
2011-01-28,12481.4404296875,2039.4814453125,57.13467025756836,6.602622032165527,68.8785171508789,30.588781356811523,57.321327209472656,65.97554016113281
2011-01-31,12359.3603515625,2132.87109375,58.78670120239258,6.6130900382995605,67.55248260498047,30.39607810974121,56.30270004272461,65.54857635498047
2011-02-01,12273.3798828125,2152.377685546875,58.43444061279297,6.415338039398193,67.37508392333984,30.220685958862305,56.18408966064453,65.48755645751953
2011-02-02,12242.3896484375,2131.427001953125,58.246150970458984,6.416501522064209,65.36734771728516,30.80864143371582,53.2637939453125,65.95267486572266
2011-02-03,12359.0498046875,2099.919677734375,58.00320816040039,6.63519287109375,67.00153350830078,30.640655517578125,54.15437316894531,65.89547729492188
2011-02-04,12414.41015625,2100.1904296875,57.8878173828125,6.5142130851745605,66.6747055053711,30.724645614624023,54.47257614135742,65.83831024169922
2011-02-07,12427.3603515625,2117.39697265625,58.73204040527344,6.618907928466797,66.91749572753906,30.845699310302734,54.734291076660156,65.7811279296875
2011-02-08,12360.9404296875,2127.51708984375,58.300811767578125,6.595641613006592,66.66537475585938,30.862998962402344,54.604366302490234,65.37699890136719
2011-02-09,12299.2802734375,2109.28759765625,58.67131042480469,6.595641613006592,65.99301147460938,30.830869674682617,54.497039794921875,65.23977661132812
2011-02-10,12187.4697265625,2103.095458984375,57.748130798339844,6.618907928466797,64.05999755859375,30.418323516845703,52.76859664916992,64.72510528564453
2011-02-11,11943.33984375,2066.678955078125,57.1407470703125,6.630539894104004,63.19155502319336,30.176225662231445,51.490169525146484,63.60049057006836
2011-02-14,11946.08984375,2114.171875,56.424068450927734,6.630539894104004,64.20941925048828,30.176225662231445,51.757530212402344,62.8875732421875
2011-02-15,12077.83984375,2145.9443359375,57.60842514038086,6.6887030601501465,65.25528717041016,30.45537757873535,52.437225341796875,64.62216186523438
2011-02-16,,,,,70.13917541503906,,,
2011-02-17,12061.76953125,2158.507080078125,58.063941955566406,6.764312267303467,62.59390640258789,30.87040138244629,51.734920501708984,64.02745056152344
2011-02-18,12041.150390625,2217.712158203125,57.94245910644531,6.756171226501465,63.14487075805664,30.425739288330078,51.505218505859375,63.28023147583008
2011-02-21,,2160.234619140625,58.592369079589844,6.8783135414123535,62.911415100097656,30.072465896606445,51.275508880615234,62.86090087890625
2011-02-22,11649.3798828125,2158.698486328125,55.66486740112305,6.739884853363037,61.64142608642578,29.459800720214844,50.465885162353516,60.81752014160156
2011-02-23,11523.419921875,2158.507080078125,52.88312530517578,6.630539894104004,60.32473373413086,29.094175338745117,50.834922790527344,59.719566345214844
2011-02-24,11539.259765625,2118.106689453125,51.50443649291992,6.630539894104004,58.9706916809082,29.595659255981445,51.52028274536133,60.26472473144531
2011-02-25,11223.51953125,2101.461181640625,47.75699234008789,6.624722957611084,56.32798767089844,28.83972930908203,51.264217376708984,58.17558288574219
2011-02-28,11289.2197265625,2131.0634765625,48.86239242553711,6.456052303314209,57.40188217163086,29.64507484436035,54.28133010864258,57.71809387207031
2011-03-01,11608.4296875,2096.984375,49.682334899902344,6.723599433898926,59.16679763793945,30.63323974609375,55.24037551879883,56.96708297729492
2011-03-02,11699.16015625,2087.030517578125,49.518341064453125,6.397889614105225,58.91466522216797,30.183629989624023,55.23450469970703,58.263282775878906
2011-03-03,11762.0,2137.619140625,49.481903076171875,6.397889614105225,59.12944412231445,30.38620948791504,54.94172286987305,57.786739349365234
2011-03-04,12000.0302734375,2103.13232421875,50.71485137939453,6.281564235687256,62.080318450927734,31.903024673461914,57.4831657409668,58.96473693847656
2011-03-07,11974.5498046875,2105.870361328125,50.33220291137695,6.397889614105225,64.89110565185547,31.411418914794922,55.89232635498047,58.8961181640625
2011-03-08,11940.009765625,2098.52001953125,50.66019058227539,6.321115016937256,62.93942642211914,31.2730712890625,55.39651107788086,58.72455978393555
2011-03-09,12128.150390625,2096.89697265625,51.35259246826172,6.2234015464782715,64.62028503417969,31.816574096679688,56.99711608886719,59.81108856201172
2011-03-10,12125.7900390625,2112.03125,52.48835754394531,6.13383150100708,64.4241943359375,31.30024528503418,55.671730041503906,59.55183029174805
2011-03-11,12045.240234375,2108.208740234375,51.850624084472656,6.392074108123779,63.9012451171875,31.581886291503906,55.045169830322266,58.8770637512207
2011-03-14,12045.3798828125,2098.377197265625,54.05535125732422,6.5142130851745605,63.639793395996094,31.618940353393555,54.94172286987305,58.58732223510742
2011-03-15,11829.240234375,2127.8818359375,53.25971221923828,6.397889614105225,62.45383071899414,30.820358276367188,54.12189865112305,56.700233459472656
2011-03-16,11794.5703125,2158.495361328125,53.13823699951172,6.397889614105225,62.18301773071289,30.690841674804688,54.486900329589844,56.01402282714844
2011-03-17,11858.26953125,2154.807373046875,53.11394119262695,6.397889614105225,63.31295394897461,32.22494125366211,54.74066925048828,55.86533737182617
2011-03-18,11606.6103515625,1990.452392578125,52.20197296142578,6.397889614105225,59.885833740234375,31.94864273071289,53.75688552856445,53.776222229003906
2011-03-21,11375.1396484375,1894.817138671875,51.60448455810547,6.397889614105225,59.57767105102539,31.11394691467285,53.67684555053711,51.70612335205078
2011-03-22,11488.0595703125,1873.142333984375,51.044715881347656,6.606112480163574,61.11846160888672,30.515256881713867,54.06919860839844,52.55626678466797
2011-03-23,,1873.142333984375,51.044715881347656,6.606112480163574,61.11846160888672,30.515256881713867,54.06919860839844,52.55626678466797
2011-03-24,11564.25,1897.36279296875,52.830902099609375,6.444417953491211,61.305240631103516,30.56131935119629,54.26048278808594,52.533416748046875
2011-03-25,11552.919921875,1911.3572998046875,52.7114143371582,6.485133171081543,60.59553146362305,30.391496658325195,53.829097747802734,52.42667007446289
2011-03-28,11583.0302734375,2006.9234619140625,53.44728088378906,6.630539894104004,60.56752014160156,30.308021545410156,53.76858901977539,51.85480499267578
2011-03-29,11711.400390625,2107.26513671875,54.02589416503906,6.5142130851745605,62.56590270996094,30.941238403320312,54.22339630126953,52.201725006103516
2011-03-30,11808.6103515625,2095.120361328125,54.05105972290039,6.825965404510498,63.52772903442383,31.410400390625,54.40298080444336,52.1750373840332
2011-03-31,11809.5400390625,2177.514892578125,53.45985794067383,6.891109943389893,63.014129638671875,32.1414794921875,54.16873550415039,51.721378326416016
2011-04-01,11887.1298828125,2141.652099609375,53.45985794067383,6.630539894104004,64.80706024169922,33.747554779052734,53.91497802734375,52.20553207397461
2011-04-04,11873.2802734375,2222.33447265625,52.98186111450195,6.630539894104004,63.53705978393555,34.582218170166016,53.44456481933594,51.812870025634766
2011-04-05,11901.3701171875,2217.9775390625,53.00701141357422,6.793395519256592,63.079498291015625,34.95930480957031,53.036598205566406,51.5498046875
2011-04-06,11933.169921875,2220.51123046875,53.277462005615234,6.962066650390625,64.74170684814453,35.1060791015625,52.8082275390625,51.47739028930664
2011-04-07,11848.83984375,2218.213623046875,53.18940734863281,7.309880256652832,65.92764282226562,34.893089294433594,53.163482666015625,50.64630889892578
2011-04-08,11905.8603515625,2189.8896484375,53.14537811279297,7.3284912109375,65.71286010742188,35.3248176574707,53.8056755065918,51.275352478027344
2011-04-11,11874.0703125,2196.6630859375,53.227142333984375,7.342451095581055,65.55410766601562,35.31619644165039,54.35222625732422,51.221954345703125
2011-04-12,11796.08984375,2182.82421875,53.45985794067383,7.212166786193848,65.40471649169922,34.84415817260742,54.34440994262695,51.199092864990234
2011-04-13,11734.7197265625,2176.842041015625,54.258602142333984,7.3284912109375,65.09652709960938,35.1204719543457,53.5948600769043,49.76567840576172
2011-04-14,11652.5400390625,2163.078857421875,54.0950813293457,6.97951602935791,66.6747055053711,34.82687759399414,53.37623977661133,49.510250091552734
2011-04-15,11684.23046875,2210.7373046875,54.12653350830078,7.257532596588135,65.46073150634766,36.024253845214844,53.24937438964844,49.42637634277344
2011-04-18,11674.830078125,2194.70849609375,53.59192657470703,6.919025897979736,65.31130981445312,35.93789291381836,53.2122802734375,49.36156463623047
2011-04-19,11599.2802734375,2202.881591796875,54.214576721191406,7.083045482635498,65.32999420166016,35.83427429199219,52.83359909057617,49.228153228759766
2011-04-20,11745.0595703125,2171.79345703125,54.17684555053711,7.0318603515625,66.3105239868164,35.958038330078125,53.264976501464844,50.26509094238281
2011-04-21,11923.58984375,2280.2275390625,55.33409881591797,6.967881679534912,67.70189666748047,35.74504852294922,53.48360824584961,52.77738952636719
2011-04-22,,2230.956787109375,56.290077209472656,7.095840930938721,68.1501235961914,35.906227111816406,53.462120056152344,52.8726921081543
2011-04-25,11916.01953125,2209.884765625,58.80583190917969,7.352921485900879,67.29100799560547,35.90911102294922,53.253273010253906,53.08999252319336
2011-04-26,11933.4599609375,2228.5595703125,57.900177001953125,7.473898887634277,67.4591064453125,35.71049880981445,53.415287017822266,53.006103515625
2011-04-27,11947.4404296875,2198.3056640625,58.49766159057617,7.608835220336914,68.16880798339844,35.42844009399414,53.40553283691406,52.96036148071289
2011-04-28,11966.669921875,2262.796142578125,58.881324768066406,7.608835220336914,68.10344696044922,35.13486099243164,53.44652557373047,53.265342712402344
2011-04-29,12057.5400390625,2181.79052734375,58.176910400390625,7.554162502288818,68.5423583984375,35.13197708129883,54.166786193847656,55.918704986572266
2011-05-02,12035.8896484375,2181.01953125,57.95048522949219,7.502978801727295,67.64588928222656,34.79234313964844,53.72370147705078,56.68120574951172
2011-05-03,11956.8896484375,2181.04345703125,57.862430572509766,7.473898887634277,65.6755142211914,34.68009948730469,53.327449798583984,56.15126419067383
2011-05-04,11672.0498046875,2138.433349609375,57.233497619628906,7.340123653411865,62.81801223754883,34.54769515991211,55.53316116333008,54.0811882019043
2011-05-05,11906.6904296875,2191.2099609375,57.849849700927734,7.537877559661865,64.53626251220703,34.55633544921875,54.45956802368164,56.784095764160156
2011-05-06,11879.9599609375,2171.9111328125,57.85613250732422,7.3284912109375,65.003173828125,34.838401794433594,53.6026725769043,56.071231842041016
2011-05-09,11932.6796875,2116.03564453125,57.54795837402344,7.4448161125183105,66.06774139404297,35.46010971069336,55.093963623046875,55.74714660644531
2011-05-10,12012.01953125,2156.0322265625,57.0322265625,7.81356954574585,65.26464080810547,35.14061737060547,55.406288146972656,56.95565414428711
2011-05-11,12036.3603515625,2240.686767578125,57.79954528808594,7.7077107429504395,65.91829681396484,35.226966857910156,55.13494873046875,58.21371078491211
2011-05-12,11962.1796875,2194.671142578125,57.68632507324219,7.6425700187683105,66.6747055053711,35.16652297973633,54.6274528503418,56.1016960144043
2011-05-13,11967.33984375,2212.144287109375,57.61084747314453,7.618141174316406,66.20780181884766,35.11471176147461,54.77971267700195,56.1855583190918
2011-05-16,11902.1201171875,2185.61328125,55.849822998046875,7.525081157684326,65.26464080810547,34.83263397216797,54.67428970336914,56.60875701904297
2011-05-17,11930.240234375,2193.07666015625,57.42216491699219,7.443654537200928,65.04986572265625,34.54193115234375,54.891334533691406,56.6468505859375
2011-05-18,11884.6103515625,2179.79296875,57.85613250732422,7.386653900146484,65.15258026123047,33.813743591308594,55.34514617919922,56.21226119995117
2011-05-19,11878.8095703125,2204.20703125,57.724063873291016,7.665835380554199,65.10589599609375,33.77631759643555,55.976531982421875,55.84246063232422
2011-05-20,11973.3798828125,2215.990966796875,57.64858627319336,7.711200714111328,65.3580093383789,34.21381378173828,55.72003173828125,56.56679916381836
2011-05-23,12030.6396484375,2211.104736328125,58.49137496948242,7.561143398284912,65.37669372558594,34.53331756591797,55.785133361816406,56.974708557128906
2011-05-24,12130.580078125,2213.3955078125,58.49137496948242,7.677465438842773,66.2824935913086,34.62541961669922,56.34747314453125,57.7562141418457
2011-05-25,12168.1201171875,2209.261962890625,58.49137496948242,7.677465438842773,66.12373352050781,34.714637756347656,56.943355560302734,58.13746643066406
2011-05-26,12198.1201171875,2209.697509765625,59.01337814331055,7.793793201446533,66.35719299316406,34.73479461669922,56.61779022216797,57.39405822753906
2011-05-27,12225.51953125,2207.045654296875,58.49766159057617,8.18348217010498,66.85213470458984,34.740543365478516,56.28630828857422,57.31399154663086
2011-05-30,,2202.893798828125,58.61716079711914,8.59178352355957,66.78675079345703,34.38938522338867,56.404701232910156,57.21870422363281
2011-05-31,12123.150390625,2110.165283203125,58.189476013183594,9.003576278686523,66.37586975097656,33.76768493652344,55.95088577270508,57.3712043762207
2011-06-01,12264.0595703125,2073.407470703125,58.29639434814453,9.201329231262207,68.19681549072266,34.22532653808594,57.40504837036133,58.71311950683594
2011-06-02,12179.8095703125,2098.31982421875,58.29639434814453,9.660813331604004,67.20697784423828,33.84828567504883,56.78944778442383,58.023101806640625
2011-06-03,12236.66015625,2149.053466796875,58.30268478393555,10.14356517791748,69.80299377441406,33.79071807861328,57.25311279296875,58.743621826171875
2011-06-06,12211.650390625,2178.759033203125,59.05111312866211,9.787609100341797,69.38277435302734,34.406681060791016,56.30406188964844,58.24040222167969
2011-06-07,12314.990234375,2175.422607421875,58.51651382446289,9.774811744689941,68.59835052490234,34.75492858886719,56.31196975708008,58.5682487487793
2011-06-08,12367.2900390625,2156.66064453125,58.931617736816406,9.77248477935791,68.66374206542969,35.03987121582031,56.17185974121094,59.776756286621094
2011-06-09,12330.1396484375,2165.611328125,59.21465301513672,9.771324157714844,68.47697448730469,34.75492858886719,55.34318161010742,59.22016143798828
2011-06-10,12377.76953125,2237.136962890625,59.56057357788086,9.554957389831543,68.03807067871094,34.56784439086914,54.907127380371094,59.498470306396484
2011-06-13,12353.3603515625,2275.564697265625,59.05740737915039,9.538671493530273,67.25366973876953,34.79810333251953,54.816349029541016,59.56389617919922
2011-06-14,12337.9404296875,2243.412353515625,59.05740737915039,9.780627250671387,66.91749572753906,34.426815032958984,54.61314010620117,59.76404571533203
2011-06-15,12317.150390625,2263.687255859375,58.554264068603516,9.768994331359863,66.19844818115234,34.208065032958984,55.137962341308594,59.629329681396484
2011-06-16,12369.1201171875,2297.034912109375,58.49137496948242,9.684078216552734,66.74006652832031,33.99794006347656,55.45167922973633,60.04890060424805
2011-06-17,12361.3095703125,2404.18017578125,58.0322380065918,9.657322883605957,66.32919311523438,33.84252166748047,56.424415588378906,60.03351974487305
2011-06-20,12165.98046875,2524.37939453125,57.233497619628906,9.657322883605957,65.04052734375,33.81950378417969,54.65654754638672,58.497650146484375
2011-06-21,12326.1396484375,2614.909423828125,56.9253044128418,9.643363952636719,65.4513931274414,34.09006118774414,55.015655517578125,59.27521896362305
2011-06-22,12369.41015625,2725.28515625,57.27751159667969,9.47236442565918,65.95565795898438,33.733154296875,54.6387825012207,59.0904426574707
2011-06-23,12508.419921875,2855.009033203125,58.963069915771484,9.422347068786621,67.23499298095703,33.86842727661133,56.124507904052734,59.46382141113281
2011-06-24,12455.33984375,2988.6044921875,58.648597717285156,9.33626651763916,66.55329895019531,33.73891067504883,55.00577926635742,58.87487030029297
2011-06-27,12464.490234375,3102.178955078125,58.49137496948242,9.075697898864746,66.29183959960938,33.45107650756836,55.850257873535156,58.482234954833984
2011-06-28,12362.4404296875,3257.288818359375,57.36555480957031,9.178062438964844,65.3953857421875,33.38776779174805,54.91106414794922,57.404449462890625
2011-06-29,12423.2998046875,3398.86572265625,58.56684112548828,9.073370933532715,66.88948059082031,33.67558670043945,52.86103057861328,57.29283905029297
2011-06-30,12496.0302734375,3408.259033203125,58.79954528808594,8.724395751953125,66.15176391601562,33.405033111572266,52.203975677490234,58.890281677246094
2011-07-01,12484.169921875,3433.10302734375,58.79954528808594,8.497559547424316,66.2638168334961,33.39639663696289,52.249366760253906,58.62081527709961
2011-07-04,,3337.417236328125,59.114009857177734,8.60806941986084,67.25366973876953,34.14762496948242,53.233951568603516,59.290584564208984
2011-07-05,12576.48046875,3293.0400390625,60.057437896728516,8.641805648803711,68.82247161865234,34.24547576904297,53.425331115722656,59.58314514160156
2011-07-06,12533.5498046875,3015.34619140625,59.749244689941406,8.641805648803711,68.01005554199219,34.115962982177734,53.28523635864258,59.47149658203125
2011-07-07,12441.400390625,2867.247314453125,59.48508834838867,8.945413589477539,67.73927307128906,33.71875,53.01097106933594,59.198219299316406
2011-07-08,12390.1201171875,2723.449462890625,59.120330810546875,8.73137378692627,67.54315948486328,33.779205322265625,52.86892318725586,59.17125701904297
2011-07-11,12291.900390625,2701.66162109375,59.67377471923828,8.957043647766113,67.19764709472656,33.66695022583008,52.8906364440918,58.53611373901367
2011-07-12,12191.7802734375,2487.42724609375,59.277549743652344,8.957043647766113,66.55329895019531,33.641048431396484,52.45259475708008,57.76243209838867
2011-07-13,12262.51953125,2611.7978515625,60.06371307373047,8.922148704528809,66.64668273925781,33.96341323852539,52.006683349609375,57.91254806518555
2011-07-14,12267.330078125,2689.2177734375,59.547996520996094,8.922148704528809,66.60932922363281,33.652557373046875,51.89224624633789,57.82017135620117
2011-07-15,12346.51953125,2736.39697265625,60.53542709350586,8.840719223022461,67.50579833984375,33.96341323852539,52.484161376953125,58.020301818847656
2011-07-18,12318.240234375,2636.236328125,60.20208740234375,8.433581352233887,68.33690643310547,34.242610931396484,51.2608528137207,58.12042236328125
2011-07-19,12443.5400390625,2720.747802734375,60.000823974609375,8.375418663024902,68.40225982666016,34.349098205566406,52.24739456176758,59.2790412902832
2011-07-20,12433.169921875,2683.602783203125,60.06371307373047,8.504541397094727,67.79528045654297,34.54193115234375,51.767940521240234,59.671688079833984
2011-07-21,12474.759765625,2754.573974609375,60.441078186035156,8.776741027832031,68.05674743652344,34.56208419799805,51.31806945800781,59.467689514160156
2011-07-22,12476.76953125,2602.216552734375,60.441078186035156,8.491744041442871,70.50335693359375,35.10896682739258,51.412776947021484,60.233673095703125
2011-07-25,12440.099609375,2609.72412109375,60.692657470703125,8.605741500854492,68.68241882324219,34.685855865478516,51.36936569213867,59.47149658203125
2011-07-26,12364.0595703125,2602.05517578125,60.53542709350586,8.48011302947998,68.45831298828125,35.02836608886719,49.662654876708984,59.46382141113281
2011-07-27,12265.5302734375,2576.618896484375,60.53542709350586,7.9101176261901855,68.01939392089844,34.89884567260742,49.483097076416016,59.148170471191406
2011-07-28,12098.0498046875,2556.942138671875,59.749244689941406,7.9101176261901855,68.11279296875,34.54193115234375,49.193058013916016,57.98184585571289
2011-07-29,12190.3701171875,2615.494384765625,58.6548957824707,7.9101176261901855,68.2808609008789,34.53907775878906,49.721832275390625,59.2213249206543
2011-08-01,12253.3896484375,2615.214599609375,61.510276794433594,7.9101176261901855,69.56954956054688,35.399658203125,48.4866943359375,59.84104919433594
2011-08-02,12226.330078125,2613.9755859375,60.06371307373047,7.945017337799072,67.88866424560547,34.838401794433594,48.439334869384766,59.60237503051758
2011-08-03,11941.7197265625,2610.22802734375,59.66747283935547,7.828690052032471,66.01170349121094,34.2857780456543,47.354129791259766,57.296661376953125
2011-08-04,11846.16015625,2560.366455078125,59.66747283935547,7.561143398284912,68.10344696044922,34.19942092895508,45.203460693359375,56.32278823852539
2011-08-05,11375.08984375,2469.941650390625,58.77438735961914,7.443654537200928,67.6085205078125,34.035369873046875,44.78715515136719,55.81853103637695
2011-08-08,11404.169921875,2488.229736328125,57.862430572509766,7.005106449127197,67.53380584716797,33.80509948730469,42.912723541259766,53.12017822265625
2011-08-09,11034.919921875,2437.907470703125,57.862430572509766,6.97951602935791,67.21632385253906,33.38776779174805,41.632179260253906,51.568912506103516
2011-08-10,11311.2900390625,2527.36083984375,59.120330810546875,7.3284912109375,68.6357192993164,34.035369873046875,42.608856201171875,51.772945404052734
2011-08-11,11264.9501953125,2459.5390625,59.749244689941406,7.3284912109375,67.65521240234375,33.73602294921875,44.55826950073242,50.772090911865234
2011-08-12,11262.0400390625,2394.537353515625,59.780704498291016,6.935312747955322,68.62637329101562,34.82976150512695,46.36759567260742,48.932167053222656
2011-08-15,11166.099609375,2274.811767578125,59.434776306152344,6.935312747955322,67.99137878417969,34.35197448730469,45.25477981567383,49.19004440307617
2011-08-16,11233.75,2253.85791015625,62.40336990356445,6.935312747955322,67.627197265625,34.493019104003906,47.15683364868164,49.85213851928711
2011-08-17,11269.9501953125,2242.37939453125,60.96310043334961,7.281959056854248,67.4591064453125,34.71175765991211,47.65009307861328,50.656654357910156
2011-08-18,11128.51953125,2237.810546875,60.944236755371094,7.154003143310547,67.16961669921875,34.68297576904297,46.95951461791992,49.644264221191406
2011-08-19,10879.8203125,2242.87060546875,60.12033462524414,7.154003143310547,66.66537475585938,33.66119384765625,44.67073440551758,48.501041412353516
2011-08-22,10894.150390625,2236.12939453125,61.258705139160156,7.154003143310547,66.27316284179688,33.55181884765625,43.743385314941406,47.33085250854492
2011-08-23,10842.259765625,2247.42138671875,60.692657470703125,7.154003143310547,66.30118560791016,33.459716796875,43.281681060791016,46.30309295654297
2011-08-24,10941.080078125,2155.577880859375,63.72414016723633,7.154003143310547,66.06774139404297,33.81950378417969,44.59378433227539,48.112266540527344
2011-08-25,10901.759765625,2123.593017578125,61.64235305786133,7.439000606536865,66.48793029785156,33.54894256591797,44.61154556274414,48.173851013183594
2011-08-26,,2123.593017578125,61.64235305786133,7.439000606536865,66.48793029785156,33.54894256591797,44.61154556274414,48.173851013183594
2011-08-29,10903.8798828125,2219.38330078125,61.01342010498047,7.439000606536865,67.23499298095703,33.54606628417969,43.98014831542969,47.83127975463867
2011-08-30,11070.580078125,2291.668212890625,61.01969528198242,7.793793201446533,67.53380584716797,33.543182373046875,44.722042083740234,48.300872802734375
2011-08-31,,2291.668212890625,61.01969528198242,7.793793201446533,67.53380584716797,33.543182373046875,44.722042083740234,48.300872802734375
2011-09-01,,2291.668212890625,61.01969528198242,7.793793201446533,67.53380584716797,33.543182373046875,44.722042083740234,48.300872802734375
2011-09-02,,2291.668212890625,62.3040657043457,7.793793201446533,67.53380584716797,33.543182373046875,44.722042083740234,48.300872802734375
2011-09-05,,2278.360107421875,62.29121780395508,7.9101176261901855,67.0295639038086,34.35197448730469,44.48116683959961,49.193912506103516
2011-09-06,11319.150390625,2213.5498046875,61.681175231933594,7.821711540222168,68.01005554199219,33.925987243652344,44.232330322265625,49.728965759277344
2011-09-07,11329.76953125,2196.9677734375,62.29121780395508,7.961301803588867,68.82247161865234,33.75617599487305,45.23760986328125,49.209312438964844
2011-09-08,11348.419921875,2211.826416015625,62.27835464477539,7.968279838562012,70.05513000488281,33.67558670043945,46.06373596191406,48.51643371582031
2011-09-09,11286.2099609375,2173.461669921875,62.29121780395508,7.977588176727295,69.38277435302734,33.263999938964844,46.242897033691406,48.37015914916992
2011-09-12,11180.6396484375,2149.47607421875,65.05899810791016,7.793793201446533,69.1119613647461,33.405033111572266,45.964202880859375,48.1007194519043
2011-09-13,11264.4296875,2121.02197265625,66.20850372314453,8.163707733154297,68.70109558105469,33.9777946472168,45.241607666015625,48.59343338012695
2011-09-14,11297.01953125,2141.894287109375,65.39293670654297,8.142767906188965,69.5508804321289,33.96341323852539,47.435298919677734,48.7204475402832
2011-09-15,11302.2197265625,2141.172607421875,67.35800170898438,8.240480422973633,69.73763275146484,33.8223876953125,47.238224029541016,48.71658706665039
2011-09-16,11353.4599609375,2147.864990234375,66.13787078857422,8.142767906188965,68.7664566040039,33.75617599487305,47.04513168334961,49.193912506103516
2011-09-19,11356.6396484375,2135.420166015625,65.5020980834961,7.777507781982422,68.79446411132812,33.67558670043945,48.87055587768555,49.282432556152344
2011-09-20,11522.8701171875,2128.256103515625,65.25808715820312,7.660018444061279,67.8315200805664,34.101558685302734,48.70930480957031,51.7440185546875
2011-09-21,11851.98046875,2178.759033203125,66.46536254882812,7.226125717163086,69.47420501708984,34.4987678527832,50.562625885009766,54.1506233215332
2011-09-22,11690.23046875,2173.12548828125,66.144287109375,7.192391395568848,68.83222961425781,34.400909423828125,49.76436996459961,52.650901794433594
2011-09-23,11606.8603515625,2141.72021484375,65.341552734375,7.158657073974609,69.1249008178711,34.10444641113281,49.50160217285156,52.50959014892578
2011-09-26,11265.0302734375,2057.93212890625,63.57557678222656,6.991148471832275,68.72837829589844,33.70436477661133,49.26471710205078,51.429935455322266
2011-09-27,11531.240234375,2101.058349609375,63.57557678222656,7.183083534240723,68.91719818115234,34.16777038574219,49.417999267578125,52.70587158203125
2011-09-28,11625.6904296875,2150.51025390625,62.939815521240234,7.183083534240723,68.5018081665039,34.05551528930664,49.80417251586914,51.82254409790039
2011-09-29,11642.4599609375,2222.919189453125,64.20490264892578,7.100493431091309,70.75813293457031,33.96341323852539,49.274662017822266,51.78721618652344
2011-09-30,11761.9697265625,2333.13427734375,64.79571533203125,7.049310684204102,71.29625701904297,34.53907775878906,50.88111877441406,51.87751007080078
2011-10-03,11708.25,2328.160400390625,63.45355224609375,6.996965408325195,70.78646850585938,34.308807373046875,49.99727249145508,52.387882232666016
2011-10-04,11933.2802734375,2287.69775390625,63.581993103027344,7.136555194854736,70.72982788085938,34.32608413696289,51.94412612915039,53.860103607177734
2011-10-05,11868.169921875,2198.716552734375,63.581993103027344,7.165635585784912,70.9280776977539,34.164886474609375,51.37877655029297,53.671669006347656
2011-10-06,11839.0,2208.00439453125,64.2177505493164,7.200532913208008,72.8351058959961,34.04111862182617,51.946128845214844,53.32616424560547
2011-10-07,11853.83984375,2178.759033203125,65.41220092773438,7.165635585784912,71.79662322998047,34.1850471496582,52.08346939086914,53.3693733215332
2011-10-10,12092.3203125,2174.868408203125,65.59843444824219,7.301737308502197,75.38409423828125,34.22532653808594,54.68724060058594,56.03506851196289
2011-10-11,12054.8203125,2179.145263671875,65.5020980834961,7.4448161125183105,74.50611114501953,33.86842727661133,52.382083892822266,54.95936965942383
2011-10-12,12059.0703125,2171.220458984375,66.144287109375,7.41689920425415,75.58233642578125,33.91447448730469,52.29050064086914,54.731658935546875
2011-10-13,11966.2900390625,2064.922119140625,66.144287109375,7.41689920425415,75.46905517578125,33.525917053222656,50.477012634277344,54.51967239379883
2011-10-14,11988.08984375,2093.551025390625,66.13787078857422,7.779833793640137,77.70649719238281,33.67558670043945,50.65019989013672,54.876914978027344
2011-10-17,11975.5498046875,2147.634765625,66.13787078857422,7.287777900695801,79.670166015625,33.422298431396484,49.885799407958984,54.84943771362305
2011-10-18,11912.1904296875,2061.580078125,66.144287109375,7.320491313934326,78.35789489746094,33.934627532958984,50.04903030395508,54.67672348022461
2011-10-19,11640.4599609375,2052.23583984375,66.8506851196289,7.320491313934326,75.70508575439453,33.425174713134766,49.6947021484375,53.137725830078125
2011-10-20,11685.150390625,2075.34912109375,66.86994934082031,7.320491313934326,77.69705963134766,33.38776779174805,49.51553726196289,52.51350021362305
2011-10-21,11525.25,2069.19873046875,66.46536254882812,7.009109020233154,75.75228118896484,33.347469329833984,49.368221282958984,51.70476531982422
2011-10-24,,2069.19873046875,66.46536254882812,7.009109020233154,75.75228118896484,33.347469329833984,49.368221282958984,51.70476531982422
2011-10-25,11517.2900390625,2029.831787109375,66.13787078857422,7.009109020233154,75.85613250732422,33.67558670043945,48.00064468383789,52.23475646972656
2011-10-26,11387.2197265625,2074.739013671875,65.56633758544922,7.009109020233154,75.28968811035156,33.42804718017578,45.96818161010742,52.124839782714844
2011-10-27,11283.490234375,2056.1826171875,66.0158462524414,7.009109020233154,75.52570343017578,33.281253814697266,44.280113220214844,52.09735107421875
2011-10-28,11561.669921875,2048.169921875,65.82319641113281,7.26354455947876,77.4327163696289,34.2512321472168,46.380252838134766,54.70024490356445
2011-10-31,11868.8798828125,2049.90087890625,66.08007049560547,7.320491313934326,80.15164184570312,34.691192626953125,48.69736099243164,57.432708740234375
2011-11-01,11762.7197265625,1997.7227783203125,65.82319641113281,7.451343059539795,76.55473327636719,34.70594787597656,49.449832916259766,57.20500946044922
2011-11-02,11746.08984375,1998.233642578125,65.5020980834961,7.550693988800049,76.99844360351562,35.05731201171875,49.07161331176758,57.58584976196289
2011-11-03,11807.4599609375,1992.008544921875,65.45075225830078,7.269604206085205,76.6491470336914,33.97663879394531,49.95545959472656,58.41423034667969
2011-11-04,11957.2998046875,1962.2222900390625,67.4222183227539,7.389551639556885,78.35789489746094,34.22171401977539,52.05560302734375,60.30651092529297
2011-11-07,,1962.2222900390625,67.4222183227539,7.389551639556885,78.35789489746094,34.22171401977539,52.05560302734375,60.30651092529297
2011-11-08,,1962.2222900390625,67.4222183227539,7.389551639556885,78.35789489746094,34.22171401977539,52.05560302734375,60.30651092529297
2011-11-09,,1962.2222900390625,67.4222183227539,7.389551639556885,78.35789489746094,34.22171401977539,52.05560302734375,60.30651092529297
2011-11-10,11969.0498046875,1968.3094482421875,66.78645324707031,7.448919773101807,77.55545043945312,34.12427520751953,51.51215362548828,60.703033447265625
2011-11-11,12019.3203125,1927.7657470703125,66.78003692626953,7.395608901977539,79.2547836303711,34.11835479736328,50.65019989013672,62.22236251831055
2011-11-14,12008.48046875,1923.5335693359375,65.98372650146484,7.270813465118408,78.37678527832031,34.2010383605957,50.26601791381836,60.89541244506836
2011-11-15,11994.009765625,1909.776611328125,65.82319641113281,7.7651472091674805,78.51840209960938,34.162662506103516,49.76634979248047,60.8443603515625
2011-11-16,11992.76953125,1903.940185546875,66.78645324707031,8.121357917785645,78.16911315917969,34.15970230102539,49.54936599731445,61.20557403564453
2011-11-17,11913.419921875,1884.416259765625,66.144287109375,7.57735013961792,77.84810638427734,33.82013702392578,50.27995300292969,60.85612487792969
2011-11-18,11937.8095703125,1874.1982421875,65.82962799072266,7.8875203132629395,77.83866882324219,33.93235397338867,50.81344223022461,61.43720626831055
2011-11-21,11894.7900390625,1869.8057861328125,65.9773178100586,7.647622108459473,78.03692626953125,33.802425384521484,50.331695556640625,61.339027404785156
2011-11-22,11767.0,1854.9630126953125,65.5020980834961,7.6342949867248535,77.5743408203125,33.96482467651367,49.27863693237305,60.36540985107422
2011-11-23,11633.9697265625,1764.115234375,65.01405334472656,7.633082866668701,77.60265350341797,34.077030181884766,48.494327545166016,59.69407272338867
2011-11-24,,1732.0836181640625,64.41680908203125,7.421053409576416,77.48936462402344,33.24732208251953,48.96213912963867,60.67554473876953
2011-11-25,11648.1396484375,1818.68359375,64.45535278320312,7.6136980056762695,76.6585922241211,33.315242767333984,48.28132247924805,60.14945983886719
2011-11-28,11494.150390625,1793.203857421875,64.2177505493164,7.349571228027344,76.46975708007812,32.851661682128906,47.89713668823242,59.87073516845703
2011-11-29,11506.9404296875,1727.0380859375,63.90950012207031,7.349571228027344,76.6869125366211,33.06718826293945,48.466453552246094,60.070953369140625
2011-11-30,11532.830078125,1729.0767822265625,66.13787078857422,7.716681957244873,77.03620147705078,33.365421295166016,48.62173843383789,60.110206604003906
2011-12-01,11557.3701171875,1688.01416015625,64.69939422607422,7.91780948638916,77.3855209350586,33.10558319091797,49.069637298583984,60.94643020629883
2011-12-02,11372.2099609375,1617.3807373046875,64.6223373413086,7.572503566741943,75.58233642578125,33.087886810302734,47.78764724731445,59.82364273071289
2011-12-05,,1617.3807373046875,64.6223373413086,7.572503566741943,75.58233642578125,33.087886810302734,47.78764724731445,59.82364273071289
2011-12-06,,1617.3807373046875,64.6223373413086,7.572503566741943,75.58233642578125,33.087886810302734,47.78764724731445,59.82364273071289
2011-12-07,11283.8896484375,1610.6279296875,64.6223373413086,7.6342949867248535,72.68404388427734,33.04063034057617,47.55076217651367,60.29865646362305
2011-12-08,11392.5703125,1539.171875,65.14891052246094,7.723952770233154,74.97813415527344,32.76603698730469,48.18577575683594,60.67161560058594
2011-12-09,11464.6103515625,1581.5023193359375,65.18101501464844,7.524041175842285,74.91205596923828,32.739444732666016,48.496315002441406,62.23808670043945
2011-12-12,11477.1201171875,1579.3182373046875,64.93057250976562,7.524041175842285,74.1379165649414,33.099674224853516,48.130035400390625,62.40851593017578
2011-12-13,11278.01953125,1540.7093505859375,64.93057250976562,7.754242897033691,73.06167602539062,32.78965759277344,47.51692199707031,60.61307144165039
2011-12-14,11300.990234375,1452.220458984375,64.75076293945312,7.754242897033691,73.7602767944336,32.74537658691406,47.69807052612305,61.10451889038086
2011-12-15,11139.51953125,1437.535400390625,63.76824188232422,7.784533500671387,73.62810516357422,32.042625427246094,47.57664108276367,61.07284927368164
2011-12-16,11028.1396484375,1398.41796875,64.2177505493164,7.784533500671387,73.73196411132812,31.78868865966797,45.78504943847656,60.99752426147461
2011-12-19,11083.0302734375,1468.3369140625,64.85993194580078,7.391974449157715,72.40081787109375,31.900897979736328,47.33775329589844,61.393856048583984
2011-12-20,11338.0400390625,1534.9041748046875,64.53883361816406,7.748185157775879,73.93020629882812,32.205020904541016,46.77042007446289,63.18136978149414
2011-12-21,11268.5498046875,1611.6446533203125,63.9223518371582,7.748185157775879,74.31727600097656,32.042625427246094,46.58728790283203,62.067649841308594
2011-12-22,11306.099609375,1692.2264404296875,64.2177505493164,7.754242897033691,74.46833801269531,31.906795501708984,46.02592086791992,61.675262451171875
2011-12-23,11301.08984375,1776.83642578125,64.2177505493164,7.754242897033691,73.72252655029297,31.83003044128418,46.03985595703125,61.354209899902344
2011-12-26,,1865.6763916015625,64.79571533203125,7.693662643432617,73.31657409667969,31.7414493560791,46.87791442871094,61.01337814331055
2011-12-27,11311.3798828125,1957.045654296875,64.2177505493164,7.693662643432617,72.56130981445312,31.644014358520508,46.14336395263672,60.494136810302734
2011-12-28,11352.58984375,2054.898193359375,64.19847106933594,7.7057785987854,71.65501403808594,31.593820571899414,46.157291412353516,60.69631576538086
2011-12-29,11435.669921875,2157.54541015625,64.17922973632812,7.871767044067383,72.68404388427734,32.18436050415039,45.91643142700195,60.89447021484375
2011-12-30,11347.66015625,2257.474853515625,64.28195190429688,7.871767044067383,70.84310913085938,31.322154998779297,45.229652404785156,60.09385299682617
2012-01-02,,2167.348388671875,64.04436492919922,7.871767044067383,70.73925018310547,31.652864456176758,45.281410217285156,58.556053161621094
2012-01-03,11402.0400390625,2163.896240234375,64.29481506347656,7.85117244720459,73.39209747314453,32.78965759277344,47.00333023071289,58.19139862060547
2012-01-04,11361.9697265625,2002.388427734375,64.2177505493164,7.992929458618164,73.90190887451172,32.145965576171875,46.698753356933594,58.01304626464844
2012-01-05,11187.8798828125,2009.1099853515625,65.18101501464844,7.875401973724365,73.74140167236328,31.84480094909668,46.67884063720703,55.70630645751953
2012-01-06,11125.349609375,1985.1490478515625,65.5020980834961,7.875401973724365,73.59033966064453,31.954042434692383,45.798980712890625,54.6044807434082
2012-01-09,11040.2998046875,1895.2862548828125,64.87277221679688,7.875401973724365,72.48578643798828,31.832975387573242,47.118770599365234,53.906898498535156
2012-01-10,10933.1796875,1873.3272705078125,64.85993194580078,7.789380073547363,72.31584930419922,31.558385848999023,46.52955627441406,53.863304138183594
2012-01-11,10930.490234375,1784.976318359375,65.18101501464844,7.789380073547363,73.23161315917969,31.4137020111084,46.59722900390625,53.256893157958984
2012-01-12,10909.1201171875,1795.8834228515625,64.85993194580078,7.814823627471924,72.92951202392578,31.1627254486084,46.58130645751953,53.2093391418457
2012-01-13,11014.4599609375,1760.3809814453125,64.85993194580078,7.935984134674072,74.76100158691406,31.682395935058594,47.0411491394043,54.04167938232422
2012-01-16,,1757.24951171875,63.883819580078125,7.923867225646973,74.27007293701172,31.51409149169922,47.30192184448242,55.55966567993164
2012-01-17,11305.16015625,1844.3577880859375,65.33514404296875,8.267958641052246,74.20399475097656,31.903854370117188,47.146636962890625,57.82676696777344
2012-01-18,11547.7099609375,1936.573974609375,65.1617431640625,8.410929679870605,76.92294311523438,32.46485137939453,47.39747619628906,60.10575866699219
2012-01-19,11515.58984375,2024.7491455078125,65.18101501464844,8.578130722045898,76.56416320800781,32.18729782104492,48.91236114501953,58.69477844238281
2012-01-20,11774.6796875,2108.66943359375,65.18743896484375,8.602363586425781,76.7152099609375,32.92252731323242,49.85991287231445,59.96703338623047
2012-01-23,12037.66015625,2067.091552734375,68.44328308105469,8.59024715423584,80.48209381103516,33.935306549072266,52.35220718383789,61.82986068725586
2012-01-24,11991.3798828125,2020.0233154296875,66.78645324707031,8.706560134887695,80.2271728515625,34.37229537963867,50.34165954589844,60.19293975830078
2012-01-25,11949.75,2109.62890625,67.42864227294922,8.78895092010498,80.97299194335938,34.230567932128906,50.26002502441406,59.317020416259766
2012-01-26,11883.919921875,2061.95849609375,67.10755920410156,8.724736213684082,83.52198791503906,33.891014099121094,49.97935104370117,58.71062088012695
2012-01-27,11960.2099609375,2043.3570556640625,66.77361297607422,8.74290943145752,82.16251373291016,33.9028205871582,50.68404006958008,60.29203414916992
2012-01-30,11883.009765625,2026.2364501953125,65.5020980834961,8.723525047302246,81.19013214111328,33.69316864013672,51.289207458496094,60.18105697631836
2012-01-31,11874.8896484375,1994.2864990234375,65.07183837890625,8.860434532165527,80.05723571777344,33.72859573364258,51.17771911621094,60.40299606323242
2012-02-01,11930.5498046875,2074.15234375,65.5020980834961,8.844684600830078,79.8023452758789,33.95597839355469,51.13990783691406,60.61307144165039
2012-02-02,11929.7802734375,2060.76611328125,65.42503356933594,9.302667617797852,79.2547836303711,33.88509750366211,50.18438720703125,60.4069709777832
2012-02-03,11982.6201171875,2083.9619140625,64.94984436035156,8.968267440795898,81.61497497558594,34.257144927978516,51.14986038208008,60.5932502746582
2012-02-06,12136.919921875,2094.272705078125,65.18101501464844,9.388693809509277,82.70064544677734,34.58785629272461,51.58781433105469,62.42434310913086
2012-02-07,12284.6201171875,2101.835693359375,67.74331665039062,9.566798210144043,83.69192504882812,35.166561126708984,53.12059783935547,62.868247985839844
2012-02-08,12263.25,2113.36962890625,66.49105834960938,9.557106018066406,85.91049194335938,35.19020080566406,52.42784881591797,62.127113342285156
2012-02-09,12213.240234375,2063.3330078125,66.79930877685547,9.171815872192383,86.77902221679688,35.252193450927734,50.32175064086914,62.25391387939453
2012-02-10,12231.599609375,2132.51806640625,66.49105834960938,9.620108604431152,84.84368896484375,35.9874153137207,50.04304885864258,62.444183349609375
2012-02-13,12250.0,2063.3330078125,66.78003692626953,9.43836784362793,84.79647064208984,36.008079528808594,50.558631896972656,62.20635986328125
2012-02-14,12261.849609375,2037.9283447265625,64.80855560302734,9.569221496582031,83.24819946289062,35.798458099365234,50.508872985839844,62.72159957885742
2012-02-15,12311.0400390625,2071.008056640625,61.57197952270508,9.692804336547852,83.34261322021484,35.20791244506836,50.48896408081055,62.37282180786133
2012-02-16,12404.240234375,2045.3709716796875,60.04359817504883,9.987223625183105,86.7601547241211,34.714813232421875,50.441184997558594,64.00975799560547
2012-02-17,12495.6796875,2047.5306396484375,59.921592712402344,10.067188262939453,85.91993713378906,35.11933898925781,51.856544494628906,65.59114837646484
2012-02-20,,2069.9912109375,58.50236892700195,10.019935607910156,85.91049194335938,34.98645782470703,52.4537353515625,64.86585235595703
2012-02-21,12544.4501953125,2058.613525390625,59.08031463623047,10.056285858154297,89.26194763183594,35.52089309692383,53.15047836303711,64.72711181640625
2012-02-22,12603.669921875,2058.689453125,59.7225227355957,10.183504104614258,88.0912857055664,36.76102066040039,52.56321716308594,66.38381958007812
2012-02-23,12515.919921875,2085.7626953125,59.31793212890625,10.692374229431152,88.43115997314453,36.958866119384766,52.10139465332031,64.48139953613281
2012-02-24,12706.51953125,2108.286376953125,59.26655960083008,11.226690292358398,90.09272003173828,36.188201904296875,53.13255310058594,65.73780822753906
2012-02-27,12743.66015625,2098.540283203125,59.26655960083008,11.111589431762695,89.73397827148438,35.84568786621094,52.21287536621094,65.6704330444336
2012-02-28,12739.2197265625,2096.3623046875,59.06749725341797,11.026777267456055,93.46305847167969,35.57109832763672,51.88641357421875,65.79328155517578
2012-02-29,12877.8798828125,2201.1748046875,59.22161102294922,10.72751235961914,93.47249603271484,35.609474182128906,51.647525787353516,68.25857543945312
2012-03-01,12941.3798828125,2290.623779296875,59.7225227355957,10.854728698730469,93.22704315185547,35.43525695800781,51.65548324584961,66.98230743408203
2012-03-02,13088.9697265625,2400.488037109375,60.04359817504883,11.26788330078125,96.34248352050781,35.49137878417969,52.334293365478516,66.54635620117188
2012-03-05,13278.3095703125,2505.287353515625,59.85093307495117,11.207304954528809,96.44633483886719,35.576995849609375,53.06287384033203,67.4539566040039
2012-03-06,13324.33984375,2628.93310546875,59.75461959838867,10.979523658752441,95.7099380493164,35.50613021850586,52.48359298706055,67.12501525878906
2012-03-07,13244.9501953125,2641.716552734375,59.786712646484375,11.025565147399902,94.52986145019531,35.19906997680664,52.48161315917969,65.84480285644531
2012-03-08,13271.3896484375,2637.092041015625,59.85093307495117,11.5768404006958,99.2502212524414,35.423458099365234,52.079505920410156,65.23841094970703
2012-03-09,13352.740234375,2524.83642578125,59.844520568847656,12.154777526855469,98.34390258789062,35.08094787597656,52.043663024902344,65.39297485351562
2012-03-12,13382.5400390625,2573.078857421875,59.76102828979492,12.76179027557373,97.85298156738281,35.579952239990234,52.35022735595703,65.76554107666016
2012-03-13,13283.650390625,2530.829833984375,59.7225227355957,13.399092674255371,97.37150573730469,35.02483367919922,51.78487014770508,64.96492004394531
2012-03-14,13360.669921875,2574.830078125,59.88304138183594,12.736346244812012,96.1819839477539,35.261051177978516,51.65347671508789,66.52652740478516
2012-03-15,13451.0703125,2697.967041015625,60.26837158203125,12.357114791870117,96.72953796386719,35.36737060546875,51.812747955322266,66.40762329101562
2012-03-16,13297.1201171875,2761.3525390625,60.480289459228516,12.11600399017334,95.58720397949219,35.029869079589844,49.412025451660156,65.3454360961914
2012-03-19,13077.7197265625,2674.853271484375,60.04359817504883,12.015443801879883,95.1906967163086,34.321781158447266,48.69935989379883,64.93718719482422
2012-03-20,13303.330078125,2808.420166015625,60.54450225830078,12.613974571228027,99.49566650390625,34.864646911621094,49.30452346801758,65.42864990234375
2012-03-21,13293.1201171875,2792.8984375,61.61692810058594,12.615182876586914,97.32430267333984,34.76348876953125,49.10943603515625,65.6426773071289
2012-03-22,13273.2900390625,2789.470703125,62.24625015258789,12.262608528137207,97.51312255859375,33.95424270629883,48.81282424926758,65.71797180175781
2012-03-23,,2789.470703125,62.24625015258789,12.262608528137207,97.51312255859375,33.95424270629883,48.81282424926758,65.71797180175781
2012-03-26,13286.73046875,2763.33203125,63.543453216552734,12.2674560546875,97.53199768066406,34.561180114746094,48.36294937133789,65.22256469726562
2012-03-27,13449.73046875,2835.920654296875,64.76361083984375,12.627301216125488,100.3736572265625,34.82754135131836,48.661537170410156,66.09451293945312
2012-03-28,13575.41015625,2797.015869140625,64.2177505493164,12.856293678283691,103.2813949584961,36.43590545654297,49.7464485168457,65.83293914794922
2012-03-29,13559.099609375,2787.481689453125,64.2177505493164,12.5521821975708,103.13978576660156,37.042842864990234,48.91633987426758,65.01251983642578
2012-03-30,13761.759765625,2817.2890625,64.85993194580078,12.63941764831543,107.1048812866211,37.55198669433594,49.63099670410156,66.45122528076172
2012-04-02,13663.3203125,2807.266845703125,64.85993194580078,12.372865676879883,106.71781921386719,37.09004211425781,49.163185119628906,65.21463775634766
2012-04-03,13700.4697265625,2793.21533203125,64.86634826660156,12.479486465454102,107.95453643798828,38.04091262817383,49.280635833740234,65.03230285644531
2012-04-04,13945.2998046875,2791.022216796875,64.85993194580078,12.358327865600586,110.81507110595703,39.61891555786133,49.82806396484375,66.61373901367188
2012-04-05,13831.4697265625,2736.38134765625,64.85993194580078,12.418910026550293,115.56376647949219,37.949859619140625,49.75041961669922,65.87257385253906
2012-04-06,,2801.006591796875,65.48283386230469,12.155987739562988,120.43517303466797,37.70707702636719,49.61506271362305,66.8277587890625
2012-04-09,13864.6796875,2856.567138671875,65.8874282836914,12.128122329711914,116.64944458007812,37.66999816894531,49.619041442871094,65.92408752441406
2012-04-10,13903.1201171875,2842.419921875,66.76078796386719,12.622452735900879,116.69664001464844,36.746116638183594,49.469749450683594,66.26099395751953
2012-04-11,13816.9599609375,2756.10986328125,66.33692932128906,12.652742385864258,117.38581848144531,37.4069938659668,48.93425750732422,65.84103393554688
2012-04-12,13693.740234375,2800.507080078125,65.46998596191406,12.527949333190918,113.74169921875,36.736019134521484,48.8207893371582,65.31311798095703
2012-04-13,13799.419921875,2759.68896484375,67.32815551757812,12.73392105102539,114.17598724365234,37.12712860107422,48.876522064208984,65.46513366699219
2012-04-16,13770.7001953125,2712.738037109375,69.51383209228516,13.353047370910645,119.87816619873047,36.80343246459961,48.79093551635742,65.74508666992188
2012-04-17,13764.2197265625,2740.670654296875,71.45889282226562,13.831632614135742,120.07642364501953,36.48648452758789,48.75111389160156,65.59307861328125
2012-04-18,13937.9501953125,2774.748291015625,73.10982513427734,14.522241592407227,125.24993896484375,36.911338806152344,49.54738998413086,66.50093841552734
2012-04-19,13929.4697265625,2735.849365234375,76.6055679321289,14.851800918579102,124.32475280761719,36.77309036254883,49.344337463378906,66.34896850585938
2012-04-20,13936.48046875,2724.825439453125,77.41434478759766,15.553317070007324,125.83525848388672,36.688804626464844,49.14726257324219,65.42112731933594
2012-04-23,14083.4404296875,2724.255615234375,76.58553314208984,16.32874298095703,129.9419708251953,37.17435073852539,50.31379699707031,65.46110534667969
2012-04-24,14132.58984375,2727.32861328125,76.12432098388672,17.08235740661621,126.11849212646484,39.011985778808594,50.301841735839844,65.40512084960938
2012-04-25,14217.740234375,2726.720458984375,77.5346450805664,16.09247589111328,125.87303924560547,39.4503288269043,50.48696517944336,67.18081665039062
2012-04-26,14066.08984375,2591.91845703125,76.86626434326172,16.125194549560547,120.16140747070312,38.36122131347656,50.07292938232422,66.85687255859375
2012-04-27,14042.76953125,2650.253173828125,76.02406311035156,16.780668258666992,123.18242645263672,38.24321746826172,49.75440979003906,66.76089477539062
2012-04-30,13990.3798828125,2632.4892578125,76.59889221191406,17.04722023010254,122.94641876220703,37.62955093383789,49.43789291381836,66.77688598632812
2012-05-01,,2632.4892578125,76.59889221191406,17.04722023010254,122.94641876220703,37.62955093383789,49.43789291381836,66.77688598632812
2012-05-02,14142.51953125,2658.901611328125,80.42884826660156,17.898977279663086,125.4387435913086,37.64302062988281,49.70663070678711,65.99702453613281
2012-05-03,14419.919921875,2717.825439453125,84.03153991699219,18.793136596679688,131.2259063720703,38.60399627685547,49.632991790771484,67.54876708984375
2012-05-04,14612.2802734375,2744.23681640625,86.67170715332031,18.78586769104004,125.67475128173828,39.70321273803711,50.77960205078125,68.26866912841797
2012-05-07,14617.9697265625,2672.768798828125,86.21720886230469,18.794347763061523,124.14537811279297,39.069313049316406,52.35220718383789,67.35282135009766
2012-05-08,14513.9599609375,2611.589599609375,83.88447570800781,18.573837280273438,124.66459655761719,38.49610137939453,53.817352294921875,66.67292022705078
2012-05-09,14613.58984375,2736.831298828125,81.95948028564453,18.824636459350586,125.63700866699219,38.873741149902344,52.35220718383789,66.44496154785156
2012-05-10,14420.1904296875,2644.33642578125,80.6761474609375,19.401355743408203,122.73870086669922,38.86024856567383,52.57715606689453,65.89303588867188
2012-05-11,14230.490234375,2635.777587890625,79.8072280883789,20.370637893676758,119.84983825683594,37.51152801513672,52.02973175048828,65.17716979980469
2012-05-14,14228.76953125,2635.46142578125,77.75521850585938,21.2042236328125,120.42572021484375,37.838600158691406,52.95139694213867,65.09317016601562
2012-05-15,14313.669921875,2589.853515625,77.55470275878906,21.98933982849121,122.446044921875,38.44215393066406,53.74766540527344,65.10916900634766
2012-05-16,14081.0703125,2536.998779296875,77.5346450805664,21.566486358642578,118.19772338867188,38.273555755615234,51.575870513916016,64.60124969482422
2012-05-17,14063.080078125,2550.460205078125,78.20307159423828,21.614953994750977,118.69808197021484,37.423858642578125,51.679378509521484,64.07733154296875
2012-05-18,13857.7802734375,2527.76708984375,77.5346450805664,22.051132202148438,114.72354125976562,36.77984619140625,50.403358459472656,63.30147171020508
2012-05-21,13875.740234375,2520.3486328125,77.48786926269531,21.131526947021484,115.25222778320312,36.92483139038086,50.34563064575195,64.1893310546875
2012-05-22,14142.080078125,2539.171142578125,79.50645446777344,21.421096801757812,121.01105499267578,37.84871292114258,51.55794143676758,65.37712860107422
2012-05-23,14032.8203125,2528.31201171875,78.20307159423828,21.324167251586914,118.71696472167969,37.76104736328125,50.56062698364258,64.43327331542969
2012-05-24,13936.919921875,2505.695556640625,78.1562728881836,22.02447509765625,120.90719604492188,37.76780319213867,51.01249694824219,64.32131958007812
2012-05-25,13925.0595703125,2476.29345703125,76.88630676269531,21.715518951416016,120.17083740234375,37.90266418457031,50.465065002441406,63.99735641479492
2012-05-28,,2424.1416015625,78.03595733642578,22.80110740661621,121.19042205810547,37.798133850097656,51.47831344604492,64.78922271728516
2012-05-29,14071.849609375,2515.096923828125,76.87294006347656,23.940013885498047,121.2942886352539,37.892539978027344,50.88821792602539,64.21732330322266
2012-05-30,13871.75,2457.092041015625,77.03335571289062,24.219892501831055,121.02993774414062,37.73069381713867,50.20142364501953,63.22547912597656
2012-05-31,13786.6201171875,2444.14208984375,76.91304779052734,23.87579917907715,119.22676849365234,35.49180603027344,49.60124588012695,63.01351547241211
2012-06-01,13876.9697265625,2439.07373046875,77.81537628173828,24.189607620239258,121.32258605957031,36.05152130126953,50.83785629272461,63.449424743652344
2012-06-04,13757.91015625,2439.03564453125,77.83541870117188,24.324092864990234,119.47223663330078,35.859336853027344,50.755287170410156,62.393619537353516
2012-06-05,13708.23046875,2534.197509765625,76.93309783935547,24.854774475097656,117.83898162841797,35.454715728759766,49.3011589050293,62.13765335083008
2012-06-06,13745.73046875,2577.024658203125,79.47972106933594,26.096660614013672,119.40614318847656,35.474952697753906,50.45116424560547,62.44160461425781
2012-06-07,13717.2998046875,2564.15087890625,76.64567565917969,26.274768829345703,118.71696472167969,35.306365966796875,49.52471160888672,63.05751419067383
2012-06-08,13558.7001953125,2560.805908203125,76.86626434326172,25.66290855407715,115.32775115966797,35.03322982788086,49.33942413330078,61.86570739746094
2012-06-11,13601.4599609375,2574.015380859375,77.5346450805664,24.477968215942383,117.44247436523438,35.13438415527344,49.74626159667969,61.813232421875
2012-06-12,13429.5595703125,2568.478515625,77.5346450805664,24.14962387084961,110.8056411743164,34.91859436035156,48.31026077270508,60.617820739746094
2012-06-13,13368.8896484375,2567.4833984375,77.02666473388672,23.99696159362793,109.24794006347656,35.029869079589844,47.387855529785156,59.62030029296875
2012-06-14,13656.2001953125,2544.41650390625,77.15367126464844,24.36407470703125,112.2311782836914,35.909908294677734,48.29615783691406,61.627437591552734
2012-06-15,13665.7998046875,2596.822509765625,76.89299774169922,24.183547973632812,110.52241516113281,36.1762809753418,47.37575912475586,61.175140380859375
2012-06-18,13754.1298828125,2597.45556640625,76.69916534423828,23.817646026611328,110.5601806640625,36.33138656616211,47.6134147644043,62.039344787597656
2012-06-19,13682.990234375,2568.5859375,76.69916534423828,23.747373580932617,110.46578216552734,36.44602584838867,47.55097961425781,62.11609649658203
2012-06-20,13667.1796875,2691.850830078125,77.49454498291016,24.53612518310547,108.23776245117188,36.62136459350586,47.254913330078125,61.54666519165039
2012-06-21,13600.599609375,2588.212158203125,76.86626434326172,24.47433090209961,106.84998321533203,36.21675491333008,47.176368713378906,61.72434616088867
2012-06-22,13730.8203125,2573.178466796875,76.86626434326172,24.10842514038086,107.92623138427734,36.260581970214844,47.472442626953125,63.283233642578125
2012-06-25,13642.1904296875,2530.941650390625,77.86886596679688,24.10842514038086,106.87831115722656,36.48312759399414,47.007198333740234,63.162052154541016
2012-06-26,13656.0400390625,2535.503173828125,80.06790161132812,24.228374481201172,107.27481842041016,36.584266662597656,47.46841049194336,63.687076568603516
2012-06-27,13799.1201171875,2577.765869140625,80.1614761352539,23.64681053161621,108.8797378540039,37.0057487487793,47.891353607177734,64.50283813476562
2012-06-28,13805.419921875,2587.470947265625,83.37650299072266,23.66498374938965,110.26752471923828,37.41038131713867,47.883296966552734,64.17975616455078
2012-06-29,13801.41015625,2543.510986328125,79.57330322265625,23.65044403076172,108.9364013671875,38.047645568847656,47.49861526489258,64.79360961914062
2012-07-02,14142.919921875,2582.33984375,82.21348571777344,23.262727737426758,113.27911376953125,38.44215393066406,48.53583908081055,67.60843658447266
2012-07-03,14200.7900390625,2570.93603515625,81.712158203125,23.084627151489258,113.48680877685547,38.45562744140625,48.22365951538086,68.57365417480469
2012-07-04,,2579.98291015625,82.82171630859375,23.02040672302246,113.46793365478516,38.27693176269531,48.26797103881836,68.34751892089844
2012-07-05,14170.91015625,2579.98291015625,83.14254760742188,22.36614418029785,113.5528793334961,38.169029235839844,48.388824462890625,67.79827880859375
2012-07-06,14310.1796875,2608.041748046875,84.17189025878906,22.778091430664062,115.45047760009766,38.590511322021484,49.27297592163086,68.45250701904297
2012-07-09,14379.5400390625,2597.45556640625,83.5502700805664,23.44447135925293,117.0931625366211,38.550045013427734,49.150108337402344,69.36520385742188
2012-07-10,14374.330078125,2576.644287109375,81.12397003173828,23.408123016357422,117.46134948730469,38.19599914550781,49.4219970703125,68.79175567626953
2012-07-11,14380.4599609375,2542.022705078125,80.3954086303711,23.383888244628906,116.99876403808594,38.09822082519531,49.27699661254883,68.8523178100586
2012-07-12,14401.740234375,2629.1318359375,82.86849975585938,24.42586898803711,119.6610336303711,38.118446350097656,49.26691436767578,68.69078826904297
2012-07-13,14332.2900390625,2619.628662109375,84.6932373046875,25.286104202270508,118.83969116210938,37.97010803222656,49.04739761352539,68.1617431640625
2012-07-16,14384.580078125,2608.225341796875,88.92423248291016,24.837820053100586,119.5477294921875,38.34437942504883,49.01314926147461,67.8951644897461
2012-07-17,14445.2802734375,2591.33544921875,89.17153930664062,25.151611328125,121.5491714477539,38.76921844482422,49.07156753540039,67.76599884033203
2012-07-18,14596.58984375,2597.45556640625,93.6297836303711,25.074071884155273,121.87015533447266,38.94116973876953,49.12593078613281,68.9088363647461
2012-07-19,14568.2099609375,2609.58056640625,97.90087127685547,25.676240921020508,122.23835754394531,38.7725944519043,49.039337158203125,68.52114868164062
2012-07-20,14564.48046875,2534.10302734375,100.21353149414062,25.937946319580078,121.55860900878906,38.78608322143555,48.8882942199707,69.46211242675781
2012-07-23,14527.25,2534.10302734375,100.17343139648438,25.444822311401367,121.38867950439453,38.77595138549805,48.602298736572266,68.48885345458984
2012-07-24,14512.0703125,2534.10302734375,97.68696594238281,24.704532623291016,121.39812469482422,38.18587875366211,48.541873931884766,68.56558227539062
2012-07-25,14564.6796875,2591.848388671875,101.26294708251953,24.534912109375,123.05024719238281,38.60737228393555,49.32129669189453,68.84423828125
2012-07-26,14553.2900390625,2591.848388671875,105.08622741699219,25.76105308532715,121.68135070800781,38.627601623535156,49.14204406738281,68.67057037353516
2012-07-27,14526.41015625,2591.848388671875,110.33985900878906,27.04898452758789,122.05897521972656,38.50621032714844,49.3938102722168,68.2182846069336
2012-07-30,14511.5400390625,2588.21875,114.59757232666016,28.401126861572266,121.31314849853516,38.192630767822266,49.361576080322266,67.62864685058594
2012-07-31,14577.0,2597.45556640625,110.92133331298828,27.868030548095703,117.54631042480469,38.4623908996582,49.70396041870117,67.64481353759766
2012-08-01,14716.8603515625,2597.45556640625,114.63099670410156,28.351455688476562,120.69950866699219,39.254756927490234,49.3817253112793,68.84017944335938
2012-08-02,14730.669921875,2597.45556640625,118.98896026611328,27.806236267089844,120.57678985595703,39.10641098022461,49.58111572265625,68.68270111083984
2012-08-03,14676.4296875,2597.45556640625,121.48209381103516,27.866809844970703,120.104736328125,39.291847229003906,49.15414047241211,68.73114776611328
2012-08-06,14673.76953125,2597.45556640625,125.49254608154297,27.854700088500977,120.3218765258789,40.232574462890625,49.2286491394043,69.13094329833984
2012-08-07,14672.240234375,2597.45556640625,128.33323669433594,27.25253677368164,119.6327133178711,40.48546600341797,48.7835578918457,69.44597625732422
2012-08-08,14744.1396484375,2597.45556640625,127.77845764160156,27.830469131469727,121.5491714477539,39.52112579345703,48.692928314208984,69.16731262207031
2012-08-09,14759.58984375,2591.12060546875,127.73170471191406,27.01869773864746,119.84983825683594,40.02353286743164,50.412899017333984,68.54541015625
2012-08-10,14761.490234375,2660.802490234375,126.82933044433594,26.7763729095459,119.72711181640625,39.743675231933594,51.49844741821289,68.68270111083984
2012-08-13,14911.9697265625,2660.802490234375,129.01499938964844,26.897533416748047,121.31314849853516,38.371341705322266,51.103702545166016,69.45405578613281
2012-08-14,,2660.802490234375,129.01499938964844,26.897533416748047,121.31314849853516,38.371341705322266,51.103702545166016,69.45405578613281
2012-08-15,14970.919921875,2660.802490234375,131.73538208007812,26.291732788085938,121.87960052490234,38.796199798583984,50.97078323364258,70.07192993164062
2012-08-16,15000.080078125,2660.802490234375,127.66481018066406,26.655210494995117,121.68135070800781,38.72875213623047,50.785484313964844,70.66559600830078
2012-08-17,,2660.802490234375,127.66481018066406,26.655210494995117,121.68135070800781,38.72875213623047,50.785484313964844,70.66559600830078
2012-08-20,,2660.802490234375,127.66481018066406,26.655210494995117,121.68135070800781,38.72875213623047,50.785484313964844,70.66559600830078
2012-08-21,,2660.802490234375,127.66481018066406,26.655210494995117,121.68135070800781,38.72875213623047,50.785484313964844,70.66559600830078
2012-08-22,,2660.802490234375,127.66481018066406,26.655210494995117,121.68135070800781,38.72875213623047,50.785484313964844,70.66559600830078
2012-08-23,15080.5498046875,2660.807861328125,126.9964370727539,26.64310073852539,125.89192199707031,39.21430587768555,50.688819885253906,71.58232879638672
2012-08-24,15039.1796875,2597.45556640625,131.31431579589844,26.194807052612305,124.19258117675781,39.35929489135742,50.12288284301758,70.82713317871094
2012-08-27,15171.66015625,2578.449951171875,129.46951293945312,26.922975540161133,126.11849212646484,40.20396041870117,50.831825256347656,71.15426635742188
2012-08-28,15234.48046875,2536.003662109375,135.93963623046875,27.309471130371094,128.48809814453125,39.936309814453125,50.92042922973633,72.24870300292969
2012-08-29,15151.3095703125,2565.779296875,142.7305145263672,26.927825927734375,126.8642807006836,39.818115234375,50.97078323364258,70.46770477294922
2012-08-30,15253.7099609375,2565.779296875,147.20802307128906,27.13985252380371,129.19613647460938,39.95022201538086,52.02210235595703,71.38040924072266
2012-08-31,15391.580078125,2534.10302734375,145.05747985839844,28.496845245361328,127.68562316894531,39.967586517333984,52.26378631591797,72.3819580078125
2012-09-03,,2534.10302734375,142.51341247558594,29.788410186767578,127.33633422851562,39.88068771362305,51.63340377807617,72.27290344238281
2012-09-04,15388.1298828125,2534.10302734375,137.41175842285156,31.277463912963867,126.8642807006836,39.73817443847656,51.216487884521484,71.62675476074219
2012-09-05,15293.3896484375,2534.10302734375,135.65472412109375,32.84041976928711,126.78877258300781,39.61997604370117,52.74513244628906,70.80290985107422
2012-09-06,15188.5302734375,2534.10302734375,138.0562744140625,31.82026481628418,124.7684555053711,39.27238082885742,51.299068450927734,70.06787872314453
2012-09-07,15253.9501953125,2534.10302734375,135.86502075195312,31.50160789489746,125.37264251708984,38.95258712768555,52.31412887573242,69.98308563232422
2012-09-10,15240.1904296875,2644.969970703125,135.6750946044922,30.138565063476562,123.89990997314453,38.70578384399414,51.77035140991211,70.01134490966797
2012-09-11,15214.01953125,2644.969970703125,140.9870147705078,31.448305130004883,123.27682495117188,38.598045349121094,52.614227294921875,69.37730407714844
2012-09-12,15278.48046875,2644.969970703125,133.94512939453125,30.53354835510254,125.70307159423828,38.58413314819336,52.73103332519531,70.61310577392578
2012-09-13,15306.509765625,2644.969970703125,134.17576599121094,30.560195922851562,126.69434356689453,38.11139678955078,52.60416030883789,71.39656829833984
2012-09-14,15449.599609375,2644.969970703125,136.27886962890625,32.08803176879883,126.00518035888672,37.3709831237793,52.38865661621094,73.50061798095703
2012-09-17,15398.6796875,2597.45556640625,134.49464416503906,30.538387298583984,124.30584716796875,37.22499465942383,52.30204772949219,73.0927505493164
2012-09-18,15517.1904296875,2597.45556640625,133.98582458496094,30.771020889282227,124.92894744873047,37.537841796875,53.91130447387695,73.37541961669922
2012-09-19,15588.66015625,2597.45556640625,129.57615661621094,31.01697540283203,124.68348693847656,37.73945617675781,53.657020568847656,73.92869567871094
2012-09-20,15452.6396484375,2629.1318359375,128.19898986816406,31.281103134155273,123.40899658203125,37.416175842285156,53.00174331665039,72.76155853271484
2012-09-21,,2629.1318359375,128.19898986816406,31.281103134155273,123.40899658203125,37.416175842285156,53.00174331665039,72.76155853271484
2012-09-24,15375.51953125,2629.1318359375,129.8746795654297,31.01697540283203,124.52298736572266,36.98862838745117,52.370914459228516,72.26887512207031
2012-09-25,15373.4599609375,2629.1318359375,131.97097778320312,30.411170959472656,125.5709228515625,37.16243362426758,52.366024017333984,72.20829772949219
2012-09-26,15399.419921875,2660.807861328125,131.77420043945312,30.290014266967773,124.96670532226562,37.01642990112305,52.31222915649414,72.72920227050781
2012-09-27,15357.58984375,2660.807861328125,136.7401580810547,31.135711669921875,125.11774444580078,37.36750793457031,53.300048828125,72.22881317138672
2012-09-28,15444.8203125,2660.807861328125,143.57174682617188,30.208839416503906,125.69367218017578,37.09291076660156,53.66435623168945,73.82431030273438
2012-10-01,15559.9404296875,2793.848876953125,141.78753662109375,31.622772216796875,127.17584228515625,37.176334381103516,53.46874237060547,74.14423370361328
2012-10-02,15648.2900390625,2803.358154296875,140.60031127929688,32.34973907470703,126.36394500732422,37.4717903137207,54.49812698364258,76.28938293457031
2012-10-03,15712.2099609375,2943.525390625,140.26109313964844,33.84242630004883,126.82652282714844,37.10332107543945,53.95288848876953,74.2755126953125
2012-10-04,15788.9599609375,3040.92333984375,137.71707153320312,35.5338249206543,128.48809814453125,37.10332107543945,53.95288848876953,74.2755126953125
2012-10-05,15754.3896484375,3192.970458984375,136.72657775878906,37.310028076171875,127.65731048583984,37.06857681274414,53.94310760498047,73.4223861694336
2012-10-08,15652.009765625,3192.970458984375,136.72657775878906,36.348018646240234,127.65731048583984,37.71510696411133,53.94310760498047,73.4223861694336
2012-10-09,15688.240234375,3167.629638671875,135.68182373046875,35.927581787109375,126.32616424560547,37.36402893066406,53.358726501464844,72.17958068847656
2012-10-10,15753.8203125,3326.010986328125,140.980224609375,33.956321716308594,133.0102081298828,37.22846221923828,53.52743911743164,72.42570495605469
2012-10-11,15845.2998046875,3459.051513671875,145.31527709960938,33.045188903808594,130.064697265625,37.256282806396484,53.322044372558594,72.97940063476562
2012-10-12,15698.3603515625,3341.3974609375,142.71017456054688,33.72160339355469,130.08355712890625,37.134613037109375,52.79877853393555,72.42980194091797
2012-10-15,15746.900390625,3484.39111328125,149.3585968017578,35.344512939453125,129.02621459960938,37.176334381103516,52.229095458984375,72.1426773071289
2012-10-16,15674.2998046875,3357.686279296875,142.5677032470703,36.85838317871094,125.15934753417969,36.76614761352539,51.92101287841797,72.22058868408203
2012-10-17,15654.6201171875,3386.828125,142.7915496826172,38.56428909301758,125.24507141113281,36.82523727416992,51.74254608154297,72.04833221435547
2012-10-18,15679.1904296875,3217.4873046875,142.58131408691406,40.4919548034668,129.99771118164062,36.748779296875,51.61539077758789,71.65458679199219
2012-10-19,15792.75,3167.629638671875,142.92047119140625,42.459251403808594,134.28366088867188,36.561073303222656,51.534706115722656,71.88838958740234
2012-10-22,15848.6298828125,3167.629638671875,142.54055786132812,44.58140563964844,133.51219177246094,36.59583282470703,51.620277404785156,72.90148162841797
2012-10-23,15853.83984375,3167.629638671875,142.58131408691406,42.35270309448242,132.70262145996094,36.91563415527344,51.50292205810547,72.58975219726562
2012-10-24,15865.5302734375,3167.629638671875,142.49989318847656,41.12996292114258,132.49307250976562,36.98167037963867,51.287750244140625,73.93094635009766
2012-10-25,15812.7197265625,3167.629638671875,142.46592712402344,41.3839225769043,132.2263946533203,36.82872009277344,50.996795654296875,73.04912567138672
2012-10-26,,3167.629638671875,142.46592712402344,41.3839225769043,132.2263946533203,36.82872009277344,50.996795654296875,73.04912567138672
2012-10-29,,3167.629638671875,142.46592712402344,41.3839225769043,132.2263946533203,36.82872009277344,50.996795654296875,73.04912567138672
2012-10-30,,3040.92333984375,144.50115966796875,42.47039031982422,132.45498657226562,37.01990509033203,51.65206527709961,73.04912567138672
2012-10-31,15910.1103515625,3040.92333984375,142.64231872558594,40.34823226928711,137.53146362304688,36.748779296875,51.54448699951172,74.67337036132812
2012-11-01,15962.3701171875,3040.92333984375,145.9258575439453,40.13888168334961,139.00770568847656,36.75225830078125,51.61539077758789,75.28040313720703
2012-11-02,16101.5498046875,3040.92333984375,147.52688598632812,39.20353698730469,136.11231994628906,36.72443771362305,52.38313293457031,76.14582824707031
2012-11-05,16156.3603515625,3040.92333984375,149.26361083984375,38.71419143676758,134.6170196533203,36.86696243286133,52.510276794433594,76.49443817138672
2012-11-06,16051.1396484375,2888.877685546875,151.76693725585938,37.153228759765625,133.7502899169922,36.81132888793945,52.339134216308594,76.56824493408203
2012-11-07,16218.009765625,2977.56591796875,153.0152130126953,36.26001739501953,133.29310607910156,36.776588439941406,52.56897735595703,76.69952392578125
2012-11-08,16243.26953125,2977.56591796875,153.0152130126953,36.26001739501953,133.29310607910156,36.776588439941406,52.56897735595703,76.69952392578125
2012-11-09,,2977.56591796875,153.0152130126953,36.26001739501953,133.29310607910156,36.776588439941406,52.56897735595703,76.69952392578125
2012-11-12,16213.6796875,2976.936767578125,154.16851806640625,36.38761901855469,133.8074493408203,37.29450988769531,53.038429260253906,77.87258911132812
2012-11-13,16129.7197265625,2976.936767578125,154.17532348632812,36.21541976928711,132.70262145996094,38.236515045166016,52.96996307373047,77.51983642578125
2012-11-14,16120.51953125,2976.936767578125,153.78860473632812,35.970130920410156,133.0074005126953,37.350128173828125,52.68876266479492,77.40091705322266
2012-11-15,16143.0703125,2976.936767578125,153.53759765625,36.678749084472656,133.34075927734375,38.54936599731445,53.143550872802734,77.117919921875
2012-11-16,16197.740234375,2976.936767578125,153.32046508789062,36.42230987548828,135.9123077392578,38.00014877319336,52.857486724853516,77.04816436767578
2012-11-19,16251.3798828125,2976.936767578125,153.80213928222656,36.67007827758789,136.045654296875,37.975830078125,53.043304443359375,77.47882080078125
2012-11-20,16251.7900390625,2976.936767578125,153.80213928222656,36.67007827758789,136.045654296875,37.975830078125,53.043304443359375,77.47882080078125
2012-11-21,16256.9697265625,2976.936767578125,153.9242706298828,36.236488342285156,134.64556884765625,37.99319076538086,53.0555305480957,77.02764129638672
2012-11-22,,2976.936767578125,155.35574340820312,35.67155838012695,135.255126953125,37.802005767822266,53.004188537597656,76.87593078613281
2012-11-23,16237.58984375,2976.936767578125,153.3272705078125,35.07815170288086,135.08367919921875,37.82635498046875,52.801246643066406,76.39191436767578
2012-11-26,16270.48046875,2976.936767578125,153.4019012451172,35.18345642089844,134.92178344726562,37.5100212097168,53.302486419677734,76.70773315429688
2012-11-27,16364.76953125,2976.936767578125,153.32046508789062,34.99143981933594,137.54098510742188,37.81939697265625,55.12651443481445,77.42550659179688
2012-11-28,16424.029296875,3104.27587890625,153.32046508789062,36.740699768066406,136.3028106689453,37.65603256225586,54.874664306640625,77.07688903808594
2012-11-29,16527.080078125,3104.27587890625,152.30287170410156,36.92529296875,137.63621520996094,38.37556838989258,54.71083450317383,76.72415161132812
2012-11-30,16573.859375,2952.230224609375,152.42498779296875,36.917850494384766,137.1123809814453,38.931724548339844,55.20231246948242,76.95381927490234
2012-12-03,16537.98046875,2802.084716796875,152.42498779296875,36.781578063964844,137.16001892089844,38.74749755859375,55.368568420410156,76.56010437011719
2012-12-04,16650.150390625,2802.084716796875,152.42498779296875,36.781578063964844,137.16001892089844,38.74749755859375,55.368568420410156,76.56010437011719
2012-12-05,16675.69921875,2802.084716796875,153.99888610839844,36.21046447753906,136.86476135253906,39.4739990234375,56.30501937866211,77.51576232910156
2012-12-06,16824.55078125,2802.084716796875,154.14817810058594,34.976566314697266,141.05548095703125,40.46120834350586,56.34660720825195,77.17529296875
2012-12-07,16807.91015625,3040.92333984375,154.33810424804688,34.28528594970703,139.24583435058594,41.017356872558594,56.58865737915039,78.0325698852539
2012-12-10,16787.5390625,3066.26513671875,153.88356018066406,34.1923713684082,137.73147583007812,40.697566986083984,56.481082916259766,77.52393341064453
2012-12-11,16701.689453125,3040.92333984375,154.46701049804688,32.96095657348633,136.68377685546875,40.506378173828125,56.00429153442383,77.74954986572266
2012-12-12,16744.599609375,3104.27587890625,153.65968322753906,33.786033630371094,139.24583435058594,40.374290466308594,55.87714767456055,78.65615844726562
2012-12-13,16806.580078125,3104.27587890625,154.6773223876953,35.15248489379883,140.67449951171875,40.238712310791016,56.561771392822266,78.43260955810547
2012-12-14,16845.08984375,2978.204345703125,152.70993041992188,34.908424377441406,141.91265869140625,40.66975784301758,56.58865737915039,78.41190338134766
2012-12-17,16801.01953125,3072.599853515625,153.99888610839844,34.20477294921875,141.50311279296875,40.655845642089844,56.46639633178711,77.8116226196289
2012-12-18,16858.6796875,2918.969970703125,153.9446258544922,34.17749786376953,141.3507080078125,41.23982238769531,56.34414291381836,78.49056243896484
2012-12-19,16869.830078125,2933.857421875,154.06674194335938,34.100704193115234,141.10308837890625,41.132076263427734,57.43464660644531,78.47399139404297
2012-12-20,16908.01953125,2933.857421875,152.64210510253906,34.08087921142578,141.24594116210938,41.06602096557617,57.31729507446289,78.72239685058594
2012-12-21,16865.33984375,2945.894775390625,152.64889526367188,35.7843017578125,141.68408203125,40.97565841674805,56.8991813659668,78.35808563232422
2012-12-24,16891.939453125,2945.894775390625,153.65968322753906,34.68791198730469,142.70318603515625,40.961734771728516,56.754920959472656,79.10324096679688
2012-12-25,,2945.894775390625,153.65968322753906,34.68791198730469,142.70318603515625,40.961734771728516,56.754920959472656,79.10324096679688
2012-12-26,16927.33984375,2945.894775390625,153.32046508789062,34.68791198730469,141.57928466796875,40.989540100097656,56.706024169921875,79.98088073730469
2012-12-27,16892.3203125,3104.27587890625,153.86322021484375,35.15248489379883,142.03648376464844,40.8922233581543,56.302581787109375,79.96017456054688
2012-12-28,16943.189453125,3104.27587890625,153.6257781982422,36.6329231262207,142.6746063232422,41.04168701171875,56.676673889160156,79.79873657226562
2012-12-31,16905.330078125,2977.5712890625,158.7477569580078,35.79545211791992,146.99864196777344,40.95130157470703,56.77693557739258,79.73666381835938
2013-01-01,,2977.5712890625,154.77227783203125,35.32096862792969,143.236572265625,40.95130157470703,56.45418167114258,79.45098876953125
2013-01-02,16489.990234375,2939.55908203125,147.0384521484375,35.123992919921875,140.23635864257812,40.87831115722656,55.53238296508789,79.4427261352539
2013-01-03,16588.5390625,2914.2177734375,147.0384521484375,35.738460540771484,140.56021118164062,40.148345947265625,55.251216888427734,78.1097183227539
2013-01-04,16648.83984375,2914.2177734375,147.0384521484375,35.69138717651367,140.50303649902344,39.967586517333984,55.23165512084961,78.24630737304688
2013-01-07,16502.650390625,2914.2177734375,144.51473999023438,35.307334899902344,140.48397827148438,39.63388442993164,55.138736724853516,77.62120819091797
2013-01-08,16645.759765625,2914.2177734375,144.51473999023438,34.303871154785156,140.11253356933594,39.88068771362305,54.78175735473633,78.40774536132812
2013-01-09,16742.220703125,2914.2177734375,144.50115966796875,34.68791198730469,143.7222900390625,39.96064758300781,55.15829086303711,79.2978286743164
2013-01-10,16529.919921875,2914.2177734375,136.78765869140625,34.07592010498047,141.96029663085938,39.585227966308594,54.68151092529297,79.07424926757812
2013-01-11,16634.7109375,2914.2177734375,140.4307098388672,34.06849670410156,143.08413696289062,39.623470306396484,54.55681228637695,78.65615844726562
2013-01-14,16633.1796875,3025.085693359375,136.78765869140625,34.1923713684082,144.7318572998047,39.585227966308594,54.7597541809082,78.2214584350586
2013-01-15,16107.8896484375,2882.54248046875,134.4810791015625,33.2508430480957,144.62710571289062,38.35820388793945,53.00907897949219,76.15157318115234
2013-01-16,16181.4697265625,2882.54248046875,141.20407104492188,32.45798110961914,139.94113159179688,38.64323806762695,53.128883361816406,76.81391906738281
2013-01-17,16291.08984375,2882.54248046875,139.75228881835938,34.06849670410156,139.7220458984375,39.62693786621094,53.505428314208984,76.27576446533203
2013-01-18,16601.76953125,2882.54248046875,138.39549255371094,35.17106246948242,144.3889617919922,39.974544525146484,54.76952362060547,78.24214935302734
2013-01-21,,2854.032958984375,145.8579864501953,34.76225280761719,143.90321350097656,40.21786880493164,54.46388626098633,77.62120819091797
2013-01-22,16894.08984375,2914.2177734375,143.1443634033203,34.811805725097656,146.16050720214844,40.7462272644043,54.9308967590332,78.56922912597656
2013-01-23,16908.669921875,3059.928955078125,143.1443634033203,34.68791198730469,145.40806579589844,40.6662712097168,55.503047943115234,78.75552368164062
2013-01-24,17056.359375,3040.92333984375,143.82276916503906,34.57021713256836,147.62722778320312,40.673213958740234,55.040931701660156,80.0015869140625
2013-01-25,,3040.92333984375,143.82276916503906,34.57021713256836,147.62722778320312,40.673213958740234,55.040931701660156,80.0015869140625
2013-01-28,17004.990234375,3040.92333984375,145.17959594726562,34.93568801879883,145.9700164794922,40.73927307128906,55.00425338745117,78.9004135131836
2013-01-29,17172.0390625,3009.24658203125,147.89321899414062,34.811805725097656,148.4463348388672,41.02082443237305,56.163211822509766,80.05955505371094
2013-01-30,17205.26953125,3122.28662109375,145.8579864501953,34.915870666503906,147.76060485839844,41.22591781616211,56.7353630065918,80.31207275390625
2013-01-31,17242.740234375,3149.890625,145.2474365234375,34.811805725097656,149.98927307128906,41.24330520629883,56.60334396362305,80.32449340820312
2013-02-01,17266.23046875,3149.890625,145.199951171875,34.87375259399414,150.0940704345703,41.045169830322266,56.082515716552734,80.2789535522461
2013-02-04,17288.0703125,3111.5615234375,145.17959594726562,34.57021713256836,149.73214721679688,41.43449401855469,55.96028518676758,80.19203186035156
2013-02-05,,3111.5615234375,145.17959594726562,34.57021713256836,149.73214721679688,41.43449401855469,55.96028518676758,80.19203186035156
2013-02-06,17408.51953125,2978.204345703125,149.25003051757812,34.33855438232422,150.9131622314453,41.36497497558594,56.155879974365234,80.53557586669922
2013-02-07,17383.3203125,3107.444091796875,154.33810424804688,34.1923713684082,150.0940704345703,40.763607025146484,55.838016510009766,80.30792999267578
2013-02-08,17477.939453125,3135.952392578125,153.32046508789062,34.31626510620117,149.61781311035156,40.89570999145508,56.42728805541992,80.92889404296875
2013-02-11,17548.5390625,3135.952392578125,149.4875030517578,35.43122482299805,150.19883728027344,40.6662712097168,56.2439079284668,82.27845764160156
2013-02-12,17611.400390625,3326.010986328125,149.92845153808594,36.719635009765625,151.6846160888672,40.82270431518555,57.366188049316406,82.19982147216797
2013-02-13,17696.44921875,3139.12109375,153.34762573242188,38.23598861694336,151.96083068847656,40.7740364074707,56.945648193359375,83.8598861694336
2013-02-14,17765.8203125,3139.12109375,152.64210510253906,40.14507293701172,154.14190673828125,40.61066436767578,57.7769660949707,84.46843719482422
2013-02-15,17797.220703125,3139.12109375,149.25003051757812,42.15201187133789,155.18003845214844,40.645416259765625,57.495784759521484,86.23197937011719
2013-02-18,,3139.12109375,149.25677490234375,40.4324836730957,157.15158081054688,40.56548309326172,57.65226745605469,86.17816162109375
2013-02-19,17817.7109375,3040.929443359375,150.2676239013672,40.88218688964844,156.53250122070312,40.4890022277832,57.366188049316406,85.93804931640625
2013-02-20,17947.0703125,3104.27587890625,149.25003051757812,40.26276779174805,161.6661376953125,40.4681396484375,57.872318267822266,86.530029296875
2013-02-21,17921.01953125,3104.27587890625,149.25003051757812,39.64332962036133,159.26602172851562,40.57591247558594,60.39319610595703,85.65653991699219
2013-02-22,18074.26953125,3104.27587890625,149.25003051757812,39.02390670776367,160.40892028808594,40.50291061401367,59.16576385498047,85.85523986816406
2013-02-25,18020.5,3104.27587890625,147.74395751953125,40.97509765625,157.9326171875,40.38472366333008,59.351593017578125,85.205322265625
2013-02-26,17894.890625,3251.14013671875,148.5308837890625,40.55264663696289,156.00865173339844,40.22480773925781,59.185325622558594,84.45601654052734
2013-02-27,18080.900390625,3167.629638671875,148.5308837890625,40.26276779174805,157.3992156982422,40.22480773925781,60.13645553588867,85.80970001220703
2013-02-28,18173.669921875,3167.629638671875,150.23374938964844,40.13888168334961,156.93251037597656,40.3812370300293,59.41028594970703,87.34974670410156
2013-03-01,18185.189453125,3167.629638671875,142.19459533691406,40.076927185058594,159.29457092285156,40.01974105834961,60.637699127197266,85.80561065673828
2013-03-04,18133.130859375,3167.629638671875,143.50390625,39.64332962036133,158.86598205566406,40.120540618896484,60.69881820678711,85.36261749267578
2013-03-05,18035.970703125,3167.629638671875,142.46592712402344,39.64332962036133,157.3420867919922,39.88416290283203,60.68170928955078,84.38146209716797
2013-03-06,18000.44921875,3151.790283203125,142.46592712402344,39.02390670776367,157.40875244140625,39.804222106933594,60.36627197265625,85.09770202636719
2013-03-07,17992.91015625,3151.790283203125,142.46592712402344,38.52836990356445,160.24703979492188,39.800750732421875,60.3149528503418,84.12899780273438
2013-03-08,17964.1796875,3167.629638671875,142.45237731933594,38.52836990356445,157.25634765625,39.55393600463867,60.84309005737305,84.83273315429688
2013-03-11,17522.560546875,3167.629638671875,138.39549255371094,36.84598922729492,153.44664001464844,39.296722412109375,59.561851501464844,82.30744934082031
2013-03-12,17872.849609375,3167.629638671875,138.39549255371094,38.37350082397461,156.2467803955078,39.71036911010742,60.45430374145508,84.45187377929688
2013-03-13,17760.439453125,3326.010986328125,141.9028778076172,38.28059005737305,153.5894775390625,39.62693786621094,59.9873046875,81.98042297363281
2013-03-14,17740.689453125,3167.629638671875,142.2827606201172,39.02390670776367,153.35137939453125,39.31757354736328,61.6893424987793,81.68646240234375
2013-03-15,17664.830078125,3167.629638671875,141.04129028320312,39.46238327026367,153.31329345703125,39.422096252441406,61.1992301940918,81.68646240234375
2013-03-18,17492.0,3167.629638671875,141.83502197265625,38.33488464355469,156.71347045898438,38.789527893066406,60.349693298339844,82.63449096679688
2013-03-19,17693.369140625,3167.629638671875,142.0588836669922,37.58321762084961,158.3040008544922,38.36383056640625,60.456642150878906,82.80836486816406
2013-03-20,17753.970703125,3212.606201171875,143.8159637451172,37.95904541015625,161.4375457763672,38.184814453125,60.792301177978516,82.82489776611328
2013-03-21,17913.619140625,3212.606201171875,143.8159637451172,37.58321762084961,162.77096557617188,38.49116134643555,61.003196716308594,84.86585235595703
2013-03-22,17963.109375,3212.606201171875,143.8159637451172,38.209598541259766,161.6661376953125,38.25244140625,60.81901168823242,84.19105529785156
2013-03-25,17961.91015625,3212.606201171875,141.65184020996094,38.209598541259766,162.14236450195312,38.88898468017578,60.59029006958008,84.51811981201172
2013-03-26,17872.150390625,3212.606201171875,141.78753662109375,38.08432388305664,162.10423278808594,38.13308334350586,59.975406646728516,83.12715911865234
2013-03-27,17897.900390625,3373.236328125,141.78753662109375,37.833770751953125,158.7230987548828,38.43147277832031,60.12394332885742,83.71497344970703
2013-03-28,17947.759765625,3533.223388671875,140.76988220214844,38.25469970703125,159.0850372314453,38.43147277832031,60.20414733886719,83.8143539428711
2013-03-29,,3709.884521484375,141.78753662109375,38.27223587036133,159.618408203125,38.39566421508789,60.33781433105469,84.42703247070312
2013-04-01,18272.109375,3709.884521484375,147.32333374023438,40.185218811035156,160.67559814453125,38.61448287963867,60.78338623046875,84.6712646484375
2013-04-02,18345.740234375,3709.884521484375,147.21482849121094,42.19342041015625,162.86622619628906,38.56275939941406,60.542781829833984,84.01717376708984
2013-04-03,18575.880859375,3895.373291015625,149.92845153808594,44.30309295654297,162.22805786132812,38.64232635498047,60.61406326293945,85.27570343017578
2013-04-04,18613.439453125,3919.3779296875,150.60687255859375,46.51799774169922,161.83755493164062,38.566741943359375,60.33187484741211,84.92383575439453
2013-04-05,18636.029296875,3919.3779296875,156.03414916992188,45.94923400878906,161.50424194335938,38.582637786865234,60.01404571533203,84.65057373046875
2013-04-08,18653.060546875,3919.3779296875,152.64889526367188,45.507015228271484,163.34242248535156,38.371803283691406,60.2991828918457,85.27983856201172
2013-04-09,18713.609375,3919.3779296875,160.28094482421875,45.03721237182617,166.5711669921875,38.248477935791016,59.6754150390625,85.23429870605469
2013-04-10,18723.349609375,3919.3779296875,160.10459899902344,45.15748596191406,167.86648559570312,38.31211471557617,59.43183517456055,84.98175811767578
2013-04-11,18764.55078125,3887.251708984375,156.04769897460938,44.849300384521484,166.08543395996094,38.292236328125,59.256591796875,85.18875885009766
2013-04-12,18714.279296875,3932.755859375,150.5450897216797,44.348201751708984,166.52354431152344,38.129112243652344,59.10211944580078,84.99419403076172
2013-04-15,18524.5,3932.755859375,155.19155883789062,42.78221893310547,166.19020080566406,36.450218200683594,58.07139587402344,85.0025405883789
2013-04-16,18361.869140625,3932.755859375,160.17636108398438,41.717376708984375,166.50450134277344,36.20355224609375,56.021820068359375,84.82276916503906
2013-04-17,18394.119140625,3932.755859375,160.17636108398438,41.59209442138672,164.00909423828125,35.75399398803711,54.85445022583008,84.6513900756836
2013-04-18,18614.359375,3932.755859375,168.18524169921875,43.67169952392578,165.8759002685547,36.60139465332031,56.20005798339844,85.30772399902344
2013-04-19,18631.2109375,3932.755859375,176.59445190429688,43.84708023071289,163.80911254882812,35.801753997802734,56.024784088134766,85.44151306152344
2013-04-22,18605.55078125,3932.755859375,185.03134155273438,43.84708023071289,162.7899932861328,35.730125427246094,58.82588195800781,85.6296157836914
2013-04-23,18647.2890625,3916.503662109375,179.03163146972656,43.822025299072266,163.20909118652344,35.773895263671875,58.733795166015625,84.96073913574219
2013-04-24,18779.66015625,4030.261474609375,174.744140625,43.696746826171875,163.71385192871094,35.81764602661133,58.92390441894531,85.08617401123047
2013-04-25,18885.599609375,4231.7744140625,178.0650634765625,44.34694290161133,166.67591857910156,35.805721282958984,60.25465393066406,84.67646026611328
2013-04-26,18917.7109375,4231.7744140625,184.03713989257812,44.47346878051758,165.7425537109375,35.75399398803711,59.73481369018555,84.73078918457031
2013-04-29,18822.849609375,4231.7744140625,185.6182098388672,46.697139739990234,165.25680541992188,35.61076736450195,59.39619827270508,84.68064880371094
2013-04-30,18982.419921875,4277.27734375,192.7985076904297,49.031063079833984,165.32345581054688,35.010040283203125,59.865535736083984,85.28264617919922
2013-05-01,,4277.27734375,192.7985076904297,49.031063079833984,165.32345581054688,35.010040283203125,59.865535736083984,85.28264617919922
2013-05-02,19034.529296875,4335.78125,188.3039093017578,48.9245719909668,166.4854736328125,35.40787887573242,60.040771484375,85.24918365478516
2013-05-03,19226.630859375,4538.91943359375,185.03826904296875,48.54499053955078,165.61868286132812,35.885292053222656,60.9229850769043,85.59198760986328
2013-05-06,19256.69921875,4647.8017578125,189.86422729492188,47.5790901184082,165.33302307128906,35.805721282958984,60.43879699707031,85.47496032714844
2013-05-07,19262.740234375,4647.8017578125,189.173828125,48.858177185058594,164.45675659179688,35.586910247802734,60.00215530395508,85.87210083007812
2013-05-08,19472.55078125,4485.2919921875,193.02633666992188,48.020076751708984,168.56175231933594,35.805721282958984,60.31998825073242,87.87457275390625
2013-05-09,19661.4609375,4485.2919921875,191.617919921875,48.5950927734375,170.29519653320312,36.68891906738281,61.45766067504883,87.45232391357422
2013-05-10,19916.26953125,4485.2919921875,192.8951873779297,47.64924621582031,168.60939025878906,37.695465087890625,63.1210823059082,88.47235870361328
2013-05-13,20244.8203125,4485.2919921875,200.2135772705078,47.98124313354492,173.34298706054688,39.06802749633789,65.90138244628906,90.29928588867188
2013-05-14,20474.619140625,4485.2919921875,196.76840209960938,47.7557373046875,172.3905487060547,39.75628662109375,69.195556640625,90.85945892333984
2013-05-15,20566.689453125,4485.2919921875,196.71316528320312,47.60540008544922,170.23806762695312,40.40078353881836,72.5966796875,88.50580596923828
2013-05-16,20416.599609375,4290.27783203125,200.220458984375,47.44880676269531,170.180908203125,40.50422286987305,69.67974090576172,87.88711547851562
2013-05-17,20537.029296875,4290.27783203125,207.7460174560547,46.37267303466797,169.64752197265625,40.233680725097656,72.77490234375,87.8536605834961
2013-05-20,20814.140625,4322.7802734375,212.99313354492188,46.35263442993164,170.67617797851562,39.98305130004883,76.1878890991211,92.24324798583984
2013-05-21,21168.0,4290.27783203125,212.30274963378906,45.03721237182617,173.34298706054688,40.57981491088867,79.9959487915039,96.85432434082031
2013-05-22,21458.900390625,4355.28369140625,207.81504821777344,47.2884521484375,175.24781799316406,41.57442092895508,83.99410247802734,99.49222564697266
2013-05-23,21342.650390625,4322.7802734375,203.6104278564453,49.48456573486328,170.7809295654297,41.46302032470703,83.39410400390625,95.96807098388672
2013-05-24,21283.76953125,4290.27783203125,203.67254638671875,47.60540008544922,169.08560180664062,40.95378875732422,82.12870788574219,96.58259582519531
2013-05-27,,4355.28369140625,203.61732482910156,47.48011779785156,169.0474853515625,40.32121276855469,81.89402770996094,96.62022399902344
2013-05-28,21501.720703125,4290.27783203125,203.8451690673828,47.229576110839844,171.923828125,41.272064208984375,82.59505462646484,101.27729034423828
2013-05-29,21441.119140625,4290.27783203125,203.67254638671875,47.229576110839844,169.72372436523438,40.75885009765625,82.70792388916016,99.8475570678711
2013-05-30,21590.66015625,4252.57568359375,201.601318359375,46.85374450683594,170.67617797851562,40.945823669433594,86.01696014404297,101.16026306152344
2013-05-31,21823.05078125,4290.27783203125,203.5690155029297,47.229576110839844,174.29541015625,42.03192901611328,88.81507873535156,102.42279052734375
2013-06-03,22080.849609375,4290.27783203125,203.67254638671875,49.10246276855469,174.1525421142578,43.03451156616211,88.61309051513672,104.9854507446289
2013-06-04,22274.509765625,4257.7763671875,204.10748291015625,48.60762023925781,176.72412109375,42.962894439697266,90.50820922851562,106.16851806640625
2013-06-05,22092.419921875,4169.3701171875,207.1246795654297,46.84120559692383,184.67694091796875,42.77191162109375,87.65365600585938,102.60672760009766
2013-06-06,22276.69921875,4160.2685546875,214.0287628173828,46.98026657104492,184.49598693847656,44.53435134887695,87.69823455810547,102.40603637695312
2013-06-07,22358.9609375,3997.76025390625,223.43914794921875,46.477909088134766,182.2577667236328,45.66820526123047,89.49826049804688,102.42692565917969
2013-06-10,22150.740234375,3997.76025390625,230.08096313476562,45.78887939453125,180.08621215820312,44.12855911254883,90.29728698730469,101.86272430419922
2013-06-11,22209.0703125,4192.1220703125,227.14666748046875,46.97901916503906,184.01022338867188,46.33259582519531,89.02598571777344,103.26065063476562
2013-06-12,22324.5703125,4218.77392578125,220.6153564453125,46.44908905029297,183.58160400390625,45.393714904785156,93.47562408447266,106.9912338256836
2013-06-13,22757.720703125,4290.27783203125,227.65756225585938,46.72720718383789,191.10585021972656,47.66139602661133,98.1480941772461,109.05020141601562
2013-06-14,22541.640625,4322.45458984375,226.26983642578125,46.477909088134766,193.96315002441406,47.08452606201172,96.94507598876953,105.298583984375
2013-06-17,22216.4609375,4322.45458984375,222.43112182617188,46.97901916503906,191.5059051513672,46.73045349121094,94.60440826416016,102.33853912353516
2013-06-18,21919.619140625,4290.271484375,233.5467987060547,46.35263442993164,189.1152801513672,46.55140686035156,94.73807525634766,100.96586608886719
2013-06-19,22135.720703125,4277.27734375,244.72463989257812,46.35263442993164,198.5634002685547,46.68271255493164,99.472900390625,101.34902954101562
2013-06-20,22015.0390625,4277.27734375,235.82518005371094,46.85374450683594,191.14395141601562,46.80205154418945,97.27775573730469,100.44796752929688
2013-06-21,21698.349609375,4277.27734375,234.74122619628906,46.177242279052734,191.06776428222656,46.8139762878418,97.20648193359375,98.9068832397461
2013-06-24,21048.080078125,4063.413330078125,227.8370819091797,46.227352142333984,191.78208923339844,46.55140686035156,90.8557357788086,96.54895782470703
2013-06-25,21110.33984375,4063.413330078125,227.47805786132812,45.72624969482422,193.31552124023438,46.02627182006836,94.75885009765625,97.77848052978516
2013-06-26,21002.5703125,4062.763427734375,234.74122619628906,45.47568130493164,202.86842346191406,46.07400131225586,93.09542083740234,97.6647720336914
2013-06-27,21015.33984375,4062.763427734375,228.18919372558594,45.436851501464844,198.7825164794922,46.109806060791016,94.19448852539062,96.41001892089844
2013-06-28,21005.689453125,4224.62353515625,226.51840209960938,45.350406646728516,199.74444580078125,47.438602447509766,96.49653625488281,96.3173828125
2013-07-01,21363.16015625,4013.391845703125,234.74122619628906,45.41304397583008,198.73487854003906,48.71567916870117,94.58956146240234,96.8226089477539
2013-07-02,21644.169921875,4092.01513671875,235.4316864013672,46.60317611694336,208.44015502929688,49.929080963134766,95.9202880859375,101.05432891845703
2013-07-03,21802.859375,4127.76806640625,241.64541625976562,48.23179244995117,210.44029235839844,49.19308090209961,97.09954833984375,96.62056732177734
2013-07-04,,4153.77001953125,253.7275848388672,46.97901916503906,210.08786010742188,50.350791931152344,96.52921295166016,96.8689956665039
2013-07-05,22178.33984375,4153.77001953125,247.61749267578125,47.121829986572266,213.82139587402344,52.11722183227539,96.24108123779297,97.27740478515625
2013-07-08,22365.720703125,4153.77001953125,247.16868591308594,46.97901916503906,221.7075653076172,50.569602966308594,96.5856704711914,97.53424072265625
2013-07-09,22721.220703125,4153.77001953125,242.9295654296875,46.60317611694336,227.93649291992188,53.09589767456055,98.10946655273438,99.24373626708984
2013-07-10,22984.939453125,4153.77001953125,240.95504760742188,48.53245544433594,236.0607452392578,55.74950408935547,103.01361846923828,100.58271789550781
2013-07-11,22747.130859375,4153.77001953125,241.64541625976562,47.41748046875,231.19381713867188,55.81315994262695,100.28082275390625,100.01007080078125
2013-07-12,23037.3203125,4153.77001953125,246.74073791503906,46.75978088378906,230.15565490722656,57.11410140991211,101.19869232177734,101.18482208251953
2013-07-15,23172.349609375,4153.77001953125,257.29022216796875,47.41748046875,223.48861694335938,59.234588623046875,101.35018157958984,101.12589263916016
2013-07-16,23160.890625,4199.27197265625,269.26202392578125,46.97901916503906,221.8980712890625,61.227779388427734,100.4264144897461,100.8858871459961
2013-07-17,22994.720703125,4199.27197265625,269.26202392578125,47.730682373046875,215.1738739013672,59.30223846435547,98.70650482177734,100.44371032714844
2013-07-18,23114.970703125,4199.27197265625,275.1650695800781,49.6098518371582,217.7359161376953,61.024879455566406,100.98779296875,101.07112884521484
2013-07-19,23428.9296875,4199.27197265625,274.8543395996094,51.301090240478516,220.85989379882812,64.07234954833984,102.62745666503906,102.67537689208984
2013-07-22,23657.810546875,4199.27197265625,276.98077392578125,51.078094482421875,223.17433166503906,65.293701171875,106.63748168945312,105.896484375
2013-07-23,23683.26953125,4199.27197265625,276.1661376953125,50.612060546875,225.0506134033203,65.97797393798828,105.3156509399414,104.47753143310547
2013-07-24,23776.220703125,4095.265625,274.59893798828125,50.11095428466797,232.7748260498047,68.4287109375,109.39403533935547,104.65436553955078
2013-07-25,23573.6796875,4095.265625,274.094970703125,48.858177185058594,229.44134521484375,66.07746124267578,106.32857513427734,103.94274139404297
2013-07-26,23497.0703125,4095.265625,272.714111328125,49.48456573486328,229.5556182861328,66.18091583251953,105.25032806396484,103.90907287597656
2013-07-29,23315.150390625,4030.261474609375,274.6817932128906,48.482357025146484,226.69833374023438,66.47928619384766,108.05140686035156,103.0501480102539
2013-07-30,23284.810546875,4030.261474609375,286.5223693847656,48.106510162353516,228.4412841796875,66.4952163696289,109.04351806640625,102.76377868652344
2013-07-31,23312.76953125,4030.261474609375,286.5223693847656,48.106510162353516,230.41281127929688,67.81206512451172,108.19102478027344,103.56800842285156
2013-08-01,23091.859375,4153.77001953125,284.0990295410156,46.83995819091797,227.27932739257812,66.60261535644531,108.0157699584961,102.61222839355469
2013-08-02,,4153.77001953125,284.0990295410156,46.83995819091797,227.27932739257812,66.60261535644531,108.0157699584961,102.61222839355469
2013-08-05,22701.30078125,4153.77001953125,282.3730163574219,45.15373229980469,225.55538940429688,63.47555923461914,103.85124206542969,103.12592315673828
2013-08-06,22621.9296875,4095.265625,277.5469970703125,47.229576110839844,215.6595916748047,64.52188873291016,99.69270324707031,100.75532531738281
2013-08-07,23237.189453125,4095.265625,278.444580078125,46.102073669433594,218.31690979003906,65.71144104003906,104.53742218017578,105.38275146484375
2013-08-08,,4095.265625,278.444580078125,46.102073669433594,218.31690979003906,65.71144104003906,104.53742218017578,105.38275146484375
2013-08-09,,4095.265625,278.444580078125,46.102073669433594,218.31690979003906,65.71144104003906,104.53742218017578,105.38275146484375
2013-08-12,23437.990234375,4062.763427734375,283.0703125,46.35263442993164,226.23162841796875,64.57763671875,107.37415313720703,106.73435974121094
2013-08-13,23613.19921875,4134.267578125,273.7566223144531,46.97901916503906,224.12677001953125,64.39457702636719,105.5384292602539,108.67970275878906
2013-08-14,,4134.267578125,273.7566223144531,46.97901916503906,224.12677001953125,64.39457702636719,105.5384292602539,108.67970275878906
2013-08-15,23687.890625,4134.267578125,272.714111328125,46.97901916503906,225.3934783935547,66.03370666503906,103.54232788085938,110.91973114013672
2013-08-16,23673.30078125,4134.267578125,273.6253967285156,46.97901916503906,228.10794067382812,64.95556640625,103.28096008300781,109.93024444580078
2013-08-19,23600.23046875,4199.27197265625,272.714111328125,46.35263442993164,228.6412811279297,64.84814453125,105.51765441894531,110.21235656738281
2013-08-20,23487.23046875,4095.265625,263.3520812988281,48.41971206665039,223.66957092285156,63.495479583740234,104.61760711669922,109.93447875976562
2013-08-21,23015.26953125,4095.265625,272.9557800292969,47.35485076904297,218.16452026367188,63.089664459228516,101.1274185180664,109.47124481201172
2013-08-22,22714.3203125,3893.75146484375,272.714111328125,46.97901916503906,212.67848205566406,64.48611450195312,99.5352554321289,105.05433654785156
2013-08-23,22714.6796875,4069.26416015625,276.0971374511719,48.09397888183594,212.41180419921875,66.04166412353516,99.11048889160156,103.73644256591797
2013-08-26,22922.240234375,3900.2529296875,276.1731262207031,47.35485076904297,223.0314483642578,64.45425415039062,102.146240234375,106.42280578613281
2013-08-27,22523.7109375,3900.2529296875,276.1661376953125,46.97901916503906,222.41238403320312,64.29513549804688,96.01829528808594,103.2522201538086
2013-08-28,22236.330078125,3828.748291015625,275.7726135253906,46.97901916503906,221.91709899902344,61.86431121826172,95.05293273925781,103.10909271240234
2013-08-29,22214.73046875,4017.260986328125,274.78533935546875,46.97901916503906,210.40216064453125,63.256771087646484,92.07659149169922,103.09645080566406
2013-08-30,22160.849609375,4153.77001953125,269.26202392578125,46.35263442993164,212.38323974609375,63.56309127807617,88.16158294677734,106.14488983154297
2013-09-02,,4153.77001953125,275.7381591796875,44.974578857421875,213.84046936035156,62.142818450927734,84.95057678222656,104.28804779052734
2013-09-03,21808.48046875,4007.509521484375,272.7210388183594,42.59431076049805,224.52676391601562,62.46109390258789,84.28223419189453,104.45223236083984
2013-09-04,21875.830078125,3997.76025390625,274.80810546875,42.09320068359375,217.478759765625,62.8509521484375,88.48834228515625,104.33013916015625
2013-09-05,22451.4609375,3916.503662109375,274.8011169433594,43.34597396850586,223.47909545898438,64.8401870727539,91.97261810302734,106.94915008544922
2013-09-06,22765.869140625,3802.746337890625,272.08795166015625,43.28333282470703,229.0603485107422,64.50164031982422,92.3647232055664,105.4964599609375
2013-09-09,22838.83984375,3992.883544921875,281.06243896484375,45.19005584716797,232.070068359375,63.97960662841797,91.09632873535156,105.88389587402344
2013-09-10,22992.169921875,4094.615478515625,288.54119873046875,47.10429763793945,243.67068481445312,63.371925354003906,92.94393157958984,106.6375732421875
2013-09-11,23231.6796875,3932.755859375,285.2366027832031,45.92668914794922,253.7760467529297,62.61329650878906,91.70825958251953,107.10489654541016
2013-09-12,23222.2109375,3932.755859375,292.1936950683594,45.77634811401367,243.575439453125,63.19243621826172,91.12606048583984,106.47757720947266
2013-09-13,23168.0390625,3932.755859375,292.7154235839844,45.6009635925293,239.6419219970703,63.135353088378906,91.12308502197266,106.53228759765625
2013-09-16,23242.6796875,3932.755859375,288.7150573730469,45.102359771728516,239.52760314941406,65.12567901611328,90.1072006225586,106.6712646484375
2013-09-17,23066.5,3874.25146484375,285.9323425292969,44.70899200439453,237.94656372070312,64.70964813232422,86.7120361328125,105.1600570678711
2013-09-18,22930.060546875,4020.511474609375,292.1936950683594,44.66138458251953,230.01278686523438,67.54424285888672,86.70903778076172,105.1430435180664
2013-09-19,23456.98046875,4019.86181640625,292.1936950683594,44.92196273803711,234.62254333496094,70.92122650146484,85.6515884399414,106.84575653076172
2013-09-20,23595.609375,4019.86181640625,293.5849609375,44.601253509521484,237.02272033691406,69.59571838378906,87.19026947021484,106.76062774658203
2013-09-23,23639.970703125,4030.261474609375,292.88934326171875,45.099853515625,239.26092529296875,69.61204528808594,86.95559692382812,106.15616607666016
2013-09-24,23088.490234375,3900.2529296875,299.1506042480469,45.350406646728516,233.80345153808594,67.58500671386719,85.25650787353516,103.16360473632812
2013-09-25,23060.900390625,3900.2529296875,294.2807312011719,45.718719482421875,230.74615478515625,68.33953094482422,85.16443634033203,103.01892852783203
2013-09-26,22780.8203125,3900.2529296875,295.672119140625,45.838993072509766,223.3743133544922,67.47489929199219,82.48514556884766,102.3846664428711
2013-09-27,22387.310546875,4030.261474609375,293.5849609375,45.72624969482422,219.5265350341797,65.45196533203125,80.51280212402344,101.86528778076172
2013-09-30,21832.6796875,4030.261474609375,298.10711669921875,45.068538665771484,220.28842163085938,63.82868576049805,80.49794006347656,100.04340362548828
2013-10-01,21980.419921875,4030.261474609375,298.1766662597656,45.47568130493164,222.7647705078125,61.89550018310547,81.65342712402344,101.5843505859375
2013-10-02,22189.669921875,4030.261474609375,292.2283630371094,45.85152053833008,221.36468505859375,61.21030044555664,83.72481536865234,102.38037872314453
2013-10-03,22152.349609375,4029.611572265625,299.1506042480469,48.14408874511719,222.85049438476562,60.019386291503906,82.43583679199219,103.74681854248047
2013-10-04,22085.9609375,3900.2529296875,299.1506042480469,50.5506706237793,223.09812927246094,59.44430923461914,79.26429748535156,103.78937530517578
2013-10-07,21864.849609375,4029.176513671875,306.107666015625,49.94558334350586,220.61227416992188,58.23299789428711,79.34223937988281,101.93338775634766
2013-10-08,22080.470703125,4094.4716796875,304.7162170410156,49.825321197509766,222.47903442382812,60.68824005126953,81.31169891357422,102.56339263916016
2013-10-09,21657.220703125,4095.265625,299.1506042480469,49.67249298095703,222.45045471191406,61.11648178100586,79.61502075195312,101.27362060546875
2013-10-10,21674.98046875,4225.27294921875,292.1936950683594,50.2349739074707,223.20289611816406,60.30080032348633,79.2163314819336,101.04376983642578
2013-10-11,21775.390625,4225.27294921875,295.672119140625,51.853694915771484,223.8029327392578,60.33341598510742,81.23675537109375,101.2608413696289
2013-10-14,21599.779296875,4225.27294921875,295.672119140625,48.20649719238281,218.70123291015625,59.6441535949707,80.26551055908203,100.89900970458984
2013-10-15,,4225.27294921875,295.672119140625,48.20649719238281,218.70123291015625,59.6441535949707,80.26551055908203,100.89900970458984
2013-10-16,,4225.27294921875,295.672119140625,48.20649719238281,218.70123291015625,59.6441535949707,80.26551055908203,100.89900970458984
2013-10-17,,4225.27294921875,295.672119140625,48.20649719238281,218.70123291015625,59.6441535949707,80.26551055908203,100.89900970458984
2013-10-18,,4225.27294921875,295.672119140625,48.20649719238281,218.70123291015625,59.6441535949707,80.26551055908203,100.89900970458984
2013-10-21,21754.94921875,4257.7763671875,295.672119140625,47.968631744384766,225.35646057128906,61.014530181884766,82.58570098876953,99.93269348144531
2013-10-22,22230.4296875,4160.2685546875,295.672119140625,50.325042724609375,234.64878845214844,62.38490295410156,82.80753326416016,102.56769561767578
2013-10-23,22347.2890625,4160.2685546875,294.9834289550781,52.840030670166016,230.2567596435547,61.12059020996094,82.52275085449219,105.5687255859375
2013-10-24,22360.849609375,4095.265625,309.732177734375,50.74367904663086,229.83482360839844,60.875858306884766,80.16358184814453,108.5484619140625
2013-10-25,22445.58984375,4300.02783203125,301.9334411621094,51.853694915771484,232.32810974121094,61.157283782958984,80.85304260253906,111.25580596923828
2013-10-28,22353.19921875,4300.02783203125,301.9334411621094,51.853694915771484,232.32810974121094,61.157283782958984,80.85304260253906,111.25580596923828
2013-10-29,22276.650390625,4300.02783203125,298.4479064941406,51.06083297729492,229.19229125976562,60.08461380004883,82.2139892578125,109.76593017578125
2013-10-30,22310.58984375,4300.02783203125,305.4118347167969,50.26796340942383,231.54176330566406,59.978580474853516,81.52753448486328,110.72796630859375
2013-10-31,22775.849609375,4578.73486328125,304.7162170410156,52.487998962402344,241.39990234375,60.64748764038086,82.57371520996094,115.69559478759766
2013-11-01,22649.08984375,4615.30029296875,309.5860900878906,54.58750915527344,238.02438354492188,59.268917083740234,84.21942901611328,112.52010345458984
2013-11-04,22377.830078125,4615.30029296875,299.1506042480469,54.2386589050293,237.05581665039062,59.26079177856445,83.18524169921875,112.3753433227539
2013-11-05,22790.69921875,4778.962890625,299.1506042480469,54.49712371826172,247.41261291503906,60.36198425292969,84.71405029296875,113.64815521240234
2013-11-06,23165.2109375,4844.42822265625,299.1506042480469,56.92806625366211,253.16639709472656,61.17768478393555,88.5480728149414,113.58853912353516
2013-11-07,23220.2109375,4786.8173828125,302.87261962890625,56.45234680175781,247.8345489501953,60.85953903198242,87.60078430175781,113.6012954711914
2013-11-08,23367.150390625,4811.69580078125,299.1575622558594,59.274967193603516,245.82069396972656,62.33122634887695,89.03369903564453,114.08663177490234
2013-11-11,23381.080078125,4582.56640625,304.2640380859375,62.23870849609375,245.9645538330078,65.10922241210938,91.54872131347656,113.75877380371094
2013-11-12,23302.4609375,4778.798828125,306.1006164550781,61.52671813964844,255.75564575195312,66.00214385986328,87.75068664550781,112.52010345458984
2013-11-13,23287.060546875,4818.24169921875,302.62908935546875,61.85972595214844,249.24424743652344,65.79960632324219,86.8364028930664,110.03834533691406
2013-11-14,,4818.24169921875,302.62908935546875,61.85972595214844,249.24424743652344,65.79960632324219,86.8364028930664,110.03834533691406
2013-11-15,,4818.24169921875,302.62908935546875,61.85972595214844,249.24424743652344,65.79960632324219,86.8364028930664,110.03834533691406
2013-11-18,23611.240234375,4818.24169921875,302.62908935546875,62.25615310668945,256.61865234375,66.7958755493164,90.79631042480469,112.37105560302734
2013-11-19,23819.4296875,4942.625,317.2388000488281,62.9618034362793,261.7875061035156,66.30804443359375,92.1452865600586,112.205078125
2013-11-20,23800.970703125,4942.625,309.41912841796875,62.322757720947266,260.3586120605469,65.7954330444336,90.54150390625,111.95394897460938
2013-11-21,23784.1796875,5073.556640625,306.80328369140625,62.06903839111328,258.6900329589844,65.7789077758789,91.96540832519531,112.36685180664062
2013-11-22,23847.5703125,5309.0673828125,304.7162170410156,61.68370056152344,258.68048095703125,66.68012237548828,94.0068130493164,111.94541931152344
2013-11-25,23978.2890625,5192.32958984375,306.107666015625,61.582218170166016,258.6324462890625,65.6796875,93.6680679321289,111.96241760253906
2013-11-26,23798.69921875,5451.9453125,302.9768981933594,60.74970245361328,255.76513671875,66.18818664550781,92.45101928710938,111.55806732177734
2013-11-27,23768.349609375,5724.54345703125,303.1021728515625,61.26348876953125,257.0214538574219,66.11788177490234,91.28492736816406,111.8475112915039
2013-11-28,,6010.7705078125,306.107666015625,61.9675407409668,260.7422180175781,66.969482421875,93.67707061767578,114.46540832519531
2013-11-29,24302.189453125,6088.26904296875,293.98846435546875,63.667457580566406,268.298828125,66.5726089477539,93.86893463134766,113.8993148803711
2013-12-02,24401.5703125,5957.3369140625,293.5849609375,62.89521026611328,274.0334777832031,67.18032836914062,96.0901870727539,113.68215942382812
2013-12-03,24588.470703125,5990.06884765625,290.030029296875,62.933265686035156,263.3697814941406,67.25884246826172,97.05543518066406,115.29548645019531
2013-12-04,24445.380859375,5760.93994140625,288.70819091796875,62.64625549316406,268.49066162109375,67.09762573242188,96.0062484741211,117.0621109008789
2013-12-05,24800.689453125,5977.67138671875,299.5123596191406,65.778076171875,272.8251647949219,67.37872314453125,96.72271728515625,119.25434875488281
2013-12-06,24870.55078125,6022.80224609375,293.2371826171875,69.06689453125,268.9797058105469,67.29606628417969,96.2850341796875,118.29228210449219
2013-12-09,24998.890625,6022.80224609375,290.5030822753906,68.87344360351562,267.512451171875,67.01496887207031,97.87379455566406,119.82902526855469
2013-12-10,24878.6796875,5741.30126953125,290.80218505859375,65.7939453125,266.42877197265625,66.60569763183594,97.625,119.25006103515625
2013-12-11,24972.900390625,6022.80224609375,290.6004638671875,66.85479736328125,269.3249206542969,66.67183685302734,98.66817474365234,119.48421478271484
2013-12-12,25072.0,6022.80224609375,292.1936950683594,68.16303253173828,270.0441589355469,67.25884246826172,97.31624603271484,119.11546325683594
2013-12-13,25256.689453125,6022.80224609375,290.1065368652344,67.77452850341797,270.3797912597656,67.05216979980469,99.42960357666016,119.03400421142578
2013-12-16,25298.3203125,6022.80224609375,288.7150573730469,67.71268463134766,276.10479736328125,67.13484954833984,101.10529327392578,119.10691833496094
2013-12-17,25350.19921875,5499.73388671875,274.5715026855469,68.18524932861328,285.2820739746094,66.77932739257812,100.71858215332031,118.5838623046875
2013-12-18,25524.4609375,5499.080078125,280.0119323730469,67.6333999633789,280.3433837890625,67.58544921875,102.03456115722656,119.038330078125
2013-12-19,25472.640625,5302.68505859375,278.9057922363281,66.23794555664062,280.0365295410156,68.93309783935547,101.24017333984375,119.58711242675781
2013-12-20,25579.330078125,5432.96044921875,274.8011169433594,67.03557586669922,279.6337890625,68.66024780273438,100.97340393066406,119.5914077758789
2013-12-23,25417.630859375,5432.96044921875,269.2355651855469,65.7606430053711,279.2406005859375,67.77972412109375,99.87623596191406,120.24739837646484
2013-12-24,25366.689453125,5433.61474609375,266.9745178222656,65.297607421875,280.0173645019531,66.97358703613281,99.68739318847656,117.90640258789062
2013-12-25,,5433.61474609375,266.9745178222656,65.297607421875,280.0173645019531,66.97358703613281,99.68739318847656,117.90640258789062
2013-12-26,25370.029296875,5171.7607421875,274.1820068359375,65.04230499267578,287.5836181640625,67.1761703491211,99.22274780273438,118.8711166381836
2013-12-27,25258.05078125,5171.7607421875,281.06243896484375,64.32870483398438,285.9245910644531,66.8537368774414,99.681396484375,118.40380859375
2013-12-30,25283.9609375,4976.0126953125,273.4097595214844,67.54459381103516,291.04547119140625,66.64291381835938,99.68739318847656,119.32563018798828
2013-12-31,25261.140625,4942.625,273.7575378417969,70.882568359375,287.564453125,68.88346862792969,99.58845520019531,118.4852523803711
2014-01-01,,5189.10107421875,278.27960205078125,73.10261535644531,299.1966552734375,68.62305450439453,100.33489990234375,120.28164672851562
2014-01-02,25962.1796875,5433.60888671875,289.94647216796875,75.27982330322266,309.69732666015625,68.54037475585938,100.78453826904297,121.08338928222656
2014-01-03,26046.7109375,5636.55712890625,285.03485107421875,78.31969451904297,304.5668640136719,68.20967864990234,101.32411193847656,121.6836166381836
2014-01-06,26169.830078125,5825.58837890625,278.45355224609375,81.67352294921875,303.4448547363281,67.32913208007812,103.2246322631836,122.83262634277344
2014-01-07,26259.5703125,6061.95068359375,278.0152587890625,85.75682830810547,301.8721618652344,67.45314025878906,101.34210205078125,122.45108032226562
2014-01-08,26341.080078125,5957.3369140625,277.5839538574219,90.0446548461914,299.9830017089844,69.86321258544922,101.56394958496094,122.67402648925781
2014-01-09,26373.240234375,5957.3369140625,272.8323059082031,93.86312866210938,305.6696472167969,71.69869232177734,101.03034973144531,123.3642349243164
2014-01-10,26488.3203125,6075.17578125,275.496826171875,98.55532836914062,302.4379577636719,75.05955505371094,100.53274536132812,123.04701232910156
2014-01-13,26590.689453125,6087.61328125,274.1054382324219,101.48735809326172,302.4955139160156,74.44773864746094,103.34455871582031,123.40286254882812
2014-01-14,,6087.61328125,274.1054382324219,101.48735809326172,302.4955139160156,74.44773864746094,103.34455871582031,123.40286254882812
2014-01-15,26761.779296875,6626.28564453125,285.2366027832031,104.17202758789062,297.4704895019531,74.86527252197266,105.03823852539062,123.40711212158203
2014-01-16,26730.240234375,6350.12939453125,278.2726745605469,108.12211608886719,295.92657470703125,74.08808135986328,103.35054016113281,123.04701232910156
2014-01-17,26913.849609375,6219.197265625,277.11785888671875,107.92545318603516,294.6319885253906,73.58374786376953,102.93985748291016,123.0169677734375
2014-01-20,,6153.7265625,277.069091796875,108.35678100585938,296.8280029296875,73.71602630615234,104.38174438476562,122.42534637451172
2014-01-21,27104.69921875,6457.77392578125,278.1683654785156,104.75556945800781,300.9803161621094,73.58374786376953,106.08439636230469,122.20669555664062
2014-01-22,27015.119140625,6780.00537109375,272.9088134765625,102.37535095214844,303.5311584472656,72.05419158935547,103.37153625488281,120.00724792480469
2014-01-23,27064.33984375,7102.72314453125,278.27960205078125,102.09945678710938,304.04901123046875,72.20301055908203,102.44822692871094,120.15303802490234
2014-01-24,27002.890625,7384.47900390625,274.1054382324219,100.69449615478516,303.751708984375,71.56642150878906,102.22341918945312,119.84434509277344
2014-01-27,26670.599609375,7474.98486328125,268.40771484375,98.99140930175781,288.65771484375,71.51677703857422,100.82951354980469,117.85501098632812
2014-01-28,26653.73046875,7848.6259765625,278.2518005371094,97.84016418457031,284.45733642578125,69.78883361816406,100.19998168945312,117.01901245117188
2014-01-29,26595.630859375,8241.0625,276.88818359375,95.14757537841797,289.4056701660156,69.45809173583984,99.11784362792969,116.30300903320312
2014-01-30,26607.640625,8589.0380859375,269.75030517578125,92.78324127197266,288.7631530761719,68.53624725341797,100.6616439819336,116.35016632080078
2014-01-31,26784.33984375,8271.5322265625,271.8444519042969,96.50653076171875,297.0389709472656,68.35846710205078,102.9698257446289,116.84750366210938
2014-02-03,26946.099609375,7790.36181640625,284.8888244628906,99.1087417602539,301.1145324707031,68.93719482421875,104.24383544921875,117.5892105102539
2014-02-04,26751.44921875,7373.48095703125,276.08819580078125,95.14439392089844,294.8333435058594,67.98229217529297,104.54960632324219,116.95468139648438
2014-02-05,,7373.48095703125,276.08819580078125,95.14439392089844,294.8333435058594,67.98229217529297,104.54960632324219,116.95468139648438
2014-02-06,26862.509765625,7004.8076171875,272.5262451171875,92.95924377441406,299.6761779785156,69.03642272949219,104.53162384033203,117.73069763183594
2014-02-07,26681.779296875,6877.54052734375,267.9693603515625,94.37215423583984,296.0224914550781,68.21378326416016,103.05379486083984,117.19905090332031
2014-02-10,26255.2109375,6742.263671875,267.84417724609375,91.18004608154297,293.8935241699219,67.3084716796875,101.210205078125,114.94817352294922
2014-02-11,26240.41015625,6667.6337890625,253.5474853515625,90.8026351928711,293.2319030761719,69.03642272949219,101.081298828125,114.69952392578125
2014-02-12,26677.26953125,6494.24169921875,266.22320556640625,91.97290802001953,298.7171325683594,67.84586334228516,106.03947448730469,117.85931396484375
2014-02-13,26541.259765625,6481.05908203125,263.4334411621094,90.58539581298828,292.5989990234375,67.27952575683594,106.25827026367188,114.89679718017578
2014-02-14,26394.130859375,6510.51953125,261.95159912109375,89.1978759765625,290.7481689453125,67.38700103759766,105.84758758544922,114.91818237304688
2014-02-17,,6219.85107421875,257.40863037109375,85.78853607177734,290.1536560058594,67.1761703491211,104.93929290771484,114.62237548828125
2014-02-18,25884.380859375,6110.85302734375,258.0139465332031,81.18988037109375,291.246826171875,66.07654571533203,104.93929290771484,114.66523742675781
2014-02-19,25686.9296875,6382.20703125,257.40863037109375,75.81898498535156,291.1509094238281,66.74624633789062,103.24261474609375,113.6576919555664
2014-02-20,25506.80078125,6284.6630859375,250.29861450195312,72.12104797363281,291.0550842285156,66.50648498535156,101.94164276123047,112.87313842773438
2014-02-21,25603.349609375,5761.59716796875,250.4517059326172,73.73849487304688,288.5904846191406,66.3287353515625,103.08673858642578,112.6458511352539
2014-02-24,25773.810546875,5891.21630859375,259.7740478515625,72.94404602050781,292.6756896972656,66.48583221435547,102.80198669433594,113.82061767578125
2014-02-25,25559.609375,5806.11181640625,259.4957580566406,68.0599594116211,294.6319885253906,66.3287353515625,102.34931945800781,112.44438171386719
2014-02-26,25500.5,6096.4189453125,251.44656372070312,70.60189056396484,295.8977966308594,64.79918670654297,103.30857849121094,111.28679656982422
2014-02-27,25478.9296875,6301.02880859375,250.86907958984375,74.13175964355469,300.2514953613281,66.46515655517578,102.9128646850586,110.716552734375
2014-02-28,25783.279296875,6079.75634765625,254.1597137451172,77.8376235961914,312.40155029296875,67.09349060058594,108.056884765625,112.5216064453125
2014-03-03,25853.5390625,5931.80712890625,250.52120971679688,80.87274169921875,315.7579345703125,69.0281753540039,112.71227264404297,112.57295989990234
2014-03-04,26209.380859375,5884.66943359375,251.52305603027344,79.28699493408203,316.9278259277344,70.6404037475586,110.8626937866211,113.06608581542969
2014-03-05,26521.990234375,5885.3251953125,250.56993103027344,83.25135803222656,317.88677978515625,71.28944396972656,115.44013214111328,113.95352172851562
2014-03-06,26842.529296875,5793.67431640625,260.8593444824219,82.759765625,324.9927673339844,74.46014404296875,117.02887725830078,114.40800476074219
2014-03-07,26892.23046875,5885.3251953125,263.3985900878906,82.45849609375,316.9854431152344,76.13850402832031,117.68834686279297,116.50877380371094
2014-03-10,27176.259765625,5859.1396484375,271.76800537109375,79.42020416259766,325.07904052734375,77.13481140136719,123.32698059082031,117.13044738769531
2014-03-11,27309.01953125,5767.48779296875,274.4254150390625,79.28699493408203,328.9245300292969,76.02690124511719,123.51583099365234,117.9021987915039
2014-03-12,27115.19921875,5793.67431640625,288.1446533203125,78.494140625,330.8328857421875,75.96075439453125,123.88453674316406,115.28685760498047
2014-03-13,27083.119140625,5793.67431640625,295.672119140625,78.1769790649414,326.1722412109375,75.85738372802734,123.05720520019531,115.31694030761719
2014-03-14,27124.470703125,5728.2080078125,292.46502685546875,76.11551666259766,326.2586364746094,75.055419921875,125.0176773071289,115.95571899414062
2014-03-17,27229.099609375,5695.4765625,288.8125915527344,76.11551666259766,324.9832458496094,75.5721664428711,125.09558868408203,115.50122833251953
2014-03-18,27246.970703125,5979.59423828125,287.1567687988281,77.69966888427734,323.9858703613281,73.70780181884766,126.69335174560547,115.45411682128906
2014-03-19,27258.6796875,5918.0576171875,291.6370849609375,77.70125579833984,316.5155029296875,73.88552856445312,125.9559555053711,115.21827697753906
2014-03-20,27148.51953125,5885.3251953125,296.8825988769531,77.70125579833984,310.7425842285156,74.37744903564453,128.50697326660156,112.9931640625
2014-03-21,26765.490234375,5878.77880859375,291.4144287109375,77.6854019165039,305.5641784667969,75.503662109375,128.6538543701172,107.99411010742188
2014-03-24,26391.41015625,5793.67431640625,290.1065368652344,75.79837799072266,300.2227478027344,75.49908447265625,128.4200439453125,105.92760467529297
2014-03-25,26670.140625,5859.1396484375,290.80218505859375,75.65567016601562,298.697998046875,74.67962646484375,127.81449890136719,108.04129791259766
2014-03-26,26821.919921875,5859.1396484375,285.6053161621094,77.54268646240234,299.90625,77.38653564453125,126.4834976196289,106.79364013671875
2014-03-27,27165.490234375,5597.146484375,288.6454772949219,79.98155212402344,301.9584045410156,80.10726928710938,126.3636245727539,107.2952651977539
2014-03-28,27116.130859375,5613.6435546875,290.30133056640625,83.41309356689453,300.2898254394531,78.33029174804688,126.5614242553711,106.09907531738281
2014-03-31,27159.91015625,5613.6435546875,291.5466613769531,87.58358001708984,303.9435729980469,80.245361328125,127.9134292602539,103.38091278076172
2014-04-01,27565.5,5482.7158203125,292.8475341796875,90.33802795410156,319.1335144042969,80.81623077392578,132.42189025878906,105.89759826660156
2014-04-02,27932.01953125,5243.8974609375,293.7450256347656,92.4565658569336,334.67828369140625,82.86482238769531,132.55679321289062,109.22029113769531
2014-04-03,28336.359375,5433.60888671875,294.44073486328125,88.25119018554688,343.3280944824219,81.94412994384766,136.9903564453125,111.10676574707031
2014-04-04,28408.029296875,5359.966796875,309.1130676269531,88.48429870605469,337.95794677734375,81.34566497802734,139.672119140625,111.12387084960938
2014-04-07,28578.9609375,5302.68505859375,322.42181396484375,88.16715240478516,338.4469909667969,81.566650390625,138.35694885253906,112.40575408935547
2014-04-08,28653.369140625,5400.8818359375,322.6954345703125,91.97290802001953,336.49072265625,82.14668273925781,139.9218292236328,112.11854553222656
2014-04-09,28941.009765625,5377.75927734375,334.7235412597656,90.07003021240234,349.2833251953125,81.9993667602539,140.1648406982422,113.1217269897461
2014-04-10,29250.5390625,5417.39794921875,350.807861328125,92.38996887207031,349.5805969238281,83.90064239501953,147.17013549804688,114.42940521240234
2014-04-11,29249.439453125,5416.0771484375,341.3551330566406,97.00923919677734,348.67919921875,83.36663055419922,148.76492309570312,114.07785034179688
2014-04-14,29094.119140625,5316.20703125,343.3972473144531,99.23401641845703,344.7186279296875,83.27918243408203,149.46412658691406,114.21502685546875
2014-04-15,29095.76953125,5336.47412109375,339.6147766113281,102.86376953125,344.4693298339844,87.13697052001953,147.33326721191406,112.24284362792969
2014-04-16,29458.150390625,5358.60009765625,342.89898681640625,102.35952758789062,353.9342956542969,88.37074279785156,148.54519653320312,111.85701751708984
2014-04-17,29350.33984375,5417.39794921875,332.9410400390625,101.69827270507812,344.7666015625,88.4398193359375,145.67185974121094,111.54405975341797
2014-04-18,,5417.39794921875,332.8357849121094,98.00032043457031,342.5993347167969,86.21167755126953,140.94398498535156,109.95343780517578
2014-04-21,28878.76953125,5351.33349609375,339.4042663574219,99.90162658691406,340.1923522949219,84.21830749511719,138.40023803710938,109.47810363769531
2014-04-22,29191.83984375,5318.9619140625,356.3727111816406,102.10580444335938,346.0611877441406,87.0725326538086,140.1016387939453,109.45219421386719
2014-04-23,28717.189453125,5301.783203125,368.30255126953125,100.25367736816406,340.2115478515625,84.77070617675781,133.0996856689453,108.73494720458984
2014-04-24,28786.740234375,5219.20263671875,373.5306091308594,99.1103286743164,346.8954772949219,85.13900756835938,130.85226440429688,109.91452026367188
2014-04-25,28850.080078125,5219.20263671875,371.8955383300781,97.60228729248047,345.1693420410156,86.95280456542969,135.0341339111328,111.80282592773438
2014-04-28,28691.619140625,5318.29931640625,362.98321533203125,97.52300262451172,344.7666015625,85.70527648925781,132.32391357421875,110.91270446777344
2014-04-29,28436.58984375,5324.90673828125,350.4989929199219,101.62374877929688,336.0783386230469,85.09756469726562,130.5459747314453,109.42623138427734
2014-04-30,28912.98046875,5483.46435546875,362.5201110839844,106.69811248779297,341.1033935546875,85.03771209716797,135.0740966796875,108.16017150878906
2014-05-01,,5483.46435546875,362.5201110839844,106.69811248779297,341.1033935546875,85.03771209716797,135.0740966796875,108.16017150878906
2014-05-02,28921.130859375,5483.46435546875,362.3656921386719,108.22833251953125,341.5157165527344,85.26331329345703,135.27052307128906,109.11083221435547
2014-05-05,28629.630859375,5334.81640625,344.3375244140625,107.08978271484375,341.6116638183594,84.7660903930664,130.90890502929688,109.57750701904297
2014-05-06,28383.19921875,5334.81640625,330.6252746582031,102.88280487060547,336.2509460449219,83.02597045898438,128.49166870117188,109.19725036621094
2014-05-07,28330.029296875,5285.2666015625,328.6112365722656,101.48735809326172,335.7619323730469,83.14566040039062,126.82693481445312,109.35282135009766
2014-05-08,28511.01953125,5285.2666015625,334.4989318847656,100.2203598022461,335.6085510253906,85.99066925048828,129.7368927001953,110.06578063964844
2014-05-09,28494.5390625,5285.2666015625,338.4638977050781,99.74303436279297,334.563232421875,84.68305969238281,128.9244842529297,109.85403442382812
2014-05-12,28343.880859375,5285.2666015625,331.70599365234375,104.73020935058594,331.8205871582031,84.20842742919922,127.17318725585938,108.82994842529297
2014-05-13,28411.490234375,5285.2666015625,339.38323974609375,109.96632385253906,330.67938232421875,84.06417083740234,127.79249572753906,108.88178253173828
2014-05-14,28528.189453125,5285.2666015625,356.3515930175781,111.90727233886719,328.962890625,83.83614349365234,127.35964965820312,108.29415130615234
2014-05-15,28843.01953125,5450.4306640625,374.1692199707031,117.50173950195312,340.470458984375,85.40434265136719,131.23516845703125,108.48857879638672
2014-05-16,28883.330078125,5450.4306640625,377.95867919921875,114.07177734375,337.8045654296875,85.59978485107422,130.90223693847656,107.49044036865234
2014-05-19,28951.380859375,5338.119140625,384.51312255859375,117.12592315673828,338.39910888671875,86.57235717773438,130.5626220703125,108.11695861816406
2014-05-20,28842.919921875,5338.119140625,386.66741943359375,120.67325592041016,335.6851806640625,85.68819427490234,131.0220947265625,105.8656997680664
2014-05-21,28760.119140625,5285.2666015625,380.7657470703125,116.66288757324219,335.99200439453125,84.94368743896484,129.99993896484375,105.75338745117188
2014-05-22,28741.55078125,5301.783203125,365.6850280761719,116.34100341796875,335.4071044921875,85.9720458984375,130.5825958251953,105.91756439208984
2014-05-23,28756.0,5301.783203125,364.93414306640625,116.10311889648438,332.63568115234375,85.004150390625,130.99212646484375,106.74291229248047
2014-05-26,,5409.14111328125,383.17987060546875,118.00920104980469,335.7715148925781,86.5490951538086,131.92771911621094,107.18363952636719
2014-05-27,29048.2109375,5351.33349609375,376.0498962402344,116.7326889038086,336.6729736328125,85.91155242919922,132.30397033691406,106.88115692138672
2014-05-28,28987.3203125,5265.447265625,387.8323974609375,117.86646270751953,335.0906066894531,85.71615600585938,131.6180877685547,105.29967498779297
2014-05-29,29543.580078125,5393.76611328125,393.24298095703125,119.96124267578125,346.1379699707031,87.63799285888672,137.72767639160156,107.87066650390625
2014-05-30,29737.689453125,5370.3271484375,412.89923095703125,125.82689666748047,356.17828369140625,89.91816711425781,140.35797119140625,107.41264343261719
2014-06-02,29789.849609375,5321.60400390625,413.5939025878906,126.76567077636719,369.28729248046875,89.51333618164062,138.8031463623047,107.39970397949219
2014-06-03,29504.98046875,5334.15673828125,406.3306579589844,121.25041198730469,374.4656982421875,88.28013610839844,137.49130249023438,105.62808227539062
2014-06-04,29452.23046875,5384.37353515625,413.8464660644531,126.93846893310547,375.242431640625,87.77760314941406,138.1538543701172,106.12499237060547
2014-06-05,29417.19921875,5410.1318359375,408.6675720214844,123.70519256591797,371.6272277832031,88.312744140625,139.6188201904297,107.14476013183594
2014-06-06,29509.109375,5502.87548828125,409.0815734863281,125.27348327636719,369.843505859375,87.90324401855469,137.79095458984375,108.33305358886719
2014-06-09,29472.51953125,5502.87548828125,406.52008056640625,126.84331512451172,365.3747253417969,88.38253784179688,138.3203125,107.4515609741211
2014-06-10,29540.720703125,5369.17041015625,403.49560546875,126.54045104980469,380.1427917480469,86.40016174316406,140.19149780273438,106.38858795166016
2014-06-11,29783.30078125,5449.44091796875,407.57275390625,125.27348327636719,389.6173400878906,86.539794921875,139.9950714111328,108.00895690917969
2014-06-12,29766.380859375,5417.39794921875,405.08856201171875,120.91109466552734,389.13787841796875,86.49324035644531,139.359130859375,108.47552490234375
2014-06-13,29730.859375,5351.33349609375,401.11669921875,119.63615417480469,386.0212097167969,87.3122329711914,138.12722778320312,107.91303253173828
2014-06-16,29651.0390625,5351.33349609375,413.43951416015625,123.4815673828125,386.1842041015625,87.0795669555664,137.06512451171875,107.50312805175781
2014-06-17,29324.599609375,5285.2666015625,407.1658020019531,119.81692504882812,382.1278076171875,85.41365051269531,136.13619995117188,105.66309356689453
2014-06-18,29157.98046875,5285.2666015625,402.92010498046875,120.51622009277344,383.1922302246094,84.72029876708984,134.71449279785156,104.92623138427734
2014-06-19,28674.369140625,5285.2666015625,397.8324279785156,115.44187927246094,376.9590148925781,83.1148452758789,128.49166870117188,104.5338134765625
2014-06-20,28691.83984375,5252.23486328125,407.80438232421875,119.24763488769531,380.7565002441406,83.15673828125,126.55392456054688,104.96981048583984
2014-06-23,28999.029296875,5285.2666015625,407.57275390625,117.34477233886719,381.13055419921875,83.9198989868164,130.78900146484375,105.29684448242188
2014-06-24,29057.439453125,5153.13623046875,402.239501953125,117.34477233886719,381.05377197265625,85.99066162109375,129.6436767578125,105.25762939453125
2014-06-25,28981.33984375,5219.20263671875,399.59381103515625,114.33187103271484,375.0123291015625,85.0134506225586,128.2686004638672,105.00907897949219
2014-06-26,29188.529296875,5285.259765625,396.4921875,117.81887817382812,367.916015625,86.07910919189453,129.12759399414062,106.78805541992188
2014-06-27,29343.759765625,5379.53564453125,401.47454833984375,122.07344055175781,374.90679931640625,87.74036407470703,127.58274841308594,110.86933898925781
2014-06-30,29652.529296875,5390.97216796875,401.62896728515625,127.08596801757812,393.4627380371094,90.17875671386719,129.46717834472656,113.9258804321289
2014-07-01,29701.580078125,5390.97216796875,399.9587707519531,124.0064697265625,389.91461181640625,90.30907440185547,130.87890625,114.75869750976562
2014-07-02,29676.80078125,5390.97216796875,396.6745910644531,125.74760437011719,385.6088562011719,90.28112030029297,130.2663116455078,114.5929946899414
2014-07-03,29697.7890625,5285.2666015625,397.5798034667969,123.9255599975586,385.3019714355469,89.63431549072266,129.5904083251953,113.99124145507812
2014-07-04,,5285.2666015625,392.4640197753906,122.10356903076172,386.5198669433594,89.31787872314453,129.15756225585938,113.28926849365234
2014-07-07,29528.9609375,5285.2666015625,393.85345458984375,121.46768951416016,385.8965148925781,88.8990707397461,128.24195861816406,113.38520050048828
2014-07-08,29497.5703125,5186.16845703125,390.70257568359375,120.75569915771484,383.92108154296875,88.14056396484375,128.3818359375,113.37214660644531
2014-07-09,29477.2890625,5318.29931640625,390.169189453125,120.6589584350586,383.5662536621094,88.73619079589844,128.2852783203125,113.51602172851562
2014-07-10,29353.119140625,5318.29931640625,392.9832458496094,117.02761840820312,379.0015563964844,87.51702880859375,126.49063110351562,113.65116119384766
2014-07-11,29318.060546875,5252.89453125,389.48150634765625,117.02761840820312,379.9701843261719,87.33553314208984,126.40408325195312,113.37647247314453
2014-07-14,29705.0703125,5252.89453125,394.3868103027344,117.82048797607422,383.70050048828125,88.23362731933594,132.02760314941406,114.2311019897461
2014-07-15,29683.970703125,5257.35498046875,393.1166076660156,119.08908081054688,385.23486328125,88.23362731933594,129.9499969482422,115.54792022705078
2014-07-16,29776.169921875,5384.36572265625,398.47802734375,117.86963653564453,389.07073974609375,87.58679962158203,130.10316467285156,115.96649169921875
2014-07-17,30177.109375,5285.2666015625,403.3763122558594,123.43875885009766,404.3470153808594,89.28997039794922,132.65687561035156,116.6903076171875
2014-07-18,30224.890625,5285.2666015625,397.02545166015625,121.46610260009766,405.2196350097656,88.36392974853516,133.23951721191406,117.78912353515625
2014-07-21,30413.23046875,5208.63134765625,406.68157958984375,119.08908081054688,412.38311767578125,88.45233917236328,132.21405029296875,119.97357940673828
2014-07-22,30402.08984375,5186.16845703125,402.4359436035156,119.08908081054688,412.8529968261719,88.28482055664062,133.80223083496094,119.75997161865234
2014-07-23,30465.4296875,5169.65185546875,403.52362060546875,119.08908081054688,404.8360900878906,87.94046020507812,134.7244873046875,120.34424591064453
2014-07-24,30474.75,5151.31787109375,415.9096984863281,118.77033233642578,395.0738525390625,87.62403106689453,135.0740966796875,121.00696563720703
2014-07-25,,5151.31787109375,415.9096984863281,118.77033233642578,395.0738525390625,87.62403106689453,135.0740966796875,121.00696563720703
2014-07-28,30314.0703125,5153.13623046875,415.1728515625,117.1861801147461,384.91839599609375,87.49372100830078,134.12184143066406,120.23963928222656
2014-07-29,,5153.13623046875,415.1728515625,117.1861801147461,384.91839599609375,87.49372100830078,134.12184143066406,120.23963928222656
2014-07-30,,5153.13623046875,415.1728515625,117.1861801147461,384.91839599609375,87.49372100830078,134.12184143066406,120.23963928222656
2014-07-31,,5153.13623046875,415.1728515625,117.1861801147461,384.91839599609375,87.49372100830078,134.12184143066406,120.23963928222656
2014-08-01,,5153.13623046875,415.1728515625,117.1861801147461,384.91839599609375,87.49372100830078,134.12184143066406,120.23963928222656
2014-08-04,29647.830078125,5146.52783203125,402.1060791015625,116.37744903564453,376.56585693359375,87.09819793701172,128.71475219726562,116.29348754882812
2014-08-05,29676.41015625,5120.10302734375,399.299072265625,115.75904083251953,373.6793518066406,88.36859130859375,128.40179443359375,117.30076599121094
2014-08-06,29382.970703125,5021.00341796875,393.3692321777344,112.9839859008789,371.5696105957031,89.62127685546875,126.7503890991211,115.57405090332031
2014-08-07,29537.0390625,5021.00341796875,400.0008544921875,115.79865264892578,376.23980712890625,89.67302703857422,129.27413940429688,116.03191375732422
2014-08-08,29380.5,5021.00341796875,394.3868103027344,116.01909637451172,372.72998046875,88.84891510009766,128.0188751220703,115.62635040283203
2014-08-11,28071.41015625,4769.9541015625,374.6674499511719,110.22477722167969,354.0973205566406,85.7926254272461,121.61962127685547,110.33735656738281
2014-08-12,28304.5,4888.8720703125,367.4323425292969,112.39884185791016,353.3397216796875,86.27296447753906,121.22674560546875,111.7849349975586
2014-08-13,28505.55078125,4954.85205078125,363.2779235839844,112.54790496826172,356.5043029785156,87.13002014160156,122.1323471069336,112.58293151855469
2014-08-14,,4954.85205078125,363.2779235839844,112.54790496826172,356.5043029785156,87.13002014160156,122.1323471069336,112.58293151855469
2014-08-15,28917.75,5087.06982421875,367.1937561035156,113.10767364501953,364.0129699707031,89.40462493896484,125.52845764160156,113.52468872070312
2014-08-18,28852.150390625,5087.06982421875,363.5095520019531,113.2218246459961,366.2378234863281,88.36858367919922,126.23761749267578,112.94918060302734
2014-08-19,28630.119140625,4832.7158203125,350.7796936035156,109.41605377197266,361.6155700683594,87.41732788085938,123.84368133544922,113.59886169433594
2014-08-20,28664.83984375,4822.806640625,357.3060607910156,109.41605377197266,366.6981201171875,87.5821304321289,124.68273162841797,112.96229553222656
2014-08-21,28865.25,4809.5927734375,373.1446838378906,111.79469299316406,376.0096740722656,88.00123596191406,125.02233123779297,114.17443084716797
2014-08-22,28871.75,4954.9384765625,370.15521240234375,112.32270050048828,373.1039733886719,87.6009750366211,125.9013442993164,113.66426086425781
2014-08-25,28519.33984375,4921.90478515625,364.9131164550781,112.32270050048828,361.14569091796875,87.14418029785156,124.28655242919922,110.93904876708984
2014-08-26,28243.58984375,4888.8720703125,351.01837158203125,111.3189697265625,343.7500915527344,87.12532043457031,122.56184387207031,109.70945739746094
2014-08-27,27811.349609375,4954.9384765625,338.8218078613281,111.00182342529297,326.56549072265625,86.6355972290039,119.98149108886719,108.7676773071289
2014-08-28,27774.4296875,5107.4169921875,349.7341003417969,116.2696304321289,316.5443420410156,87.13947296142578,119.03260803222656,109.48711395263672
2014-08-29,28567.740234375,5087.06982421875,364.0428466796875,114.9550552368164,332.3671875,89.2680435180664,123.47746276855469,113.77765655517578
2014-09-01,,4994.57666015625,366.1200866699219,114.9550552368164,335.74273681640625,88.99961853027344,122.04578399658203,112.79657745361328
2014-09-02,29260.2890625,5219.1943359375,369.881591796875,113.67852783203125,350.89434814453125,89.8425521850586,127.33966064453125,115.61767578125
2014-09-03,29595.55078125,5284.6064453125,377.9236145019531,114.17327117919922,368.02142333984375,89.1502914428711,125.74818420410156,117.87626647949219
2014-09-04,29604.30078125,5272.046875,368.6183776855469,111.06206512451172,373.3341369628906,88.6181640625,124.81592559814453,117.74983215332031
2014-09-05,29513.779296875,5272.046875,370.7357482910156,110.68464660644531,370.0544738769531,87.95418548583984,124.07347106933594,117.64521789550781
2014-09-08,29585.599609375,5272.046875,388.64154052734375,109.19403839111328,368.35711669921875,88.17549896240234,123.54405212402344,117.88067626953125
2014-09-09,29728.91015625,5291.94873046875,408.07183837890625,111.21905517578125,367.57073974609375,89.71543884277344,123.51742553710938,118.49110412597656
2014-09-10,29691.310546875,5130.5830078125,413.3652648925781,111.00182342529297,363.79241943359375,88.56636810302734,122.44532012939453,118.47370910644531
2014-09-11,29858.369140625,5130.5830078125,408.2835388183594,109.73318481445312,366.8323059082031,92.99304962158203,123.00799560546875,117.75857543945312
2014-09-12,30044.890625,5106.2666015625,400.30108642578125,112.38935089111328,373.78485107421875,91.7827377319336,122.67174530029297,119.4285888671875
2014-09-15,30070.130859375,5106.2666015625,402.48199462890625,111.00182342529297,372.2025451660156,96.3601303100586,121.89263153076172,119.2716293334961
2014-09-16,30180.30078125,5166.94384765625,422.2087707519531,111.16036987304688,386.1458740234375,99.55768585205078,122.09239959716797,118.01069641113281
2014-09-17,30136.5703125,5222.3173828125,416.8729553222656,109.41605377197266,391.5064697265625,100.73028564453125,122.48860168457031,115.96514892578125
2014-09-18,30094.16015625,5225.634765625,414.6003112792969,108.63113403320312,400.31939697265625,99.29396057128906,121.06356811523438,115.18480682373047
2014-09-19,30015.80078125,5205.732421875,419.3078918457031,107.43389129638672,395.6683654785156,98.3380126953125,120.35441589355469,114.47941589355469
2014-09-22,29993.869140625,5205.732421875,414.38861083984375,111.79469299316406,393.21343994140625,98.1166763305664,120.19124603271484,114.69541931152344
2014-09-23,30143.76953125,5225.634765625,430.88287353515625,110.84324645996094,397.087646484375,97.86705780029297,122.58515167236328,114.32952117919922
2014-09-24,30095.80078125,5172.58056640625,450.3554992675781,109.44461822509766,396.4930419921875,99.74134063720703,121.70952606201172,111.64461517333984
2014-09-25,29940.26953125,5139.423828125,452.0352478027344,110.11376953125,392.80108642578125,97.7587661743164,120.47425079345703,110.54248046875
2014-09-26,29705.650390625,4998.83447265625,429.4360046386719,111.27452087402344,387.0184631347656,94.87203979492188,119.88494110107422,110.18097686767578
2014-09-29,29383.130859375,4998.83447265625,413.9581298828125,116.076171875,381.25518798828125,94.23157501220703,118.40997314453125,108.27645874023438
2014-09-30,29726.390625,4907.3203125,428.0032043457031,112.2704086303711,385.1101989746094,98.50753784179688,120.01148223876953,108.92009735107422
2014-10-01,29996.609375,5039.9521484375,429.25244140625,112.74613189697266,398.29595947265625,98.80892944335938,122.71833801269531,110.46310424804688
2014-10-02,30071.580078125,5106.2666015625,433.97418212890625,111.95326232910156,385.8810729980469,98.67705535888672,122.19225311279297,111.18174743652344
2014-10-03,30103.23046875,5106.2666015625,431.8004150390625,114.01630401611328,383.319091796875,97.04765319824219,120.89966583251953,112.06790161132812
2014-10-06,,5106.2666015625,431.8004150390625,114.01630401611328,383.319091796875,97.04765319824219,120.89966583251953,112.06790161132812
2014-10-07,,5106.2666015625,431.8004150390625,114.01630401611328,383.319091796875,97.04765319824219,120.89966583251953,112.06790161132812
2014-10-08,,5106.2666015625,431.8004150390625,114.01630401611328,383.319091796875,97.04765319824219,120.89966583251953,112.06790161132812
2014-10-09,29978.939453125,5106.2666015625,426.96575927734375,114.96614837646484,384.34967041015625,94.58003234863281,118.96073913574219,109.16693878173828
2014-10-10,30158.630859375,5039.2880859375,436.3526611328125,112.2403335571289,382.8761291503906,95.97399139404297,119.89993286132812,108.50130462646484
2014-10-13,30394.41015625,5139.423828125,436.47265625,112.07192993164062,386.5841979980469,100.62667083740234,119.26033782958984,107.98103332519531
2014-10-14,30355.220703125,5172.58056640625,438.3077697753906,112.23229217529297,387.6050720214844,100.2781982421875,117.64794921875,106.85242462158203
2014-10-15,30120.990234375,5305.2109375,431.10870361328125,109.35733032226562,383.6851501464844,100.08038330078125,111.78742218017578,104.52025604248047
2014-10-16,29982.44921875,5305.2109375,434.46832275390625,110.63848114013672,382.6641845703125,98.1590576171875,111.13775634765625,103.66500854492188
2014-10-17,29883.099609375,5305.2109375,433.78363037109375,107.51820373535156,381.1617126464844,97.50917053222656,111.11756896972656,103.48866271972656
2014-10-20,29711.119140625,5371.52685546875,432.78143310546875,105.9869155883789,375.8933410644531,97.19364929199219,109.88215637207031,103.2637939453125
2014-10-21,29694.26953125,5504.1572265625,433.0849304199219,110.52945709228516,379.63995361328125,97.4526596069336,109.61287689208984,102.21013641357422
2014-10-22,29940.390625,5779.36376953125,427.3539733886719,109.19379425048828,383.2324523925781,98.09309387207031,110.75065612792969,103.17121124267578
2014-10-23,30025.130859375,5961.7314453125,417.84698486328125,110.95755767822266,387.2102355957031,100.8292007446289,110.02354431152344,102.92434692382812
2014-10-24,30098.490234375,5802.57373046875,425.58941650390625,109.91531372070312,384.513427734375,99.63304138183594,115.52389526367188,103.64734649658203
2014-10-27,30238.9609375,5802.57373046875,420.2607727050781,107.59196472167969,402.8515625,101.9593734741211,115.40941619873047,103.16679382324219
2014-10-28,30225.619140625,5659.998046875,415.19329833984375,107.43000030517578,396.77423095703125,101.4178237915039,117.55367279052734,102.86701965332031
2014-10-29,30113.240234375,5411.3154296875,433.7554626464844,107.43000030517578,393.2105407714844,100.4901351928711,115.92445373535156,102.12635803222656
2014-10-30,30204.08984375,5411.3154296875,440.3474426269531,112.18902587890625,396.8704833984375,101.05995178222656,116.06246185302734,100.41584014892578
2014-10-31,30376.529296875,5404.6435546875,435.0893859863281,115.76949310302734,401.97509765625,101.02698516845703,117.88357543945312,100.53483581542969
2014-11-03,,5404.6435546875,435.0893859863281,115.76949310302734,401.97509765625,101.02698516845703,117.88357543945312,100.53483581542969
2014-11-04,,5404.6435546875,435.0893859863281,115.76949310302734,401.97509765625,101.02698516845703,117.88357543945312,100.53483581542969
2014-11-05,30593.310546875,5404.6435546875,430.6359558105469,115.98113250732422,422.06622314453125,101.78987884521484,117.11273193359375,101.2314224243164
2014-11-06,30663.779296875,5670.87353515625,427.4033203125,112.456787109375,435.9064636230469,102.22309875488281,114.24473571777344,97.69564056396484
2014-11-07,30930.0390625,5558.10693359375,433.62835693359375,112.41667938232422,434.83740234375,102.06608581542969,116.02880096435547,99.20342254638672
2014-11-10,31281.830078125,5671.53271484375,438.47003173828125,112.94102478027344,434.5292053222656,101.63780212402344,117.18341064453125,104.16319274902344
2014-11-11,31303.630859375,5691.556640625,460.39178466796875,112.40066528320312,430.0313415527344,102.18505096435547,115.49359893798828,104.74072265625
2014-11-12,31629.19921875,5938.435546875,483.4074401855469,116.37399291992188,432.3332214355469,102.38011932373047,119.06510162353516,106.22197723388672
2014-11-13,31441.8203125,5875.04833984375,484.2403564453125,114.66951751708984,422.9233703613281,101.40945434570312,117.47962951660156,104.51146697998047
2014-11-14,31344.0703125,5938.435546875,478.29052734375,115.4471664428711,431.77459716796875,100.80984497070312,116.33175659179688,102.26742553710938
2014-11-17,31702.7890625,5871.7109375,499.1253967285156,113.31620788574219,443.0047607421875,102.06134033203125,119.9032974243164,102.28507995605469
2014-11-18,32006.400390625,5754.943359375,515.5631103515625,116.98968505859375,465.1473388671875,101.45698547363281,124.78089141845703,102.7876968383789
2014-11-19,31756.2890625,5738.263671875,521.59765625,118.51614379882812,468.0367736816406,100.76698303222656,124.42405700683594,102.64217376708984
2014-11-20,31239.0390625,5738.263671875,522.5645751953125,114.10189819335938,451.73077392578125,98.50193786621094,121.41134643554688,102.3512191772461
2014-11-21,31494.83984375,5738.263671875,548.69287109375,116.31465148925781,450.1512756347656,99.68682861328125,122.10476684570312,101.99408721923828
2014-11-24,31316.9609375,5855.03125,544.4652099609375,114.17245483398438,456.10345458984375,99.76292419433594,121.57962799072266,101.60611724853516
2014-11-25,31223.740234375,5855.03125,554.5225219726562,113.52307891845703,455.3041076660156,99.31088256835938,123.03386688232422,100.6583023071289
2014-11-26,31454.470703125,5738.263671875,576.1903076171875,114.24462127685547,456.3827819824219,99.2537841796875,122.97998046875,100.56571197509766
2014-11-27,,5738.263671875,595.98046875,116.50544738769531,452.54949951171875,98.7113037109375,122.06096649169922,98.83309936523438
2014-11-28,31197.98046875,5638.177734375,587.7156982421875,116.50544738769531,459.0217590332031,97.43123626708984,118.27740478515625,93.94831085205078
2014-12-01,31299.720703125,5638.177734375,616.6107788085938,116.50544738769531,457.0184631347656,95.91328430175781,115.52389526367188,91.27228546142578
2014-12-02,31680.720703125,5538.09228515625,625.630615234375,116.50544738769531,460.3605651855469,95.85137176513672,118.82611083984375,94.41122436523438
2014-12-03,31872.73046875,5538.09228515625,619.6102294921875,116.50544738769531,460.2160339355469,95.71818542480469,117.80281066894531,96.40394592285156
2014-12-04,32090.9296875,5671.53955078125,614.2604370117188,116.50544738769531,455.8722839355469,97.25994110107422,122.44811248779297,96.91976928710938
2014-12-05,32148.779296875,5871.7109375,613.378173828125,116.50544738769531,462.0652770996094,98.01657104492188,121.16896057128906,96.03362274169922
2014-12-08,32010.330078125,5871.7109375,600.857421875,116.50544738769531,458.7809753417969,99.7391357421875,121.99703216552734,95.0769271850586
2014-12-09,32084.16015625,5871.7109375,591.7174682617188,116.50544738769531,468.2679138183594,99.41080474853516,122.66020202636719,95.67213439941406
2014-12-10,31781.650390625,5671.53955078125,562.1380615234375,116.50544738769531,481.5881042480469,98.99207305908203,120.8929443359375,94.90061950683594
2014-12-11,31779.75,5671.53955078125,534.0336303710938,116.50544738769531,494.9178771972656,98.97779846191406,122.49186706542969,95.34585571289062
2014-12-12,31589.8203125,5671.53955078125,507.3336181640625,116.50544738769531,486.13409423828125,98.68275451660156,122.79818725585938,94.08501434326172
2014-12-15,31690.099609375,5671.53955078125,531.640869140625,116.08855438232422,479.43060302734375,98.99207305908203,128.0931854248047,95.11101531982422
2014-12-16,30876.279296875,5671.53955078125,505.0963439941406,112.69245910644531,455.6796875,98.80172729492188,121.89270782470703,90.36013793945312
2014-12-17,30667.140625,5671.53955078125,511.4272766113281,112.49044036865234,448.3116760253906,98.97303771972656,120.39474487304688,89.37427520751953
2014-12-18,30827.44921875,5604.814453125,517.123046875,110.88062286376953,458.9254455566406,100.4101333618164,121.14875793457031,89.76683807373047
2014-12-19,31011.150390625,5671.53955078125,523.7855834960938,112.13772583007812,467.23724365234375,102.37062072753906,121.38102722167969,91.2746353149414
2014-12-22,31491.619140625,5955.115234375,525.7689208984375,109.6748275756836,470.42535400390625,105.83960723876953,122.83524322509766,93.46492767333984
2014-12-23,31750.380859375,5988.4794921875,537.01904296875,102.0168228149414,472.9872741699219,106.99117279052734,122.60298156738281,95.23593139648438
2014-12-24,32000.009765625,6070.21533203125,526.7781982421875,107.11575317382812,475.75146484375,105.50651550292969,121.59310913085938,95.61061096191406
2014-12-25,,6070.21533203125,526.7781982421875,107.11575317382812,475.75146484375,105.50651550292969,121.59310913085938,95.61061096191406
2014-12-26,31993.009765625,6005.22607421875,532.2409057617188,112.47122192382812,468.4605407714844,104.0027847290039,120.39474487304688,94.6247787475586
2014-12-29,31906.740234375,6038.521484375,519.0003662109375,118.09284973144531,466.4957275390625,103.09394073486328,119.92011260986328,93.5318603515625
2014-12-30,31953.900390625,6008.49609375,497.8620910644531,123.9966812133789,476.68572998046875,103.56501770019531,120.38800048828125,91.44857788085938
2014-12-31,32131.279296875,6071.88427734375,501.588623046875,127.05604553222656,481.8384704589844,102.90834045410156,120.4789047241211,91.8366928100586
2015-01-01,,6077.22265625,494.6437683105469,126.2607421875,494.5230407714844,102.79888916015625,121.8758773803711,92.09097290039062
2015-01-02,32731.609375,6038.521484375,511.0249328613281,128.22010803222656,494.7734680175781,104.11701965332031,123.82489776611328,93.03667449951172
2015-01-05,32757.7890625,6038.521484375,505.9856872558594,129.34573364257812,490.0059509277344,104.69755554199219,122.31683349609375,93.30432891845703
2015-01-06,32668.73046875,6340.44677734375,494.1849670410156,128.53762817382812,481.41473388671875,103.95523071289062,120.11872863769531,93.69689178466797
2015-01-07,32835.94140625,6642.24609375,495.130615234375,126.70970153808594,488.7056579589844,104.48342895507812,118.62076568603516,93.98684692382812
2015-01-08,33117.46875,6974.357421875,494.05078125,126.23188781738281,493.0590515136719,102.77984619140625,118.79582977294922,94.92809295654297
2015-01-09,33324.8203125,7322.9638671875,488.8914489746094,125.71235656738281,494.12811279296875,103.5174560546875,119.49933624267578,97.38603210449219
2015-01-12,33418.19921875,7139.46728515625,501.60968017578125,125.70272827148438,488.23370361328125,103.65069580078125,119.14250183105469,96.75260162353516
2015-01-13,33371.2890625,7073.41162109375,496.4505310058594,125.06776428222656,486.2496337890625,103.30807495117188,116.54046630859375,93.87085723876953
2015-01-14,33585.75,7073.41162109375,503.1836853027344,126.1613540649414,489.24505615234375,103.7173080444336,115.1805419921875,93.57643127441406
2015-01-15,33765.609375,7338.97314453125,496.34466552734375,132.4691925048828,487.3187561035156,103.74110412597656,116.98816680908203,93.45600891113281
2015-01-16,33786.44140625,7338.97314453125,494.4954528808594,139.0914306640625,487.155029296875,102.64185333251953,119.61041259765625,92.77347564697266
2015-01-19,,7006.01904296875,490.472412109375,136.59005737304688,489.97705078125,102.64661407470703,125.2420654296875,94.89688110351562
2015-01-20,34121.30078125,7006.01904296875,485.39068603515625,135.48367309570312,488.5323181152344,101.68541717529297,128.03262329101562,95.1912841796875
2015-01-21,34329.5,6872.57080078125,484.85430908203125,133.2805633544922,490.9593811035156,101.77578735351562,128.3389129638672,95.55262756347656
2015-01-22,34146.96875,6939.296875,473.9358215332031,129.30087280273438,483.4854431152344,101.27141571044922,126.39328002929688,96.62324523925781
2015-01-23,34026.58984375,6939.296875,468.00726318359375,126.79949188232422,482.68609619140625,101.05248260498047,126.6592025756836,96.93103790283203
2015-01-26,34466.53125,6939.296875,472.0585021972656,128.2169189453125,492.2308044433594,102.50859832763672,128.9347381591797,95.73108673095703
2015-01-27,34538.44921875,7285.59521484375,491.2700500488281,130.36231994628906,515.9528198242188,100.57665252685547,129.39927673339844,95.74445343017578
2015-01-28,34386.859375,7285.59521484375,480.9936828613281,128.6209716796875,520.7589111328125,98.23070526123047,127.57815551757812,95.23593139648438
2015-01-29,34408.73046875,6986.001953125,494.0084533691406,129.20462036132812,506.7163391113281,98.95399475097656,128.30526733398438,95.51695251464844
2015-01-30,34443.87109375,7006.01904296875,507.7076416015625,128.54080200195312,500.3692932128906,100.15314483642578,126.44041442871094,94.0983657836914
2015-02-02,34676.30859375,7006.01904296875,503.4942626953125,128.47988891601562,508.8256530761719,100.65756225585938,130.961181640625,96.73925018310547
2015-02-03,34826.51171875,7006.01904296875,500.9603271484375,128.71717834472656,509.08563232421875,101.24284362792969,134.75146484375,99.00092315673828
2015-02-04,34672.25,7072.74267578125,490.48663330078125,127.64289855957031,506.4658203125,101.31422424316406,136.323486328125,97.28347778320312
2015-02-05,34672.25,7072.74267578125,490.48663330078125,127.64289855957031,506.4658203125,101.31422424316406,136.323486328125,97.28347778320312
2015-02-06,34656.94140625,7079.41357421875,482.1864318847656,126.58140563964844,510.37628173828125,100.12934875488281,137.35691833496094,96.84186553955078
2015-02-09,34570.30078125,7072.74267578125,485.01666259765625,126.7962646484375,517.6865234375,99.02063751220703,136.5018768310547,95.89611053466797
2015-02-10,34432.890625,7072.74267578125,488.3338928222656,126.70648193359375,519.554931640625,97.24569702148438,134.8861541748047,97.0024185180664
2015-02-11,34203.98828125,7206.18994140625,479.9350891113281,127.15229034423828,517.3109130859375,96.93634796142578,132.63418579101562,95.32066345214844
2015-02-12,33786.421875,7046.0537109375,474.7898254394531,129.66323852539062,513.7472534179688,94.17638397216797,130.75918579101562,93.87533569335938
2015-02-13,33943.19921875,7046.0537109375,470.62567138671875,128.43817138671875,518.9962768554688,96.04650115966797,134.92652893066406,94.22331237792969
2015-02-16,,7026.37109375,473.5476989746094,127.71346282958984,509.4131164550781,96.35105895996094,135.054443359375,95.25822448730469
2015-02-17,33801.1015625,7006.01904296875,473.4348449707031,128.27142333984375,508.0936279296875,96.35105895996094,134.6572265625,95.75337219238281
2015-02-18,33718.859375,7039.37890625,474.80389404296875,126.35052490234375,501.5635681152344,97.26944732666016,133.5430450439453,96.1280517578125
2015-02-19,33942.26953125,7006.01904296875,468.4095153808594,127.60122680664062,506.7934265136719,97.78338623046875,134.77169799804688,94.64704895019531
2015-02-20,33993.0,7006.01904296875,467.93670654296875,126.35374450683594,502.7674560546875,97.5739974975586,135.77818298339844,94.5935287475586
2015-02-23,33926.69921875,6655.71728515625,462.99615478515625,123.03785705566406,501.303466796875,97.06961822509766,135.15879821777344,94.0983657836914
2015-02-24,33895.4609375,6655.71728515625,455.2325134277344,122.77484893798828,499.945556640625,97.28372192382812,133.09869384765625,93.70133972167969
2015-02-25,33845.30078125,6686.412109375,455.2325134277344,122.18158721923828,496.9983215332031,96.92207336425781,131.2607879638672,93.19280242919922
2015-02-26,33762.80078125,6822.52587890625,454.5267639160156,122.18158721923828,490.1311340332031,96.70791625976562,130.61785888671875,93.44707489013672
2015-02-27,33632.19140625,6805.84765625,451.7036437988281,121.1521987915039,483.2735900878906,96.93634796142578,129.0087890625,94.19205474853516
2015-03-02,33213.578125,6805.84765625,443.22711181640625,120.94373321533203,480.5864562988281,96.5271224975586,127.4603500366211,93.18388366699219
2015-03-03,33188.76953125,6672.39697265625,433.5295104980469,121.86090087890625,498.52001953125,95.60397338867188,128.27835083007812,92.33184051513672
2015-03-04,33242.94140625,6672.39697265625,414.5509033203125,121.53382110595703,485.9029235839844,95.26611328125,128.2446746826172,91.5913314819336
2015-03-05,33368.828125,6655.71728515625,393.82904052734375,121.80640411376953,484.91094970703125,96.41293334960938,131.4661102294922,91.88130187988281
2015-03-06,33263.66015625,6655.71728515625,379.303955078125,120.25749206542969,484.09222412109375,96.07029724121094,132.7452392578125,91.0649642944336
2015-03-09,32860.5703125,6655.71728515625,363.3037414550781,120.74173736572266,470.2134704589844,95.2946548461914,130.21726989746094,91.12299346923828
2015-03-10,32566.58984375,6655.71728515625,354.5096740722656,120.25749206542969,462.9032287597656,94.64752197265625,130.072509765625,91.16311645507812
2015-03-11,32539.609375,6655.71728515625,352.872314453125,118.65406036376953,468.25823974609375,94.07172393798828,130.2071533203125,90.7839126586914
2015-03-12,32582.6796875,6655.71728515625,359.9512939453125,118.68611907958984,468.942138671875,93.27229309082031,129.6012420654297,90.91777038574219
2015-03-13,32929.08984375,6655.71728515625,359.8665466308594,119.84701538085938,472.3515930175781,95.15668487548828,130.55726623535156,91.42628479003906
2015-03-16,32454.91015625,6655.71728515625,362.8520812988281,118.67007446289062,462.44091796875,95.90530395507812,127.95853424072266,89.07923889160156
2015-03-17,32342.259765625,6655.71728515625,366.1481018066406,118.97471618652344,453.89788818359375,90.64521026611328,126.28555297851562,88.47109985351562
2015-03-18,31524.98046875,6655.724609375,360.85467529296875,114.1644287109375,446.66473388671875,91.81462860107422,122.80491638183594,84.79509735107422
2015-03-19,31451.619140625,6656.166015625,360.8687744140625,114.48511505126953,454.5239562988281,92.12781524658203,123.70033264160156,85.0113525390625
2015-03-20,31800.259765625,6679.73779296875,365.5129089355469,118.65406036376953,462.8742980957031,93.04773712158203,124.61256408691406,84.62393951416016
2015-03-23,31800.259765625,6679.73779296875,365.5129089355469,118.65406036376953,462.8742980957031,93.04773712158203,124.61256408691406,84.62393951416016
2015-03-24,31310.73046875,6655.71728515625,352.5970153808594,112.72134399414062,451.93310546875,91.74617767333984,121.93306732177734,83.82659149169922
2015-03-25,31086.509765625,6660.72021484375,362.2945251464844,109.03343963623047,450.13201904296875,90.98282623291016,120.31733703613281,82.63729858398438
2015-03-26,30678.970703125,6666.32666015625,352.7098693847656,107.43000030517578,441.088134765625,88.04695129394531,119.15597534179688,84.12837982177734
2015-03-27,29957.830078125,6655.7509765625,351.54541015625,112.79190826416016,430.6573486328125,86.2609634399414,116.22067260742188,82.0516586303711
2015-03-30,28927.0390625,6655.71728515625,334.3030090332031,118.37500762939453,409.140869140625,82.88960266113281,110.41065216064453,79.89381408691406
2015-03-31,30233.869140625,6655.71728515625,351.0159606933594,123.01859283447266,429.5016174316406,87.0340576171875,115.93121337890625,81.77687072753906
2015-04-01,30605.05078125,6655.71728515625,368.5619201660156,120.57816314697266,446.2409973144531,90.50334167480469,117.63111877441406,79.70464324951172
2015-04-02,31132.25,6655.71728515625,380.7296447753906,121.10089874267578,453.9267578125,91.824462890625,120.15574645996094,79.99744415283203
2015-04-03,,6655.71728515625,386.2700500488281,118.65406036376953,460.1679382324219,90.82623291015625,117.69168090820312,77.68194580078125
2015-04-06,31752.169921875,6655.71728515625,388.38037109375,119.96885681152344,461.61260986328125,88.72219848632812,122.2427978515625,78.09188842773438
2015-04-07,31600.73046875,6655.71728515625,384.759765625,119.61611938476562,451.5863037109375,85.83038330078125,122.03068542480469,78.55140686035156
2015-04-08,31887.30078125,6655.71728515625,386.2983703613281,120.03302001953125,449.46746826171875,85.19426727294922,127.34254455566406,80.11457061767578
2015-04-09,32013.91015625,6839.20751953125,384.64678955078125,118.94906616210938,454.3987121582031,88.89838409423828,124.82127380371094,79.78572082519531
2015-04-10,32350.9296875,7006.01904296875,387.8580627441406,118.65406036376953,460.1004638671875,90.20482635498047,124.4005126953125,78.96582794189453
2015-04-13,32248.44921875,7006.01904296875,394.65484619140625,120.01055145263672,453.1658935546875,87.650634765625,124.48127746582031,78.5423812866211
2015-04-14,32109.869140625,6939.296875,391.6129455566406,120.89886474609375,447.2329406738281,88.7369155883789,124.03021240234375,78.4657974243164
2015-04-15,32248.859375,6797.95166015625,393.1222229003906,120.17089080810547,441.61785888671875,88.89347839355469,125.12759399414062,79.65957641601562
2015-04-16,32736.4296875,6458.05322265625,388.7508239746094,118.74063110351562,440.1828308105469,92.24034881591797,126.80393981933594,81.38944244384766
2015-04-17,33234.73046875,6458.05322265625,388.245361328125,118.97471618652344,459.0410461425781,90.6158676147461,128.01913452148438,83.4301528930664
2015-04-20,33304.640625,6458.05322265625,386.5722961425781,118.61235046386719,462.0652770996094,90.53265380859375,127.3997802734375,83.23643493652344
2015-04-21,33035.76953125,6458.05322265625,388.0104064941406,117.7080307006836,457.028076171875,90.47393798828125,125.32617950439453,81.5516586303711
2015-04-22,33490.640625,6394.11328125,397.728515625,118.5995101928711,468.4605407714844,94.99517822265625,127.84745025634766,81.40748596191406
2015-04-23,33456.73828125,6713.81787109375,395.69952392578125,118.07682037353516,474.5860290527344,95.5823745727539,128.99195861816406,80.99303436279297
2015-04-24,33775.12109375,6730.6455078125,386.6435241699219,115.4471664428711,470.48309326171875,95.89063262939453,130.4629669189453,82.8580093383789
2015-04-27,33844.2890625,6730.6455078125,384.4578552246094,112.32048034667969,469.15399169921875,97.91152954101562,129.71568298339844,82.50214385986328
2015-04-28,33575.94140625,6730.6455078125,384.9632873535156,108.44979095458984,465.75408935546875,95.78787994384766,127.68251037597656,81.79942321777344
2015-04-29,33460.01171875,6730.6455078125,391.05047607421875,108.2638168334961,463.22100830078125,96.34081268310547,126.5649642944336,81.92554473876953
2015-04-30,33729.9609375,6730.6455078125,395.1369934082031,108.39530944824219,469.2599182128906,98.1561508178711,128.20089721679688,82.36699676513672
2015-05-01,,6730.6455078125,395.1369934082031,108.39530944824219,469.2599182128906,98.1561508178711,128.20089721679688,82.36699676513672
2015-05-04,33723.53125,6394.11328125,408.8063659667969,109.18734741210938,470.3386535644531,99.33537292480469,127.4166030883789,82.23637390136719
2015-05-05,33533.640625,6394.11328125,423.99212646484375,108.82501220703125,465.24365234375,97.51515197753906,127.4940414428711,82.09222412109375
2015-05-06,33839.28125,6713.81787109375,444.54608154296875,110.30979919433594,468.373779296875,97.38795471191406,130.03211975097656,86.1826171875
2015-05-07,33742.87890625,6865.2587890625,434.4293212890625,108.51074981689453,462.2193908691406,97.87235260009766,129.52044677734375,87.58814239501953
2015-05-08,33530.30078125,6730.6455078125,430.9478454589844,108.15157318115234,458.530517578125,97.97513580322266,128.3119659423828,85.59699249267578
2015-05-11,32506.359375,6730.6455078125,431.4389953613281,104.5053482055664,435.60791015625,97.85279083251953,121.94990539550781,84.61493682861328
2015-05-12,33023.80078125,6730.6455078125,439.9824523925781,105.82657623291016,442.7447509765625,99.56538391113281,124.65299224853516,85.60600280761719
2015-05-13,32915.44140625,6730.6455078125,440.537841796875,105.82657623291016,439.13299560546875,98.47422790527344,125.4002456665039,85.58796691894531
2015-05-14,33103.73046875,6730.6455078125,439.3275146484375,105.40007019042969,439.2389221191406,97.56292724609375,126.61138153076172,85.3897705078125
2015-05-15,33039.19140625,6744.10693359375,437.8466491699219,105.30386352539062,438.5454406738281,98.21527862548828,125.22919464111328,84.26805877685547
2015-05-18,32886.05859375,6744.10693359375,437.8466491699219,104.8645248413086,433.8645935058594,97.59278106689453,123.84013366699219,84.06983184814453
2015-05-19,32729.55078125,6723.9140625,444.966064453125,106.50643157958984,429.4919738769531,98.08080291748047,123.78540802001953,83.80855560302734
2015-05-20,32599.0,6723.9140625,444.966064453125,105.87147521972656,427.4501037597656,98.26010131835938,123.43986511230469,83.80855560302734
2015-05-21,32617.740234375,6723.9140625,445.9913024902344,106.46797180175781,427.3441467285156,98.07086181640625,123.49803161621094,82.95712280273438
2015-05-22,32605.619140625,6723.9140625,444.966064453125,105.73358154296875,427.0359802246094,97.66250610351562,124.3875503540039,83.70946502685547
2015-05-25,,6723.9140625,444.966064453125,104.74586486816406,432.3428955078125,96.57196807861328,125.62946319580078,86.45740509033203
2015-05-26,32510.349609375,6723.9140625,441.4063415527344,105.06014251708984,428.933349609375,96.13870239257812,125.16763305664062,85.58796691894531
2015-05-27,32842.58984375,6723.9140625,439.2064208984375,103.69403076171875,432.4391784667969,97.5479736328125,126.36848449707031,85.27262878417969
2015-05-28,32763.48046875,6723.9140625,434.9134521484375,103.90568542480469,430.368408203125,96.66156768798828,125.97160339355469,83.78153991699219
2015-05-29,33056.7890625,6723.9140625,434.71405029296875,108.7255859375,433.36376953125,101.22801208496094,125.52680206298828,83.21842193603516
2015-06-01,33563.37890625,6723.9140625,435.27655029296875,108.86027526855469,448.38873291015625,106.02347564697266,127.78829193115234,83.63286590576172
2015-06-02,33895.33984375,6723.9140625,437.8466491699219,107.43643188476562,460.8228454589844,104.54948425292969,130.49111938476562,85.46184539794922
2015-06-03,33908.62109375,6428.43798828125,437.8466491699219,107.34342193603516,463.962646484375,104.28553771972656,129.86500549316406,85.17355346679688
2015-06-04,34085.73828125,6717.18408203125,442.1538391113281,107.13497161865234,464.7428283691406,104.56444549560547,130.74427795410156,85.3717269897461
2015-06-05,34012.48828125,6717.18408203125,442.1538391113281,107.13497161865234,464.7428283691406,104.56444549560547,130.74427795410156,85.3717269897461
2015-06-08,34151.109375,6717.18408203125,442.1538391113281,107.13497161865234,464.7428283691406,104.56444549560547,130.74427795410156,85.3717269897461
2015-06-09,34270.28125,6744.10693359375,432.8630065917969,108.49470520019531,494.0125427246094,101.98493194580078,135.0858917236328,84.50228881835938
2015-06-10,34323.83984375,6865.2587890625,444.7239990234375,110.4059829711914,500.13812255859375,101.23797607421875,137.0052490234375,85.25012969970703
2015-06-11,34594.69921875,6730.6455078125,448.5257873535156,115.09760284423828,503.0853576660156,102.36837768554688,138.2505645751953,88.23684692382812
2015-06-12,34651.2890625,6747.54638671875,446.0055847167969,120.85075378417969,500.4848937988281,101.46703338623047,136.98814392089844,87.76835632324219
2015-06-15,34710.2890625,6730.6455078125,444.966064453125,123.4419174194336,499.75286865234375,101.16326141357422,137.16943359375,87.98200225830078
2015-06-16,34516.30078125,6865.2587890625,444.966064453125,118.70216369628906,500.27294921875,100.70514678955078,135.60250854492188,86.97286224365234
2015-06-17,34482.0,6865.2587890625,445.08001708984375,117.62785339355469,491.989990234375,100.55075073242188,136.0677947998047,86.68645477294922
2015-06-18,34674.609375,6865.2587890625,451.2882385253906,117.37773132324219,484.1307678222656,101.78073120117188,136.43045043945312,87.9365005493164
2015-06-19,34526.69921875,6865.2587890625,446.3899841308594,117.37773132324219,481.57843017578125,102.119384765625,135.5101318359375,88.11377716064453
2015-06-22,34278.421875,6865.2587890625,452.08563232421875,114.24462127685547,475.78045654296875,103.07548522949219,133.99447631835938,87.20922088623047
2015-06-23,34133.828125,6865.2587890625,445.82037353515625,113.95599365234375,473.9407653808594,102.3932876586914,133.04684448242188,85.6909408569336
2015-06-24,34331.94140625,6865.2587890625,452.03570556640625,112.07035827636719,480.1626281738281,103.0854263305664,134.8087921142578,84.62723541259766
2015-06-25,34077.921875,6865.2587890625,454.93328857421875,110.63687133789062,482.15631103515625,103.08047485351562,132.85865783691406,82.92262268066406
2015-06-26,33885.12890625,6865.2587890625,456.2077331542969,108.69031524658203,488.9560852050781,103.08047485351562,130.90170288085938,81.00888061523438
2015-06-29,34093.55078125,6730.6376953125,453.43115234375,106.32364654541016,496.73822021484375,104.34529113769531,131.08982849121094,80.40431213378906
2015-06-30,34398.859375,6563.052734375,475.0885925292969,108.94685363769531,500.4655456542969,107.13895416259766,131.98965454101562,81.47710418701172
2015-07-01,34843.6015625,6554.3017578125,481.63128662109375,109.3541259765625,502.6711120605469,106.8551254272461,134.4906005859375,82.6498794555664
2015-07-02,35186.55859375,6554.3017578125,499.159423828125,108.68070220947266,519.9306030273438,105.09225463867188,136.06097412109375,83.20899963378906
2015-07-03,,6554.3017578125,499.308837890625,110.42522430419922,537.1224975585938,106.24259948730469,136.6973114013672,83.41356658935547
2015-07-06,35502.28125,6562.3779296875,504.2996520996094,111.87152862548828,555.749755859375,106.05335235595703,135.20909118652344,81.80892181396484
2015-07-07,35537.69140625,6723.9140625,507.95904541015625,111.3840560913086,558.716064453125,106.02347564697266,132.57469177246094,80.13612365722656
2015-07-08,35328.828125,6723.9140625,508.7349853515625,111.10188293457031,553.746337890625,106.25255584716797,130.6621856689453,80.47246551513672
2015-07-09,35147.12890625,6723.9140625,505.48162841796875,110.01152038574219,539.0103759765625,106.43681335449219,130.00872802734375,80.01336669921875
2015-07-10,35112.2890625,6730.6455078125,505.21807861328125,108.77367401123047,543.4407348632812,106.59616088867188,130.9050750732422,80.3224868774414
2015-07-13,35496.62109375,6730.6455078125,491.9687805175781,108.39208221435547,568.2608642578125,107.08418273925781,129.7316131591797,80.42247009277344
2015-07-14,35446.890625,6730.6455078125,489.4626770019531,109.74858093261719,560.9120483398438,108.77229309082031,128.6265106201172,76.62229919433594
2015-07-15,35699.75,6730.6455078125,505.3888854980469,111.92925262451172,548.3528442382812,111.17749786376953,129.09864807128906,77.07230377197266
2015-07-16,35887.66015625,6895.54736328125,505.48162841796875,111.51233673095703,555.55712890625,115.64933013916016,130.7887725830078,75.42221069335938
2015-07-17,,6895.54736328125,505.48162841796875,111.51233673095703,555.55712890625,115.64933013916016,130.7887725830078,75.42221069335938
2015-07-20,,6895.54736328125,505.48162841796875,111.51233673095703,555.55712890625,115.64933013916016,130.7887725830078,75.42221069335938
2015-07-21,,6895.54736328125,505.48162841796875,111.51233673095703,555.55712890625,115.64933013916016,130.7887725830078,75.42221069335938
2015-07-22,36056.6796875,6895.54736328125,496.8384094238281,111.93567657470703,550.0286254882812,115.23600006103516,128.93443298339844,73.95853424072266
2015-07-23,35934.98828125,7083.66845703125,501.9217224121094,111.59895324707031,543.8645629882812,113.86660766601562,128.19204711914062,73.48123168945312
2015-07-24,35815.19921875,7134.484375,499.07391357421875,110.80044555664062,539.7615356445312,113.4980697631836,127.36407470703125,73.0584487915039
2015-07-27,35175.48828125,7067.177734375,487.6827392578125,108.51074981689453,526.1427612304688,111.58586883544922,124.96574401855469,71.43109130859375
2015-07-28,35274.66015625,7067.177734375,484.12310791015625,108.69351959228516,527.6068115234375,112.04402160644531,124.54493713378906,71.06746673583984
2015-07-29,35676.48828125,7067.177734375,477.0036926269531,108.59732818603516,532.28759765625,115.23104095458984,125.273681640625,73.64028930664062
2015-07-30,35730.01171875,7067.177734375,477.0036926269531,108.50112915039062,535.321533203125,117.28765869140625,127.06642150878906,74.93585205078125
2015-07-31,35741.51953125,7198.42626953125,484.12310791015625,109.03023529052734,535.1577758789062,116.19209289550781,126.89197540283203,74.06761932373047
2015-08-03,35824.55859375,7218.68408203125,484.12310791015625,108.39530944824219,535.71630859375,116.49088287353516,127.69254302978516,73.84941864013672
2015-08-04,35921.7109375,7201.79052734375,484.12310791015625,108.99176025390625,543.0940551757812,116.68510437011719,127.0971908569336,73.36302185058594
2015-08-05,36156.828125,7067.177734375,492.56683349609375,108.35681915283203,550.8184204101562,116.02777099609375,127.49752044677734,74.29032897949219
2015-08-06,36228.87890625,7201.79052734375,502.2421569824219,108.70633697509766,548.2276000976562,114.63343048095703,131.46279907226562,73.83578491210938
2015-08-07,36222.62890625,7201.79052734375,514.3665771484375,106.57378387451172,544.095703125,113.81177520751953,130.77850341796875,73.65849304199219
2015-08-10,36084.671875,7201.79052734375,505.5028991699219,106.87522888183594,539.0681762695312,113.45323944091797,129.36895751953125,72.87665557861328
2015-08-11,36205.94140625,7201.79052734375,505.41033935546875,107.60317993164062,541.1292724609375,112.50711059570312,130.8708953857422,73.02210235595703
2015-08-12,35892.76953125,7201.79052734375,492.5738525390625,107.6801528930664,536.3616943359375,112.17347717285156,129.35183715820312,71.60839080810547
2015-08-13,35937.328125,7201.79052734375,494.8734436035156,107.74749755859375,537.8931274414062,110.82891845703125,126.84744262695312,71.35836029052734
2015-08-14,35937.328125,7201.79052734375,494.8734436035156,107.74749755859375,537.8931274414062,110.82891845703125,126.84744262695312,71.35836029052734
2015-08-17,35588.05078125,7201.79052734375,508.3150329589844,113.1318130493164,530.7273559570312,109.17071533203125,124.85285949707031,68.75823974609375
2015-08-18,35546.03125,7201.79052734375,512.8500366210938,114.93086242675781,527.0770874023438,108.69264221191406,125.05130004882812,67.27633666992188
2015-08-19,35461.578125,7201.79052734375,501.9217224121094,114.45945739746094,534.1849975585938,109.08106231689453,123.83674621582031,67.78998565673828
2015-08-20,35219.58984375,7201.79052734375,497.4720764160156,109.01421356201172,534.3583374023438,108.28929901123047,121.24339294433594,66.26718139648438
2015-08-21,34519.76953125,7201.79052734375,478.7763977050781,105.70792388916016,520.6144409179688,105.32634735107422,118.73217010498047,64.69892120361328
2015-08-24,33100.33984375,7201.79052734375,455.64532470703125,100.42301940917969,494.5904846191406,104.07141876220703,112.7962417602539,61.466922760009766
2015-08-25,33798.80078125,7201.79052734375,478.427490234375,99.42566680908203,505.0404357910156,105.41596221923828,110.12423706054688,58.6213264465332
2015-08-26,33537.421875,7201.79052734375,490.103515625,101.01628112792969,497.65325927734375,103.12031555175781,109.95659637451172,58.11220169067383
2015-08-27,33961.2890625,7201.79052734375,489.1066589355469,106.03182983398438,505.8880310058594,103.33939361572266,111.53722381591797,59.49863052368164
2015-08-28,34447.46875,7201.79052734375,498.36199951171875,111.06018829345703,508.66192626953125,105.7147445678711,114.86954498291016,62.28059387207031
2015-08-31,34726.51171875,7201.79052734375,494.80230712890625,116.60167694091797,509.2398376464844,110.9733657836914,113.86026763916016,65.35803985595703
2015-09-01,34456.33984375,7201.79052734375,494.80230712890625,117.57975769042969,511.97509765625,109.0113525390625,109.93263244628906,67.3172378540039
2015-09-02,34309.76171875,6864.5849609375,498.6611022949219,114.70641326904297,511.42608642578125,106.08323669433594,109.77867126464844,65.79442596435547
2015-09-03,34397.328125,6864.5849609375,504.366943359375,110.63687133789062,511.9365539550781,106.5662612915039,110.37738800048828,65.88079833984375
2015-09-04,33891.078125,6864.5849609375,498.35772705078125,109.03343963623047,499.09796142578125,106.14298248291016,107.68487548828125,64.77165222167969
2015-09-07,,6898.404296875,501.96893310546875,105.62777709960938,489.42803955078125,104.58435821533203,104.22251892089844,62.23969268798828
2015-09-08,33474.171875,6898.404296875,497.6932067871094,108.97891998291016,505.9939880371094,106.96466827392578,105.26600646972656,63.126121520996094
2015-09-09,33830.359375,6898.404296875,500.58221435546875,105.89070892333984,514.4503784179688,108.9085464477539,106.4018783569336,65.0853042602539
2015-09-10,33792.37109375,6898.404296875,499.0799255371094,106.095947265625,510.72308349609375,111.3789291381836,104.35594940185547,64.76709747314453
2015-09-11,33672.71875,6898.404296875,499.0799255371094,106.4038314819336,505.7243957519531,109.56666564941406,105.65261840820312,64.59891510009766
2015-09-14,33384.73046875,6898.404296875,484.6348571777344,105.50591278076172,505.2041931152344,107.77462005615234,103.44930267333984,64.25345611572266
2015-09-15,33191.4609375,6898.404296875,473.0787658691406,105.55718994140625,506.8512268066406,107.28863525390625,101.79340362548828,63.45795440673828
2015-09-16,33345.55859375,6898.404296875,478.1345520019531,106.45193481445312,509.30718994140625,107.05071258544922,102.1937026977539,64.13070678710938
2015-09-17,33152.05859375,6898.404296875,469.4673767089844,107.16065216064453,504.85748291015625,105.37513732910156,101.30414581298828,63.36248779296875
2015-09-18,32760.94921875,6898.404296875,469.4673767089844,106.57698822021484,499.521728515625,102.5706787109375,99.90486907958984,60.73052215576172
2015-09-21,32826.23828125,6898.404296875,469.4673767089844,106.46797180175781,501.39019775390625,104.97012329101562,98.77925872802734,59.66227722167969
2015-09-22,32882.01953125,6898.404296875,469.4673767089844,106.46797180175781,513.429443359375,103.91213989257812,99.84669494628906,58.49859619140625
2015-09-23,32822.83984375,6898.404296875,482.4680480957031,105.66942596435547,514.806640625,103.628662109375,99.79536437988281,58.203102111816406
2015-09-24,32822.83984375,6898.404296875,482.4680480957031,105.66942596435547,514.806640625,103.628662109375,99.79536437988281,58.203102111816406
2015-09-25,,6898.404296875,482.4680480957031,105.66942596435547,514.806640625,103.628662109375,99.79536437988281,58.203102111816406
2015-09-28,32690.01953125,6898.404296875,482.4680480957031,105.23331451416016,513.6509399414062,103.5982894897461,98.73820495605469,57.83946228027344
2015-09-29,32214.580078125,6898.404296875,476.69000244140625,110.4893798828125,509.8851623535156,101.23928833007812,98.19078063964844,55.83937072753906
2015-09-30,32287.41015625,6898.404296875,471.99530029296875,116.01158905029297,507.28460693359375,100.06993865966797,98.66634368896484,56.67123031616211
2015-10-01,32750.310546875,6898.404296875,472.3564758300781,117.31037139892578,514.5369262695312,100.16610717773438,101.4889144897461,58.6258659362793
2015-10-02,32969.73046875,6898.404296875,473.80096435546875,113.60322570800781,518.5725708007812,100.36856842041016,102.47084045410156,58.553131103515625
2015-10-05,32784.94140625,6898.404296875,473.80096435546875,113.23766326904297,517.7249755859375,100.23697662353516,103.29877471923828,57.4439811706543
2015-10-06,33202.87109375,6898.404296875,476.69000244140625,115.64600372314453,520.0943603515625,102.88960266113281,108.3143539428711,59.39862823486328
2015-10-07,33376.19921875,6898.404296875,488.85284423828125,112.2403335571289,523.5038452148438,103.26922607421875,113.27288818359375,61.84501647949219
2015-10-08,33469.1484375,6898.404296875,488.85284423828125,112.66363525390625,531.9794311523438,102.08975982666016,111.77251434326172,60.814971923828125
2015-10-09,33843.1796875,6898.404296875,488.85284423828125,112.9490737915039,536.56396484375,102.72760009765625,115.34844970703125,63.36711883544922
2015-10-12,34183.8515625,6898.404296875,478.2066650390625,115.42475128173828,528.0017700195312,103.3704833984375,116.24590301513672,65.2295150756836
2015-10-13,34031.78125,6898.404296875,476.69000244140625,114.45830535888672,522.5406494140625,104.30197143554688,114.06982421875,63.454498291015625
2015-10-14,33974.8515625,6898.404296875,473.0787658691406,114.58690643310547,521.4426879882812,104.0083236694336,114.4371109008789,63.42232131958008
2015-10-15,33921.9609375,6898.404296875,473.0787658691406,114.12841796875,522.9259033203125,104.12981414794922,114.40940856933594,62.17610168457031
2015-10-16,33954.98046875,6898.404296875,486.0792541503906,114.78812408447266,516.7799682617188,104.53986358642578,114.64155578613281,63.74419403076172
2015-10-19,33966.75,6932.22216796875,486.1659240722656,112.73643493652344,514.7893676757812,103.88175201416016,113.78915405273438,63.431522369384766
2015-10-20,33910.171875,6932.22216796875,496.52325439453125,114.63639831542969,516.1229248046875,103.7602767944336,111.90762329101562,63.67984390258789
2015-10-21,33943.73828125,6932.22216796875,500.5244445800781,112.41319274902344,521.4185791015625,106.13949584960938,111.47451782226562,63.17398452758789
2015-10-22,33945.3203125,6592.67822265625,519.4115600585938,110.99482727050781,522.0272827148438,105.29412841796875,110.48004150390625,63.11421203613281
2015-10-23,33945.3203125,6592.67822265625,519.4115600585938,110.99482727050781,522.0272827148438,105.29412841796875,110.48004150390625,63.11421203613281
2015-10-26,33860.640625,6592.67822265625,508.6138000488281,110.50004577636719,521.3121948242188,104.78792572021484,108.8514633178711,62.741737365722656
2015-10-27,33843.828125,6592.67822265625,503.0090026855469,112.1427001953125,518.9832153320312,104.80310821533203,109.50287628173828,62.024383544921875
2015-10-28,34061.421875,6239.779296875,486.4403991699219,110.50665283203125,521.8533325195312,105.28907012939453,114.9776840209961,61.67489242553711
2015-10-29,34332.4296875,6239.779296875,499.6288757324219,109.96238708496094,515.40771484375,105.59278869628906,119.59315490722656,63.656829833984375
2015-10-30,34261.6015625,6239.779296875,507.3065185546875,110.50004577636719,517.3211669921875,106.14964294433594,116.9354476928711,63.436092376708984
2015-11-02,34226.12109375,6239.779296875,507.7471923828125,112.14929962158203,517.147216796875,106.30658721923828,118.19672393798828,62.62218475341797
2015-11-03,34275.75,6290.3369140625,504.0996398925781,111.7040023803711,517.4274291992188,105.957275390625,119.98817443847656,62.9854621887207
2015-11-04,34522.94921875,6290.3369140625,504.33807373046875,111.51270294189453,519.4470825195312,106.81281280517578,123.4012451171875,63.560272216796875
2015-11-05,34454.58984375,6290.3369140625,501.867919921875,110.30543518066406,517.16650390625,106.60523223876953,122.72209167480469,63.77639389038086
2015-11-06,34426.75,6094.1875,495.7431335449219,110.50004577636719,517.1182250976562,106.8077163696289,122.34786224365234,63.79478073120117
2015-11-09,34336.46875,6094.1875,495.7431335449219,110.50004577636719,517.1182250976562,106.8077163696289,122.34786224365234,63.79478073120117
2015-11-10,33958.12109375,6094.1875,488.3183288574219,109.78097534179688,505.4739074707031,106.51432800292969,117.66312408447266,62.906883239746094
2015-11-11,33934.0390625,5860.8369140625,497.75830078125,108.19110870361328,503.4831848144531,107.55413055419922,116.75872802734375,62.91151809692383
2015-11-12,34264.55859375,5770.201171875,497.75830078125,107.37637329101562,507.05859375,108.70719909667969,118.42887115478516,62.85110092163086
2015-11-13,34144.78125,6019.7861328125,497.75830078125,106.17571258544922,503.2608947753906,108.1100845336914,117.24382019042969,62.47920227050781
2015-11-16,33946.41015625,6019.7861328125,489.0334167480469,107.02999877929688,497.7624206542969,107.50264739990234,116.48151397705078,61.214717864990234
2015-11-17,34065.87109375,6087.42236328125,489.0334167480469,104.83651733398438,499.695068359375,109.17044067382812,117.8155746459961,61.36814880371094
2015-11-18,33949.26171875,6087.42236328125,494.746337890625,104.46378326416016,498.2455749511719,108.81529235839844,117.52796936035156,60.65686798095703
2015-11-19,33908.44140625,6087.42236328125,494.746337890625,105.00142669677734,502.0046691894531,109.26316833496094,116.94929504394531,59.67598342895508
2015-11-20,33857.0,6087.42236328125,494.746337890625,106.28787231445312,497.25994873046875,109.13446044921875,116.43994140625,59.25294876098633
2015-11-23,33732.91015625,6087.42236328125,499.0799255371094,105.56879425048828,492.5827941894531,109.18082427978516,115.16826629638672,58.62073516845703
2015-11-24,33571.58984375,5850.68994140625,488.8239440917969,104.90247344970703,490.6598205566406,109.39183044433594,115.4974365234375,58.3975944519043
2015-11-25,33199.859375,5850.68994140625,487.52392578125,103.90303802490234,483.44122314453125,107.0290756225586,114.05252075195312,58.0535774230957
2015-11-26,,5850.68994140625,481.03076171875,102.91348266601562,485.064697265625,106.48343658447266,114.09754943847656,57.60264587402344
2015-11-27,32960.26953125,5816.87158203125,481.03076171875,103.90303802490234,476.1743469238281,107.07025909423828,112.41353607177734,58.20234298706055
2015-11-30,32255.19921875,5816.87158203125,462.7937316894531,101.26423645019531,465.6412353515625,104.45014190673828,107.60055541992188,56.166194915771484
2015-12-01,31709.359375,5816.87158203125,455.6940002441406,101.85797119140625,457.36932373046875,102.64334869384766,106.11752319335938,55.41775131225586
2015-12-02,32392.919921875,5816.87158203125,455.7084045410156,101.9206314086914,467.892822265625,104.24937438964844,109.14253234863281,56.24987030029297
2015-12-03,32565.140625,5816.87158203125,455.7084045410156,101.90743255615234,474.52191162109375,107.33793640136719,108.94500732421875,55.45492172241211
2015-12-04,32707.91015625,5816.87158203125,455.6795654296875,102.25376892089844,478.5902404785156,107.68798065185547,110.6394271850586,55.49211883544922
2015-12-07,32853.5390625,5816.87158203125,467.30059814453125,99.7568130493164,480.3199157714844,108.17183685302734,109.41625213623047,54.02311706542969
2015-12-08,32791.7109375,5613.95849609375,465.85614013671875,100.66390991210938,477.50787353515625,108.73291015625,108.78905487060547,53.25605773925781
2015-12-09,33020.26171875,5333.25927734375,475.60650634765625,100.70348358154297,480.3199157714844,110.17425537109375,109.75238800048828,53.82320785522461
2015-12-10,33211.921875,5333.25927734375,481.7457580566406,100.60782623291016,479.0636901855469,110.69417572021484,113.6297836303711,53.534996032714844
2015-12-11,33048.51171875,5066.5966796875,480.3012390136719,105.63805389404297,479.95269775390625,110.87434387207031,114.0628890991211,53.30256652832031
2015-12-14,32757.8203125,5066.5966796875,468.7450866699219,101.8381576538086,474.1353759765625,111.23468017578125,113.81689453125,51.782413482666016
2015-12-15,32467.0390625,4813.271484375,476.0255432128906,100.66719818115234,467.8155212402344,110.67871856689453,114.60344696044922,51.97303009033203
2015-12-16,32714.599609375,4734.66064453125,478.85675048828125,103.69853210449219,477.11175537109375,110.8125991821289,115.04351806640625,52.753997802734375
2015-12-17,33109.5390625,4795.5361328125,473.0787658691406,105.06741333007812,483.1126708984375,112.8767318725586,118.56056213378906,54.70183563232422
2015-12-18,32777.0390625,4734.736328125,467.1200866699219,104.45719146728516,478.87042236328125,107.23499298095703,117.73587036132812,54.13933181762695
2015-12-21,32658.970703125,4903.75830078125,467.1200866699219,104.562744140625,480.89013671875,102.99334716796875,116.63398742675781,53.52569580078125
2015-12-22,32641.08984375,4971.396484375,456.827880859375,104.7276611328125,480.71612548828125,102.5146255493164,117.53836059570312,53.837158203125
2015-12-23,32500.75,4971.396484375,466.1811828613281,104.2493667602539,479.11199951171875,103.87873840332031,115.64641571044922,53.91619110107422
2015-12-24,,4971.396484375,466.1811828613281,104.2493667602539,479.11199951171875,103.87873840332031,115.64641571044922,53.91619110107422
2015-12-25,,4971.396484375,466.1811828613281,104.2493667602539,479.11199951171875,103.87873840332031,115.64641571044922,53.91619110107422
2015-12-28,32674.0390625,5140.4912109375,466.094482421875,104.67160034179688,478.4355773925781,102.84920501708984,115.10591125488281,54.125389099121094
2015-12-29,32811.890625,5397.515625,457.60064697265625,102.60342407226562,478.5225830078125,103.37425994873047,115.2687759399414,54.50658416748047
2015-12-30,32825.03125,5241.94970703125,455.7444763183594,103.90303802490234,481.7791748046875,103.48751068115234,114.3124008178711,54.84595489501953
2015-12-31,32816.30859375,5275.7666015625,458.63360595703125,104.55944061279297,478.37762451171875,103.01396942138672,112.88133239746094,54.54841995239258
2016-01-01,,5275.7666015625,458.63360595703125,104.55944061279297,500.4006042480469,103.50296020507812,114.90840148925781,54.790157318115234
2016-01-04,33009.12890625,5275.7666015625,457.9112854003906,102.45169067382812,489.5581970214844,102.98822021484375,115.15440368652344,53.799983978271484
2016-01-05,32983.46875,5275.7666015625,458.2724304199219,102.25048065185547,490.24432373046875,102.95732116699219,112.80162811279297,53.52569580078125
2016-01-06,32968.26171875,5110.05419921875,469.9585266113281,103.42475891113281,491.62615966796875,102.14400482177734,113.57086181640625,53.018985748291016
2016-01-07,32682.5,5110.05419921875,474.99273681640625,102.15812683105469,489.3648986816406,101.01668548583984,112.09822845458984,50.98283386230469
2016-01-08,32534.849609375,5093.14404296875,466.5782775878906,103.54019165039062,485.08404541015625,99.53414916992188,111.3220443725586,50.54583740234375
2016-01-11,32320.05078125,5093.14404296875,460.34527587890625,102.8475112915039,483.3252868652344,98.2678451538086,110.96165466308594,49.34648132324219
2016-01-12,32265.650390625,5093.14404296875,447.79962158203125,102.25376892089844,487.093994140625,99.35401153564453,110.50428771972656,48.923431396484375
2016-01-13,32154.169921875,5093.14404296875,455.7444763183594,101.59407043457031,490.737060546875,99.25103759765625,111.4294662475586,48.41206741333008
2016-01-14,31441.01953125,5038.3583984375,433.058349609375,96.72547149658203,486.21466064453125,96.5228042602539,108.81681060791016,46.76176452636719
2016-01-15,31001.490234375,5038.3583984375,429.0209655761719,95.3236083984375,483.26727294921875,94.98368835449219,106.26305389404297,45.74834442138672
2016-01-18,,5038.3583984375,422.5206604003906,94.00751495361328,484.8231201171875,92.60547637939453,107.1362533569336,44.4327392578125
2016-01-19,31092.609375,5070.0126953125,423.5318908691406,96.16801452636719,485.1226806640625,93.16658020019531,108.89651489257812,45.934295654296875
2016-01-20,30766.009765625,5072.8525390625,433.4195861816406,95.82169342041016,468.23101806640625,91.31343841552734,107.33722686767578,45.790184020996094
2016-01-21,30751.80078125,5072.8525390625,437.63751220703125,95.60070037841797,466.3080139160156,92.09072875976562,107.55899047851562,45.83667755126953
2016-01-22,30949.01953125,5072.8525390625,440.57708740234375,95.20487976074219,463.0127868652344,91.54505157470703,111.36361694335938,48.12849807739258
2016-01-25,31065.130859375,5066.0888671875,449.24420166015625,94.17573547363281,462.87750244140625,91.18988800048828,111.1695785522461,49.165184020996094
2016-01-26,31074.380859375,5066.0888671875,449.24420166015625,94.2713851928711,464.6265869140625,90.59278106689453,110.65673828125,48.588741302490234
2016-01-27,31101.380859375,5066.0888671875,436.705810546875,93.59519958496094,459.5435791015625,90.60302734375,110.4869613647461,48.928077697753906
2016-01-28,31193.73046875,4869.93896484375,440.57708740234375,93.59519958496094,458.2777099609375,88.11676025390625,112.98872375488281,50.78759002685547
2016-01-29,31298.599609375,4869.93896484375,440.57708740234375,98.27249145507812,468.93646240234375,88.04985046386719,111.60964965820312,50.77827453613281
2016-02-01,31878.150390625,4869.93896484375,456.799072265625,100.60452270507812,480.89971923828125,92.45105743408203,114.8148193359375,50.86661148071289
2016-02-02,31960.609375,4869.93896484375,455.022216796875,99.28510284423828,487.06500244140625,94.58731842041016,115.39695739746094,49.44874954223633
2016-02-03,32084.060546875,4869.93896484375,463.0104675292969,99.7568130493164,489.3262634277344,97.13539123535156,116.15581512451172,49.960086822509766
2016-02-04,32478.98046875,4869.93896484375,482.5041198730469,99.0509262084961,502.79705810546875,98.8803939819336,118.26255798339844,51.364044189453125
2016-02-05,,4869.93896484375,482.5041198730469,99.0509262084961,502.79705810546875,98.8803939819336,118.26255798339844,51.364044189453125
2016-02-08,32706.220703125,5072.8525390625,491.98748779296875,99.4500503540039,508.42120361328125,100.98065185546875,117.65962219238281,50.40174865722656
2016-02-09,32444.19921875,5072.8525390625,485.7904357910156,98.69139862060547,502.55548095703125,100.46073150634766,115.37617492675781,50.19255828857422
2016-02-10,32144.58984375,4886.84765625,476.69000244140625,100.26808166503906,493.22064208984375,98.95247650146484,117.28193664550781,48.78860855102539
2016-02-11,31820.5390625,4886.84765625,465.4660949707031,97.3060302734375,489.5292053222656,97.08389282226562,116.85920715332031,47.67293167114258
2016-02-12,31464.16015625,4886.84765625,471.3741760253906,95.6567611694336,478.6482238769531,95.23589324951172,115.18558502197266,47.398651123046875
2016-02-15,,4869.93896484375,473.0787658691406,97.3060302734375,483.61517333984375,98.49950408935547,118.10663604736328,48.76072311401367
2016-02-16,31673.16015625,4869.93896484375,477.0511169433594,94.71338653564453,474.2610168457031,97.33613586425781,116.22510528564453,48.39813995361328
2016-02-17,31469.69921875,4869.93896484375,480.2940673828125,94.9970474243164,472.49261474609375,95.94113159179688,116.23550415039062,47.5753059387207
2016-02-18,31282.439453125,4869.93896484375,476.5455017089844,94.9970474243164,467.00372314453125,94.78804779052734,116.29786682128906,47.71940612792969
2016-02-19,31011.76953125,4869.93896484375,479.65850830078125,94.9970474243164,460.9834899902344,94.51524353027344,113.35603332519531,46.58047103881836
2016-02-22,30677.6796875,4869.93896484375,469.4673767089844,98.30217742919922,443.0868225097656,94.31965637207031,109.326171875,46.361976623535156
2016-02-23,30564.5,4869.93896484375,469.4673767089844,95.0300521850586,433.7712707519531,92.02378845214844,111.34976959228516,47.97509765625
2016-02-24,30786.599609375,4903.75830078125,479.1312255859375,95.82169342041016,434.0902099609375,91.4163589477539,111.05523681640625,48.09130859375
2016-02-25,30802.529296875,4658.5703125,474.4726257324219,95.98661041259766,435.1048583984375,90.96851348876953,110.83346557617188,48.416725158691406
2016-02-26,31294.080078125,4658.5703125,470.1896667480469,97.63587188720703,455.9391784667969,94.44316101074219,112.69766998291016,49.93686294555664
2016-02-29,31369.509765625,4588.34033203125,469.4095764160156,96.31977844238281,473.4010009765625,93.18717193603516,111.45372009277344,49.764869689941406
2016-03-01,31509.109375,4588.34033203125,469.4095764160156,96.31646728515625,479.662841796875,93.17684173583984,112.9367446899414,51.14555358886719
2016-03-02,31772.900390625,4629.82470703125,462.8443603515625,96.40553283691406,483.3349304199219,94.55128479003906,114.93610382080078,50.820125579833984
2016-03-03,32146.580078125,4629.82470703125,459.3558044433594,96.31646728515625,495.4141540527344,96.39928436279297,116.44340515136719,51.27570724487305
2016-03-04,32441.740234375,4535.13037109375,463.06829833984375,97.96572875976562,495.4141540527344,96.46621704101562,119.4580078125,52.451847076416016
2016-03-07,33022.6015625,4599.38720703125,465.85614013671875,97.3060302734375,507.5030822753906,98.509765625,122.38597869873047,54.20440673828125
2016-03-08,33032.8515625,4734.66064453125,468.73065185546875,97.60948181152344,506.0536193847656,97.72735595703125,121.15242004394531,54.488006591796875
2016-03-09,32957.98046875,4734.66064453125,463.81207275390625,97.3060302734375,508.566162109375,95.7352294921875,119.94312286376953,54.27880859375
2016-03-10,32710.560546875,4734.66064453125,463.28485107421875,96.9761734008789,504.4687805175781,94.16004943847656,120.805908203125,54.381065368652344
2016-03-11,32669.16015625,4734.66064453125,463.28485107421875,96.9761734008789,503.7248229980469,93.2952651977539,121.27716064453125,54.30669403076172
2016-03-14,32738.560546875,4734.66064453125,468.3551940917969,96.99595642089844,503.0966491699219,93.66586303710938,120.82369232177734,53.761844635009766
2016-03-15,32623.01953125,4497.9306640625,459.435302734375,96.98275756835938,504.1305847167969,92.58488464355469,120.56005859375,52.28230285644531
2016-03-16,32891.078125,4497.9306640625,464.40435791015625,98.45719146728516,507.86065673828125,93.66586303710938,121.91342163085938,53.36260986328125
2016-03-17,32957.75,4531.7412109375,469.4673767089844,97.8008041381836,516.2388305664062,93.2386474609375,123.33712005615234,54.55562973022461
2016-03-18,33080.3984375,4531.7412109375,469.8285827636719,98.29557037353516,514.8182983398438,93.55264282226562,123.92066955566406,55.95063781738281
2016-03-21,33022.87109375,4341.23388671875,476.32879638671875,98.29557037353516,517.3018188476562,93.3216781616211,123.42852020263672,55.626556396484375
2016-03-22,32928.30078125,4328.833984375,462.9671325683594,98.8826904296875,515.1566162109375,93.3951644897461,124.15969848632812,55.62186050415039
2016-03-23,32928.30078125,4328.833984375,462.9671325683594,98.8826904296875,515.1566162109375,93.3951644897461,124.15969848632812,55.62186050415039
2016-03-24,32801.87890625,4328.833984375,464.8160705566406,98.51656341552734,514.5477905273438,92.63936614990234,122.2052001953125,54.50865936279297
2016-03-25,,4531.74951171875,464.8160705566406,99.28510284423828,516.5673828125,93.13275909423828,122.64812469482422,54.50865936279297
2016-03-28,32904.3203125,4524.98486328125,466.90338134765625,98.62542724609375,519.3408203125,92.41893005371094,122.6903076171875,54.48986053466797
2016-03-29,32879.671875,4531.74951171875,472.08917236328125,103.55670166015625,518.4421997070312,91.34817504882812,122.16301727294922,53.99667739868164
2016-03-30,32922.3984375,4531.74951171875,472.08917236328125,108.7320556640625,519.9302368164062,89.64236450195312,122.37042236328125,54.15168762207031
2016-03-31,33139.0,4730.77392578125,478.2427978515625,114.16799926757812,519.9979248046875,90.0359878540039,123.470703125,53.75245666503906
2016-04-01,33449.62109375,4734.66064453125,476.93548583984375,116.19989013671875,528.0475463867188,90.98077392578125,124.57801055908203,53.83699417114258
2016-04-04,33808.421875,4963.95458984375,474.523193359375,112.62431335449219,538.2907104492188,92.0147705078125,130.22003173828125,54.18925094604492
2016-04-05,33766.48828125,5140.4912109375,474.523193359375,109.1806640625,538.2617797851562,91.05423736572266,128.21986389160156,53.442440032958984
2016-04-06,33946.37109375,5328.52587890625,473.10040283203125,110.50004577636719,545.103515625,91.85730743408203,128.5573272705078,54.358375549316406
2016-04-07,33896.03125,5405.6318359375,483.1903076171875,111.1564712524414,546.272705078125,91.32720184326172,127.87184143066406,54.67777633666992
2016-04-08,33967.5390625,5343.40478515625,483.9126281738281,110.44397735595703,547.4420166015625,91.64210510253906,128.21632385253906,54.818668365478516
2016-04-11,33566.21875,5369.7841796875,476.8416442871094,109.0157241821289,548.7079467773438,91.57913208007812,125.6361083984375,54.87973403930664
2016-04-12,33616.8984375,5208.13037109375,477.1739807128906,107.2015380859375,550.263671875,90.85482025146484,127.33397674560547,55.26956558227539
2016-04-13,33646.1015625,5086.38037109375,478.1644592285156,105.88214111328125,557.3373413085938,90.9493179321289,128.46240234375,55.52790832519531
2016-04-14,33767.58984375,5086.38037109375,484.19000244140625,106.17900848388672,557.8495483398438,91.14873504638672,128.42723083496094,55.39168930053711
2016-04-15,33767.12109375,5147.99169921875,484.19000244140625,104.86289978027344,554.6219482421875,90.87581634521484,127.6327896118164,54.893795013427734
2016-04-18,33759.96875,4917.673828125,484.19000244140625,106.21199798583984,554.93115234375,91.54761505126953,127.69956970214844,54.21745681762695
2016-04-19,33729.62109375,4860.46484375,476.6748962402344,104.23287963867188,552.5830078125,90.99130249023438,127.703125,54.75289535522461
2016-04-20,33619.83984375,4792.01416015625,484.12298583984375,101.92391204833984,541.0737915039062,91.34292602539062,125.10530853271484,54.818668365478516
2016-04-21,33572.12890625,4942.62060546875,484.2867736816406,97.48413848876953,536.1455688476562,91.57389068603516,125.89270782470703,55.77685546875
2016-04-22,33739.5390625,5090.4892578125,486.8562927246094,98.95526885986328,531.7003173828125,91.41642761230469,126.84886932373047,56.05397033691406
2016-04-25,33684.55859375,4928.9423828125,487.1021728515625,98.95526885986328,527.7094116210938,90.7078628540039,127.43240356445312,56.138492584228516
2016-04-26,33847.73828125,4928.9423828125,491.5709228515625,99.24884033203125,537.6627197265625,91.22223663330078,126.69773864746094,56.80550765991211
2016-04-27,34269.28125,4860.4716796875,495.2949523925781,98.95526885986328,544.9874877929688,92.49239349365234,127.51678466796875,59.56264114379883
2016-04-28,34503.640625,4924.36181640625,498.2742004394531,99.28181457519531,542.4073486328125,94.44488525390625,126.56413269042969,61.093841552734375
2016-04-29,34719.2890625,4904.96875,499.3913879394531,98.16363525390625,532.3670654296875,99.16349029541016,124.29679870605469,61.690372467041016
2016-05-02,34567.51953125,4922.08251953125,503.9644775390625,98.62542724609375,526.0278930664062,99.2212142944336,123.60780334472656,60.5255241394043
2016-05-03,34897.30078125,5020.5244140625,502.12481689453125,97.63587188720703,531.1494140625,100.77481842041016,124.9471206665039,63.254459381103516
2016-05-04,35317.55859375,5020.5244140625,506.66827392578125,98.52647399902344,557.70458984375,101.91902923583984,127.23908996582031,63.46113204956055
2016-05-05,35941.46875,5020.5244140625,506.04248046875,96.99595642089844,583.8731079101562,105.59314727783203,129.59783935546875,66.60342407226562
2016-05-06,35973.6796875,4997.38623046875,503.4877624511719,96.0789794921875,587.7288208007812,104.46990203857422,128.1952362060547,65.6734390258789
2016-05-09,36234.98828125,4928.9296875,513.9151611328125,95.6171875,594.0196533203125,104.12875366210938,130.58212280273438,66.83827209472656
2016-05-10,36265.12109375,4833.08837890625,510.9360046386719,94.93769073486328,603.0646362304688,103.892578125,130.06182861328125,66.42025756835938
2016-05-11,36266.23046875,4900.8623046875,506.4670715332031,98.61223602294922,594.8314208984375,103.68257904052734,131.64373779296875,66.25585174560547
2016-05-12,36048.76171875,4792.01416015625,506.09466552734375,96.8969955444336,580.41357421875,100.63690948486328,133.1728973388672,67.28919219970703
2016-05-13,36122.48828125,4792.01416015625,510.27301025390625,96.19771575927734,580.4813232421875,100.44450378417969,132.51199340820312,66.96039581298828
2016-05-16,36125.37109375,4852.25634765625,507.28631591796875,96.6825942993164,580.809814453125,99.03385925292969,133.19044494628906,67.93737030029297
2016-05-17,36137.12109375,4860.4716796875,506.4670715332031,95.89096069335938,573.881103515625,99.14608764648438,133.44705200195312,68.96601867675781
2016-05-18,36318.2109375,4860.4716796875,516.8942260742188,96.79476165771484,576.4517211914062,99.53081512451172,133.763427734375,69.0129623413086
2016-05-19,36685.05078125,4860.4716796875,506.60107421875,96.857421875,582.587890625,100.12928771972656,133.23263549804688,68.15814208984375
2016-05-20,36693.5,4792.01416015625,506.4744567871094,96.39564514160156,582.0852661132812,99.60563659667969,134.12904357910156,67.95614624023438
2016-05-23,36723.3515625,4860.4716796875,507.9715576171875,96.31646728515625,584.8297119140625,96.81639099121094,134.25559997558594,67.50054931640625
2016-05-24,36582.3515625,4792.01416015625,506.6383972167969,97.61939239501953,582.0274658203125,96.07897186279297,133.5349578857422,66.30282592773438
2016-05-25,36499.4296875,4792.01416015625,506.4744567871094,96.49458312988281,577.9783325195312,96.3675537109375,133.2115478515625,66.89935302734375
2016-05-26,36540.96875,5031.61474609375,507.00323486328125,97.32251739501953,577.3695678710938,95.88667297363281,133.66151428222656,66.79130554199219
2016-05-27,36694.26171875,4999.8994140625,508.4557189941406,96.73867797851562,578.7128295898438,96.21260833740234,134.17123413085938,66.98387908935547
2016-05-30,,5012.60302734375,501.9983215332031,96.51438903808594,564.1597900390625,93.5141830444336,133.35214233398438,65.77206420898438
2016-05-31,36061.55859375,5012.60302734375,491.6082763671875,97.03553771972656,574.2774047851562,93.92029571533203,131.80543518066406,65.49496459960938
2016-06-01,36496.16015625,5012.60302734375,485.8583679199219,96.62322235107422,576.007080078125,94.51339721679688,132.73695373535156,65.85191345214844
2016-06-02,36839.140625,5143.58349609375,495.8759765625,96.56715393066406,587.8350830078125,94.82333374023438,133.5033416748047,66.6222152709961
2016-06-03,37223.0,5143.58349609375,493.8054504394531,96.80135345458984,598.6387329101562,95.61947631835938,134.52978515625,67.35496520996094
2016-06-06,37352.26953125,5097.1767578125,502.4079895019531,96.94318389892578,592.7054443359375,95.34693145751953,134.2415313720703,66.64572143554688
2016-06-07,37392.2890625,5097.1767578125,506.8394775390625,96.35273742675781,604.0406494140625,95.07979583740234,133.30645751953125,67.27042388916016
2016-06-08,37426.390625,5134.30126953125,492.60626220703125,96.31646728515625,601.025634765625,94.41720581054688,133.8934783935547,67.81525421142578
2016-06-09,37414.26171875,5134.30126953125,495.2576599121094,96.34945678710938,598.7450561523438,94.10730743408203,133.98138427734375,67.99844360351562
2016-06-10,36940.87890625,5134.30126953125,488.6661376953125,95.6567611694336,589.5068359375,93.06002807617188,131.3062744140625,66.49540710449219
2016-06-13,36979.9609375,5134.30126953125,488.6661376953125,93.27194213867188,582.9839477539062,94.1340103149414,131.32383728027344,65.70160675048828
2016-06-14,37517.75,5065.84423828125,491.5709228515625,93.6446762084961,605.9345703125,98.45146179199219,133.6087646484375,66.88524627685547
2016-06-15,38559.87109375,5065.84423828125,495.2949523925781,94.0339126586914,635.71728515625,102.2505874633789,140.2667236328125,69.41170501708984
2016-06-16,38751.6015625,4997.38623046875,495.2949523925781,94.00751495361328,637.2344970703125,107.35881042480469,138.73756408691406,68.1767578125
2016-06-17,38776.94140625,4997.38623046875,499.26470947265625,93.8062973022461,640.8678588867188,112.472412109375,138.5090789794922,67.38960266113281
2016-06-20,38469.8203125,5165.1064453125,509.4388122558594,93.67765045166016,630.0642700195312,108.77484893798828,138.19973754882812,67.77140045166016
2016-06-21,38415.30859375,5165.1064453125,505.0221252441406,93.51274108886719,626.9719848632812,108.31529998779297,137.87632751464844,67.62055206298828
2016-06-22,38149.26171875,5165.1064453125,508.8653259277344,94.00751495361328,620.4974365234375,107.28401947021484,137.12054443359375,66.93709564208984
2016-06-23,38237.890625,4997.38623046875,505.64788818359375,94.66722106933594,614.4095458984375,108.75878143310547,136.02377319335938,66.90410614013672
2016-06-24,37389.87890625,5031.61474609375,511.76995849609375,92.96188354492188,604.3208618164062,106.36494445800781,130.50828552246094,64.01470184326172
2016-06-27,37039.5703125,5048.72900390625,519.0468139648438,92.9849853515625,590.6858520507812,103.27651977539062,129.93528747558594,62.86931228637695
2016-06-28,37076.62890625,5048.72900390625,529.3921508789062,91.20378112792969,591.2269897460938,103.09484100341797,128.95806884765625,64.42475891113281
2016-06-29,37786.5703125,5134.30126953125,544.8990478515625,92.85304260253906,615.0278930664062,104.90621948242188,131.05665588378906,65.87185668945312
2016-06-30,37783.5390625,4997.38623046875,561.5825805664062,92.6881103515625,626.6820678710938,105.56344604492188,131.98472595214844,65.07996368408203
2016-07-01,,4997.38623046875,561.5825805664062,92.6881103515625,626.6820678710938,105.56344604492188,131.98472595214844,65.07996368408203
2016-07-04,,4997.38623046875,575.5327758789062,92.69140625,623.010009765625,104.93296813964844,133.9005584716797,65.96138763427734
2016-07-05,37966.76171875,4997.38623046875,575.5327758789062,92.69140625,623.010009765625,104.93296813964844,133.9005584716797,65.96138763427734
2016-07-06,37966.76171875,4997.38623046875,575.5327758789062,92.69140625,623.010009765625,104.93296813964844,133.9005584716797,65.96138763427734
2016-07-07,,4997.38623046875,575.5327758789062,92.69140625,623.010009765625,104.93296813964844,133.9005584716797,65.96138763427734
2016-07-08,,4997.38623046875,575.5327758789062,92.69140625,623.010009765625,104.93296813964844,133.9005584716797,65.96138763427734
2016-07-11,38367.9609375,4997.38623046875,581.9381103515625,94.96077728271484,644.6655883789062,105.97492980957031,134.98675537109375,66.48931121826172
2016-07-12,39031.62109375,5168.87255859375,573.4993896484375,94.6441421508789,661.8375244140625,108.30994415283203,138.81137084960938,68.28517150878906
2016-07-13,39049.4609375,5133.61572265625,602.1743774414062,94.66722106933594,657.952880859375,109.07939910888672,138.90277099609375,68.5679702758789
2016-07-14,39257.0,5133.61572265625,627.0582885742188,94.64743041992188,666.64990234375,112.13579559326172,139.44764709472656,68.5444107055664
2016-07-15,39188.46875,5133.61572265625,613.1602783203125,93.10371398925781,665.1424560546875,113.37548065185547,139.52499389648438,68.59156036376953
2016-07-18,39253.25,5356.4443359375,603.5449829101562,92.46051788330078,667.0750732421875,113.14033508300781,139.2191619873047,68.32762145996094
2016-07-19,39208.87890625,5151.41650390625,599.567626953125,92.32527160644531,666.7658081054688,113.24188995361328,146.17941284179688,68.81780242919922
2016-07-20,39098.7890625,4997.38623046875,593.6389770507812,92.35824584960938,666.6884765625,112.41902160644531,143.02972412109375,68.40301513671875
2016-07-21,39306.7890625,5082.9580078125,610.8887329101562,91.86018371582031,683.3966064453125,112.58999633789062,144.25657653808594,68.35116577148438
2016-07-22,39151.78125,5082.9580078125,608.02099609375,91.6094970703125,682.0244750976562,111.25415802001953,144.6889190673828,67.45087432861328
2016-07-25,39017.3203125,5082.9580078125,604.4237060546875,89.36980438232422,678.0333862304688,111.79383850097656,144.1792449951172,66.2112045288086
2016-07-26,39147.328125,5082.9580078125,617.0035400390625,90.99267578125,677.5115356445312,112.71824645996094,146.38682556152344,65.59375
2016-07-27,39434.96875,5079.53564453125,605.563232421875,90.38574981689453,694.7028198242188,116.46924591064453,147.908935546875,65.84354400634766
2016-07-28,39468.98046875,5141.009765625,595.8436279296875,89.12242889404297,706.095947265625,117.87458038330078,146.47119140625,65.14122772216797
2016-07-29,39505.28125,5134.30126953125,581.1784057617188,88.85523986816406,717.1605224609375,116.23413848876953,146.61532592773438,64.34935760498047
2016-08-01,39800.640625,5134.30126953125,581.1784057617188,88.85523986816406,717.1605224609375,116.23413848876953,146.61532592773438,64.34935760498047
2016-08-02,39786.9296875,5087.2353515625,588.3955078125,88.52210235595703,688.1702880859375,116.6883773803711,145.84194946289062,64.40119934082031
2016-08-03,39615.76171875,5120.60302734375,586.6527709960938,90.49129486083984,681.7054443359375,115.45401000976562,145.2654266357422,63.279396057128906
2016-08-04,39446.69921875,5065.8505859375,585.8931274414062,91.1806869506836,671.9358520507812,114.7807846069336,144.8506317138672,63.581031799316406
2016-08-05,39390.2109375,5134.30126953125,580.84326171875,90.70899963378906,664.8911743164062,114.82352447509766,144.75924682617188,63.84030532836914
2016-08-08,39476.171875,5134.30126953125,580.947509765625,90.84093475341797,666.3889770507812,116.06851959228516,144.5026092529297,64.4106216430664
2016-08-09,39663.7109375,5134.30126953125,588.3955078125,91.81729888916016,663.5768432617188,117.98680114746094,146.65048217773438,65.27794647216797
2016-08-10,39805.87890625,5079.53564453125,617.1226806640625,90.73869323730469,681.618408203125,119.00738525390625,145.4025421142578,65.50418853759766
2016-08-11,39861.6015625,5065.84423828125,610.7471923828125,89.71943664550781,678.8740844726562,120.4126968383789,144.54833984375,65.02340698242188
2016-08-12,39907.640625,5100.07275390625,610.7471923828125,89.71943664550781,675.9750366210938,118.60662841796875,144.60458374023438,65.74927520751953
2016-08-15,40030.51953125,5100.07275390625,604.0364990234375,90.7221908569336,675.5982055664062,117.52722930908203,144.56239318847656,66.63070678710938
2016-08-16,40050.171875,5137.72314453125,608.8179931640625,95.25762939453125,682.092041015625,117.28143310546875,144.94554138183594,66.89469909667969
2016-08-17,40057.51953125,5137.72314453125,603.2916870117188,100.01738739013672,686.8173828125,118.29670715332031,143.8558349609375,66.63542938232422
2016-08-18,39771.19921875,5137.72314453125,597.6310424804688,102.17790985107422,679.47314453125,116.19678497314453,142.61489868164062,66.94180297851562
2016-08-19,39499.078125,5137.72314453125,593.91455078125,101.54790496826172,673.0470581054688,114.84486389160156,142.4918975830078,66.8758316040039
2016-08-22,39457.94921875,5065.84423828125,596.2160034179688,101.59407043457031,669.4715576171875,113.49302673339844,141.66578674316406,66.39032745361328
2016-08-23,39400.19140625,5065.84423828125,590.1531982421875,98.00199890136719,671.9647216796875,117.00897979736328,142.35479736328125,66.06510162353516
2016-08-24,39506.578125,5032.30029296875,590.50341796875,100.18893432617188,669.8098754882812,116.55473327636719,142.45669555664062,66.84756469726562
2016-08-25,39792.1015625,5032.30029296875,585.1630859375,101.28401184082031,677.08642578125,117.98680114746094,142.68875122070312,67.10679626464844
2016-08-26,39926.69921875,5168.529296875,588.581787109375,99.90194702148438,683.9280395507812,117.54863739013672,141.30018615722656,67.01721954345703
2016-08-29,40023.01953125,5134.30126953125,589.1403198242188,100.62432861328125,679.647216796875,117.4204330444336,143.13519287109375,66.7391357421875
2016-08-30,39991.7890625,5134.30126953125,597.333251953125,97.32581329345703,674.158447265625,118.0722885131836,142.96995544433594,66.8098373413086
2016-08-31,39809.578125,5134.30126953125,592.134521484375,95.54132080078125,669.9645385742188,116.20214080810547,141.7572021484375,66.06510162353516
2016-09-01,39738.671875,5120.48046875,592.1195678710938,96.21420288085938,657.6145629882812,115.71588897705078,140.57603454589844,65.98023986816406
2016-09-02,39464.6484375,5182.671875,595.8910522460938,96.64630889892578,639.1187133789062,115.37921905517578,138.53016662597656,64.80658721923828
2016-09-05,,5182.671875,588.3480834960938,95.37639617919922,623.0293579101562,116.39979553222656,138.9871368408203,65.89068603515625
2016-09-06,39688.96875,5130.8447265625,598.1539916992188,96.31646728515625,633.6686401367188,122.1172103881836,137.98532104492188,65.99909210205078
2016-09-07,40084.87109375,5113.56982421875,603.4339599609375,99.6743392944336,640.24951171875,122.72634887695312,139.4898223876953,66.84282684326172
2016-09-08,40136.9296875,5113.56982421875,603.4339599609375,99.68754577636719,638.5100708007812,123.80069732666016,139.4582061767578,67.16806030273438
2016-09-09,40340.23046875,5251.77392578125,604.9425659179688,104.67160034179688,634.5093383789062,124.09371948242188,140.41786193847656,67.57813262939453
2016-09-12,40340.23046875,5251.77392578125,604.9425659179688,104.67160034179688,634.5093383789062,124.09371948242188,140.41786193847656,67.57813262939453
2016-09-13,40340.23046875,5251.77392578125,604.9425659179688,104.67160034179688,634.5093383789062,124.09371948242188,140.41786193847656,67.57813262939453
2016-09-14,40340.23046875,5251.77392578125,604.9425659179688,104.67160034179688,634.5093383789062,124.09371948242188,140.41786193847656,67.57813262939453
2016-09-15,40216.3515625,5251.77392578125,599.6624755859375,106.70677185058594,629.61962890625,123.03020477294922,140.4354705810547,65.994384765625
2016-09-16,40363.6796875,5251.77392578125,607.959716796875,112.04046630859375,638.094482421875,122.25431823730469,141.88021850585938,65.46175384521484
2016-09-19,40414.71875,5113.56982421875,637.6863403320312,114.7947006225586,637.6499633789062,120.72417449951172,143.8452911376953,65.25906372070312
2016-09-20,40340.4609375,5182.671875,649.80029296875,113.73587799072266,636.2875366210938,120.42572784423828,143.992919921875,65.2166519165039
2016-09-21,39771.421875,5130.8447265625,645.033203125,109.19712829589844,634.9828491210938,118.35836791992188,142.9277801513672,64.83013916015625
2016-09-22,40135.30859375,5182.671875,641.1486206054688,110.56272888183594,644.9457397460938,120.68620300292969,145.4025421142578,65.9189682006836
2016-09-23,39781.94921875,5182.671875,621.785888671875,110.50004577636719,658.3682861328125,118.49944305419922,143.58164978027344,65.71630859375
2016-09-26,40220.76171875,5182.671875,629.8341674804688,115.14105224609375,662.6975708007812,118.99860382080078,144.39015197753906,65.7257308959961
2016-09-27,40294.37890625,5251.77392578125,629.8341674804688,114.8837661743164,659.3153686523438,118.10335540771484,145.3427734375,65.7115707397461
2016-09-28,40355.01953125,5251.77392578125,629.8341674804688,110.38130187988281,662.1660766601562,118.20645141601562,145.10372924804688,65.38162994384766
2016-09-29,40295.51953125,5182.671875,618.6254272460938,108.86727905273438,663.3740234375,119.11800384521484,145.3006134033203,66.71553039550781
2016-09-30,40541.80859375,5251.77392578125,640.0171508789062,110.50004577636719,654.46435546875,119.81259155273438,145.58181762695312,66.56945037841797
2016-10-03,40986.30859375,5389.9794921875,630.392333984375,111.34117126464844,687.1749267578125,120.47994995117188,147.39569091796875,66.88055419921875
2016-10-04,41123.96875,5303.60107421875,627.3526000976562,109.7875747680664,690.5185546875,121.33184814453125,148.014404296875,66.89939880371094
2016-10-05,41253.4609375,5251.77392578125,626.1683349609375,108.92997741699219,691.8424072265625,120.66445922851562,147.72262573242188,66.95124816894531
2016-10-06,41252.171875,5313.96630859375,626.062744140625,110.63858795166016,696.0170288085938,119.35679626464844,146.37979125976562,66.88524627685547
2016-10-07,41200.48046875,5313.96630859375,622.41943359375,109.60093688964844,680.9710693359375,120.61021423339844,149.38885498046875,67.22463989257812
2016-10-10,41403.96875,5458.52783203125,622.41943359375,109.640869140625,670.8438720703125,120.93577575683594,150.97055053710938,67.2152099609375
2016-10-11,41403.96875,5458.52783203125,622.41943359375,109.640869140625,670.8438720703125,120.93577575683594,150.97055053710938,67.2152099609375
2016-10-12,41403.96875,5458.52783203125,622.41943359375,109.640869140625,670.8438720703125,120.93577575683594,150.97055053710938,67.2152099609375
2016-10-13,41412.0390625,5389.9794921875,618.3916625976562,109.33821105957031,678.9845581054688,120.5885238647461,149.41746520996094,67.34716033935547
2016-10-14,41464.30859375,5389.9794921875,610.622314453125,108.26398468017578,676.8815307617188,120.23578643798828,150.0186767578125,68.41246032714844
2016-10-17,41282.71875,5394.98974609375,606.1720581054688,106.082275390625,663.4202880859375,119.9156723022461,151.045654296875,68.34076690673828
2016-10-18,40954.21875,5389.9794921875,602.8228759765625,104.64554595947266,652.217041015625,119.48702239990234,149.09185791015625,67.8484878540039
2016-10-19,40924.140625,5389.9794921875,602.8682250976562,103.37509155273438,649.6392211914062,119.19940185546875,148.13999938964844,68.34555053710938
2016-10-20,41545.94921875,5528.18359375,600.20556640625,103.84735870361328,649.3291625976562,121.68999481201172,149.16343688964844,69.88926696777344
2016-10-21,41291.4296875,5735.49072265625,610.0868530273438,102.30420684814453,644.5512084960938,121.65743255615234,148.7411651611328,69.89881134033203
2016-10-24,40852.03125,5803.9013671875,606.345458984375,100.26216888427734,641.1690673828125,122.82403564453125,147.99684143066406,69.32528686523438
2016-10-25,40764.76171875,5803.9013671875,603.4339599609375,97.7911376953125,644.1829223632812,124.10456085205078,147.64256286621094,69.34918975830078
2016-10-26,40526.80859375,5873.69482421875,603.4566650390625,98.88529205322266,638.9786987304688,122.03726196289062,146.89109802246094,68.09701538085938
2016-10-27,39987.30859375,5752.76708984375,601.1182250976562,97.77782440185547,640.1707153320312,119.94820404052734,145.8820037841797,67.22714233398438
2016-10-28,39872.87890625,5752.76708984375,597.4221801757812,96.94637298583984,645.6464233398438,119.94280242919922,145.31661987304688,67.04552459716797
2016-10-31,39893.83984375,5597.28515625,605.3196411132812,97.95408630371094,650.7828369140625,121.36983489990234,144.8907470703125,67.20804595947266
2016-11-01,41299.87109375,5743.091796875,611.7689208984375,99.77326965332031,683.3165283203125,125.61304473876953,149.25643920898438,68.40289306640625
2016-11-02,41742.75,5794.68505859375,622.3591918945312,101.28652954101562,682.8029174804688,130.05691528320312,147.4887237548828,68.2690658569336
2016-11-03,41974.4609375,5830.7294921875,626.5982055664062,101.71886444091797,678.790771484375,134.70712280273438,146.33645629882812,68.28337860107422
2016-11-04,41841.55859375,5915.30712890625,641.5106201171875,102.2509765625,688.2591552734375,130.97398376464844,145.4167938232422,68.16389465332031
2016-11-07,42133.5390625,5866.06640625,640.8016357421875,103.09905242919922,688.3076171875,130.88168334960938,146.37222290039062,68.31205749511719
2016-11-08,42113.91015625,5866.06640625,638.1314086914062,101.76874542236328,680.767822265625,129.53065490722656,145.481201171875,67.89627075195312
2016-11-09,42203.62890625,5866.06640625,638.1314086914062,101.76874542236328,680.767822265625,129.53065490722656,145.481201171875,67.89627075195312
2016-11-10,42703.98828125,5933.91552734375,651.044921875,102.10133361816406,682.3764038085938,134.94931030273438,144.81204223632812,67.3036117553711
2016-11-11,42849.12109375,6052.65087890625,659.8927612304688,100.78431701660156,704.2498779296875,136.0836944580078,144.2001190185547,67.16023254394531
2016-11-14,42525.9296875,6007.41748046875,676.8642578125,99.77326965332031,689.809814453125,133.7928924560547,142.07455444335938,66.90693664550781
2016-11-15,42292.671875,6007.41748046875,666.90771484375,100.33866119384766,691.9418334960938,132.2069091796875,139.6376495361328,66.93561553955078
2016-11-16,42404.46875,6007.41748046875,684.8370971679688,100.4384536743164,694.48095703125,132.10780334472656,139.86306762695312,67.21756744384766
2016-11-17,42411.80078125,5873.4873046875,675.6499633789062,100.38190460205078,715.104248046875,132.0086669921875,139.29052734375,67.26535034179688
2016-11-18,42324.94140625,5866.06640625,662.2687377929688,100.68788146972656,707.2734985351562,130.45574951171875,139.1616973876953,66.89258575439453
2016-11-21,42439.0390625,5866.06640625,647.42431640625,100.1058578491211,703.629638671875,129.90505981445312,140.7254638671875,67.55216217041016
2016-11-22,42631.578125,6007.41748046875,650.8487548828125,99.56708526611328,705.5097045898438,127.74092102050781,141.39820861816406,68.72309875488281
2016-11-23,42901.01953125,6042.75634765625,678.5010986328125,101.00049591064453,703.6005859375,128.1814727783203,140.8542938232422,69.30140686035156
2016-11-24,,6184.10693359375,685.5236206054688,100.91402435302734,707.3995361328125,127.77945709228516,140.87936401367188,69.65987396240234
2016-11-25,42999.66015625,6184.10693359375,683.4945678710938,100.7710189819336,717.6045532226562,127.9887466430664,140.42845153808594,69.5547103881836
2016-11-28,43060.7109375,6184.10693359375,679.210205078125,100.94062042236328,710.8497314453125,127.7739486694336,140.907958984375,68.74698638916016
2016-11-29,42811.26953125,6155.83544921875,674.2393798828125,100.84085845947266,716.5191040039062,125.94567108154297,141.0367889404297,67.87714385986328
2016-11-30,42622.37109375,6184.10693359375,670.5660400390625,100.7177963256836,708.1069946289062,125.1857681274414,142.68646240234375,67.40876770019531
2016-12-01,42907.359375,6184.10693359375,660.005859375,101.70223236083984,708.3687133789062,123.34098815917969,143.2518310546875,70.1473617553711
2016-12-02,43270.8984375,6184.10693359375,668.7027587890625,106.787353515625,711.1888427734375,126.89839935302734,142.77593994140625,70.3003158569336
2016-12-05,43739.96875,6184.10693359375,661.08447265625,112.12520599365234,716.315673828125,126.3642349243164,143.44508361816406,73.7653579711914
2016-12-06,44199.3984375,6184.10693359375,658.6632080078125,117.7291488647461,723.622802734375,126.62300872802734,143.8279571533203,74.69735717773438
2016-12-07,44494.98828125,6219.44482421875,667.9486083984375,123.61245727539062,752.5320434570312,127.8069839477539,145.0553741455078,73.47863006591797
2016-12-08,44741.98046875,6219.44482421875,693.7302856445312,129.791748046875,790.1537475585938,129.69586181640625,144.8013458251953,73.1488265991211
2016-12-09,45387.23046875,6362.5625,705.24072265625,129.49241638183594,829.6557006835938,133.71578979492188,145.64584350585938,75.4801254272461
2016-12-12,45387.23046875,6362.5625,705.24072265625,129.49241638183594,829.6557006835938,133.71578979492188,145.64584350585938,75.4801254272461
2016-12-13,45857.890625,6219.44482421875,720.5379028320312,125.99372863769531,840.1223754882812,134.38211059570312,147.5101776123047,78.60301208496094
2016-12-14,46185.26953125,6219.54345703125,715.838623046875,122.9838638305664,844.7354736328125,136.83262634277344,146.86605834960938,79.3608169555664
2016-12-15,46358.3515625,6148.76904296875,721.8729858398438,123.89846801757812,819.1599731445312,137.35572814941406,146.254150390625,80.14757537841797
2016-12-16,46584.53125,6148.76904296875,735.5633544921875,124.6966781616211,808.1699829101562,137.30618286132812,147.09866333007812,80.37921905517578
2016-12-19,46938.58984375,6148.76904296875,730.8489990234375,127.0446548461914,801.2116088867188,143.2369842529297,147.62110900878906,80.01725006103516
2016-12-20,47210.05859375,6085.1611328125,724.0227661132812,122.81759643554688,804.448486328125,150.39581298828125,147.2954864501953,79.0470962524414
2016-12-21,46993.30859375,6148.76904296875,708.5219116210938,123.30980682373047,794.708740234375,150.0378875732422,150.47312927246094,79.2932357788086
2016-12-22,46699.78125,6148.76904296875,705.7838745117188,122.09921264648438,798.1201782226562,144.76788330078125,149.91848754882812,78.13483428955078
2016-12-23,46633.98828125,6157.61181640625,700.4661865234375,123.3896255493164,794.0885620117188,144.14013671875,149.92918395996094,78.34721374511719
2016-12-26,,6157.61181640625,701.4918823242188,122.48831176757812,798.8372802734375,143.1434326171875,150.32284545898438,78.90708923339844
2016-12-27,46920.46875,6157.61181640625,705.18798828125,124.78980255126953,805.659912109375,145.9518585205078,152.2945556640625,79.16777038574219
2016-12-28,47424.62890625,6463.77783203125,711.5466918945312,123.83525848388672,814.3530883789062,147.61488342285156,153.76885986328125,79.67936706542969
2016-12-29,47666.66015625,6360.796875,714.6242065429688,124.68334197998047,819.5184936523438,148.21514892578125,153.11758422851562,79.58284759521484
2016-12-30,47806.96875,6360.796875,721.9257202148438,124.71659851074219,839.5216064453125,150.472900390625,155.37913513183594,79.80970001220703
2017-01-02,,6457.97509765625,716.577880859375,124.68334197998047,826.07958984375,155.12069702148438,159.06851196289062,80.1958236694336
2017-01-03,48827.55078125,6457.97509765625,709.691162109375,124.97270965576172,844.4253540039062,153.70542907714844,165.17691040039062,82.41129302978516
2017-01-04,48704.98828125,6457.97509765625,700.6773071289062,124.38401794433594,844.1636962890625,154.27809143066406,164.8548583984375,81.55213928222656
2017-01-05,48713.62890625,6457.97509765625,694.2205810546875,128.012451171875,845.5203857421875,153.7549591064453,163.31967163085938,81.70178985595703
2017-01-06,49038.23046875,6457.97509765625,702.4800415039062,128.22531127929688,841.8667602539062,153.81556701660156,164.84054565429688,82.14582824707031
2017-01-09,49039.41015625,6457.97509765625,692.59130859375,128.1255340576172,837.28271484375,152.64260864257812,164.0640106201172,81.166015625
2017-01-10,48865.7890625,6457.65576171875,692.3348999023438,126.54579162597656,842.864990234375,151.5742645263672,163.2875213623047,81.05982971191406
2017-01-11,49371.6015625,6457.65576171875,701.55224609375,125.08244323730469,859.4953002929688,152.4774169921875,164.0210723876953,81.04049682617188
2017-01-12,49517.01953125,6572.82177734375,708.9669799804688,125.9371566772461,854.4557495117188,151.2273406982422,163.3125457763672,81.41697692871094
2017-01-13,49210.5,6572.82177734375,706.2816162109375,125.23543548583984,849.716796875,150.50048828125,162.63978576660156,81.24323272705078
2017-01-16,,6572.82177734375,732.998779296875,126.91827392578125,854.99853515625,147.09722900390625,160.66810607910156,80.89569854736328
2017-01-17,48678.6484375,6572.82177734375,721.5335693359375,124.71659851074219,827.35888671875,144.1787109375,159.54803466796875,80.05103302001953
2017-01-18,48642.2109375,6572.82177734375,735.4049072265625,125.04920196533203,829.7042236328125,143.50680541992188,157.06817626953125,76.17034149169922
2017-01-19,49013.8203125,6572.82177734375,772.1692504882812,124.05140686035156,840.1707763671875,143.30859375,157.11111450195312,74.06108856201172
2017-01-20,49364.828125,6572.82177734375,799.7235107421875,126.36288452148438,845.57861328125,143.4957733154297,155.912353515625,74.9588623046875
2017-01-23,49876.1796875,6572.82177734375,833.4102172851562,125.04920196533203,848.2049560546875,143.25352478027344,155.62606811523438,75.76972198486328
2017-01-24,49968.921875,6361.51025390625,844.6792602539062,131.28500366210938,850.6083984375,142.3063507080078,163.4055938720703,75.8952407836914
2017-01-25,49756.76953125,6291.533203125,838.3960571289062,134.09860229492188,851.9844970703125,141.80526733398438,164.71530151367188,76.00625610351562
2017-01-26,50192.359375,6291.533203125,817.924560546875,131.35153198242188,861.7340698242188,144.50355529785156,164.7224578857422,76.20897674560547
2017-01-27,49963.76953125,6360.796875,822.8200073242188,137.59071350097656,853.5254516601562,145.97943115234375,163.3304443359375,74.93953704833984
2017-01-30,48972.23828125,6353.02099609375,783.0913696289062,134.43785095214844,826.8743286132812,145.18093872070312,159.7269744873047,76.09795379638672
2017-01-31,48757.671875,6360.796875,756.0046997070312,129.48577880859375,810.3020629882812,143.66102600097656,160.52139282226562,77.52665710449219
2017-02-01,49455.859375,6360.796875,767.6963500976562,133.03439331054688,818.801513671875,145.0542449951172,164.9442901611328,76.70612335205078
2017-02-02,49665.96875,6360.796875,784.5773315429688,134.66065979003906,826.1474609375,144.3658905029297,173.1890106201172,77.55561828613281
2017-02-03,49555.828125,6360.796875,777.826416015625,131.67410278320312,829.2777099609375,143.3361358642578,173.9297637939453,76.90885162353516
2017-02-06,49630.0390625,6360.796875,763.7512817382812,130.3704376220703,832.8829345703125,145.13136291503906,168.90206909179688,76.9667739868164
2017-02-07,49859.390625,6360.796875,801.93359375,126.91163635253906,832.097900390625,145.8747100830078,169.6141815185547,76.35376739501953
2017-02-08,49874.9609375,6431.4638671875,781.9296875,124.81301879882812,828.0662841796875,146.9651336669922,172.17276000976562,76.02558135986328
2017-02-09,49908.1484375,6360.796875,772.7349243164062,124.75654602050781,828.473388671875,147.11378479003906,170.7342071533203,75.55255889892578
2017-02-10,49925.078125,6360.796875,762.2578125,124.51039123535156,833.9974975585938,147.00918579101562,169.70721435546875,75.66353607177734
2017-02-13,49965.62890625,6360.796875,771.2188720703125,123.2998275756836,836.052001953125,147.90126037597656,169.4316864013672,76.53236389160156
2017-02-14,49767.91015625,6360.796875,764.4754028320312,123.03709411621094,837.0211181640625,148.52902221679688,168.11839294433594,75.9966049194336
2017-02-15,49214.1484375,6360.796875,744.1471557617188,121.40745544433594,828.3377075195312,146.49156188964844,165.64212036132812,75.31121063232422
2017-02-16,49588.30078125,6360.796875,752.1502685546875,123.05370330810547,834.5595703125,147.78562927246094,167.58518981933594,76.50822448730469
2017-02-17,49375.7109375,6360.796875,746.8099365234375,121.39082336425781,841.1011962890625,149.2063751220703,165.32003784179688,75.56219482421875
2017-02-20,,6360.796875,755.0015258789062,119.84766387939453,838.2421875,150.99058532714844,163.66680908203125,75.4415283203125
2017-02-21,49015.08984375,6360.796875,753.1986694335938,118.06505584716797,842.4967651367188,151.52476501464844,163.5308074951172,76.49857330322266
2017-02-22,48981.6484375,6360.796875,745.8896484375,117.14716339111328,851.3158569335938,151.9156951904297,162.4823455810547,76.44548034667969
2017-02-23,49062.26171875,6360.796875,746.9757690429688,117.73580932617188,852.779296875,150.78126525878906,162.353515625,76.70612335205078
2017-02-24,49007.98828125,6678.83447265625,746.1838989257812,114.77920532226562,850.4629516601562,150.8143310546875,160.85775756835938,76.03520965576172
2017-02-27,48520.75,6678.83447265625,736.604248046875,113.0763931274414,847.507080078125,150.57752990722656,158.7393035888672,76.02072143554688
2017-02-28,48534.23046875,6470.3427734375,757.2343139648438,117.03404998779297,843.2235717773438,150.1039581298828,157.52621459960938,76.00625610351562
2017-03-01,48992.16015625,6470.3427734375,753.4400634765625,116.39884948730469,835.3543090820312,150.3462371826172,161.8238983154297,76.2186050415039
2017-03-02,49696.078125,6470.3427734375,763.8493041992188,116.7347640991211,849.6973876953125,154.98300170898438,165.7208251953125,76.95711517333984
2017-03-03,49623.80859375,6368.568359375,750.8452758789062,115.57072448730469,844.008544921875,157.68130493164062,164.2894287109375,76.6288833618164
2017-03-06,49434.890625,6368.568359375,754.337646484375,116.40216827392578,853.9229125976562,157.02598571777344,161.14401245117188,76.80748748779297
2017-03-07,49452.7109375,6431.47119140625,750.6944580078125,118.73353576660156,851.7132568359375,157.0535430908203,161.748779296875,76.6288833618164
2017-03-08,49754.71875,6572.82177734375,750.5209350585938,116.9010238647461,847.4684448242188,157.47752380371094,164.0604248046875,76.72059631347656
2017-03-09,49392.44140625,6378.46435546875,750.1438598632812,116.86444854736328,859.1561889648438,158.6725311279297,160.0024871826172,74.93953704833984
2017-03-10,49191.75,6378.46435546875,743.5588989257812,117.61942291259766,860.6486206054688,158.3146209716797,158.27052307128906,73.32257843017578
2017-03-13,48655.71875,6360.796875,739.19140625,113.99095916748047,853.6998291015625,158.76060485839844,155.23245239257812,71.89899444580078
2017-03-14,48539.05859375,6364.32958984375,716.6154174804688,113.40895080566406,848.12744140625,158.14389038085938,154.70285034179688,72.09819793701172
2017-03-15,48305.828125,6367.86376953125,717.3320922851562,115.06851959228516,849.2127685546875,156.1338653564453,153.4754180908203,72.28284454345703
2017-03-16,48289.66015625,6360.796875,708.80859375,113.0763931274414,847.5652465820312,156.3156280517578,154.22689819335938,72.75898742675781
2017-03-17,48409.3515625,6360.796875,716.8267822265625,114.07410430908203,859.7667846679688,157.16366577148438,156.19862365722656,70.27619934082031
2017-03-20,48697.6484375,6360.796875,718.22216796875,111.49665069580078,865.765625,159.91781616210938,155.13223266601562,70.59200286865234
2017-03-21,49020.2109375,6360.796875,725.7953491210938,111.7460708618164,862.8969116210938,157.7936553955078,157.06817626953125,70.94183349609375
2017-03-22,49016.7890625,6360.796875,724.2716064453125,113.0763931274414,865.8432006835938,157.3365020751953,156.76759338378906,71.32567596435547
2017-03-23,,6360.796875,724.2716064453125,113.0763931274414,865.8432006835938,157.3365020751953,156.76759338378906,71.32567596435547
2017-03-24,48971.05078125,6360.796875,720.3493041992188,112.52430725097656,855.5025024414062,158.32333374023438,156.7497100830078,71.49573516845703
2017-03-27,48680.16015625,6367.86376953125,716.8267822265625,111.57978820800781,851.2188720703125,158.60763549804688,153.6507568359375,71.63663482666016
2017-03-28,48523.41015625,6367.86376953125,711.1318359375,113.03315734863281,842.613037109375,157.78253173828125,153.4038543701172,71.02928161621094
2017-03-29,48375.62890625,6431.47119140625,710.8451538085938,113.09967803955078,828.2310791015625,155.1621551513672,153.12474060058594,71.18476104736328
2017-03-30,47949.328125,6360.796875,705.263427734375,112.74381256103516,818.3070678710938,152.48611450195312,150.7271728515625,71.89899444580078
2017-03-31,48155.9296875,6427.9375,708.6879272460938,111.9522705078125,811.5426635742188,150.3118133544922,151.55381774902344,72.05933380126953
2017-04-03,48227.75,6502.1474609375,709.0348510742188,113.07303619384766,813.9847412109375,149.36959838867188,149.96144104003906,72.84159851074219
2017-04-04,48088.37109375,6572.82177734375,701.4996337890625,112.41122436523438,814.2562255859375,148.0148162841797,149.27076721191406,72.90963745117188
2017-04-05,47577.30859375,6572.82177734375,701.4996337890625,112.41122436523438,814.2562255859375,148.0148162841797,149.27076721191406,72.90963745117188
2017-04-06,47356.6015625,6572.82177734375,724.12060546875,109.75061798095703,823.3272705078125,144.73109436035156,147.3491668701172,73.34201049804688
2017-04-07,47889.37109375,6695.2080078125,732.3741455078125,109.75061798095703,839.6281127929688,148.99606323242188,149.20635986328125,73.96395874023438
2017-04-10,47942.94921875,6695.2080078125,754.8374633789062,108.10103607177734,838.9594116210938,150.51251220703125,149.47116088867188,75.1057357788086
2017-04-11,48250.0703125,6695.2080078125,754.487060546875,106.82723236083984,844.4640502929688,153.8910369873047,151.6432647705078,75.57218933105469
2017-04-12,48457.26171875,6695.2080078125,763.7449951171875,108.4568862915039,836.9339599609375,153.6959228515625,152.24806213378906,76.19893646240234
2017-04-13,47950.578125,6695.2080078125,749.8153686523438,108.2008056640625,833.7843017578125,150.50137329101562,150.43017578125,74.50813293457031
2017-04-14,,6695.2080078125,755.2656860351562,109.43797302246094,840.5294189453125,149.81564331054688,150.67349243164062,72.7055435180664
2017-04-17,47125.12109375,6941.77734375,735.6989135742188,108.4203109741211,831.5164794921875,147.1172332763672,148.9916534423828,72.20023345947266
2017-04-18,46874.37109375,6767.20068359375,731.9070434570312,106.4248275756836,826.8355102539062,144.4523162841797,147.76425170898438,72.69579315185547
2017-04-19,47603.48046875,6767.20068359375,725.01611328125,106.7574234008789,828.2310791015625,145.0990447998047,151.35345458984375,75.15919494628906
2017-04-20,48743.55859375,6803.91552734375,735.8001708984375,109.41804504394531,843.1363525390625,149.92715454101562,156.95008850097656,75.7276611328125
2017-04-21,49708.6484375,6623.21630859375,770.589111328125,110.17298889160156,864.7286376953125,153.6513671875,158.6498260498047,76.19408416748047
2017-04-24,50111.671875,6623.21630859375,763.0519409179688,111.08091735839844,864.4475708007812,152.2798309326172,163.80995178222656,78.07440948486328
2017-04-25,49785.171875,6623.21630859375,751.3726196289062,110.41575622558594,860.764892578125,150.75784301757812,161.25135803222656,77.39904022216797
2017-04-26,49827.51171875,6767.20068359375,742.2783203125,110.23951721191406,857.3826904296875,153.77955627441406,160.78976440429688,77.44763946533203
2017-04-27,49481.69921875,6489.318359375,739.6932983398438,108.08773040771484,851.30615234375,151.2874755859375,159.06137084960938,76.92290496826172
2017-04-28,49300.8984375,6623.20849609375,744.801025390625,107.0899887084961,854.7659301757812,153.64572143554688,155.67259216308594,75.008544921875
2017-05-01,,6623.20849609375,744.801025390625,107.0899887084961,854.7659301757812,153.64572143554688,155.67259216308594,75.008544921875
2017-05-02,48689.421875,6623.21630859375,719.3087768554688,106.4248275756836,858.0513916015625,153.67918395996094,152.54147338867188,74.21661376953125
2017-05-03,48605.140625,6623.21630859375,713.3290405273438,104.09679412841797,856.7721557617188,155.3182830810547,152.21937561035156,74.7899169921875
2017-05-04,49283.640625,6590.8193359375,720.2276000976562,106.4248275756836,874.4296264648438,158.76934814453125,153.99429321289062,75.04743957519531
2017-05-05,49851.12890625,6590.8193359375,720.2276000976562,106.4248275756836,908.281494140625,162.23703002929688,155.1107635498047,75.2903823852539
2017-05-08,50935.91015625,6623.21630859375,708.5015869140625,106.7607421875,930.329345703125,170.348876953125,158.31703186035156,78.48738098144531
2017-05-09,51073.140625,6802.4765625,711.4525146484375,108.4203109741211,948.9656982421875,170.4560546875,157.42245483398438,77.94324493408203
2017-05-10,51103.53125,6911.18115234375,708.0498657226562,109.75061798095703,940.5633544921875,173.1179962158203,157.64430236816406,77.5205078125
2017-05-11,51426.01171875,7055.16552734375,712.4414672851562,108.08773040771484,957.4456787109375,174.02603149414062,158.6749267578125,79.38139343261719
2017-05-12,51750.91015625,7091.15966796875,721.940673828125,108.58658599853516,963.9485473632812,173.30413818359375,162.57180786132812,80.50862121582031
2017-05-15,52387.87109375,7091.15966796875,716.4512939453125,110.74833679199219,961.0896606445312,173.68763732910156,167.54222106933594,84.39556121826172
2017-05-16,51813.19140625,7055.16552734375,715.1121215820312,109.22181701660156,939.5651245117188,167.87869262695312,165.59915161132812,82.73390197753906
2017-05-17,51511.41015625,6947.17724609375,706.9910278320312,109.08545684814453,936.948486328125,166.3728790283203,165.42025756835938,82.71932220458984
2017-05-18,50956.6015625,7199.14794921875,711.4681396484375,107.8050308227539,922.3243408203125,164.69219970703125,163.251708984375,82.0245361328125
2017-05-19,50742.03125,7199.14794921875,705.4338989257812,109.04222869873047,911.8091430664062,163.8011474609375,161.45176696777344,81.64553833007812
2017-05-22,51373.51171875,7199.14794921875,706.9910278320312,109.75061798095703,916.6742553710938,168.6456756591797,163.1443634033203,84.32269287109375
2017-05-23,52146.96875,7199.14794921875,707.3492431640625,111.07760620117188,924.0492553710938,171.07081604003906,164.6186981201172,88.53517150878906
2017-05-24,52876.4609375,7199.14794921875,712.4414672851562,108.79278564453125,933.6630859375,173.0503387451172,166.45440673828125,91.6884994506836
2017-05-25,52869.01171875,7199.14794921875,723.3421630859375,109.75061798095703,931.83154296875,172.28341674804688,170.0793914794922,90.62931060791016
2017-05-26,52636.87109375,7342.8955078125,724.03515625,110.41575622558594,923.0510864257812,168.7528533935547,169.38156127929688,89.28826904296875
2017-05-29,,7199.14794921875,715.6881713867188,107.84828186035156,897.1461791992188,164.9798583984375,169.2277069091797,89.96849060058594
2017-05-30,51453.16015625,7199.14794921875,724.198486328125,107.0899887084961,873.7705688476562,160.49623107910156,165.9713134765625,89.82758331298828
2017-05-31,50591.5703125,7199.14794921875,712.3635864257812,107.0899887084961,832.6987915039062,152.8656768798828,166.6261749267578,85.91635131835938
2017-06-01,48780.80859375,7199.14794921875,699.0023803710938,105.04795837402344,793.8074951171875,146.74652099609375,159.2295684814453,81.88848114013672
2017-06-02,48555.30078125,7199.14794921875,692.9757080078125,102.26760864257812,793.313232421875,144.38912963867188,155.9552764892578,79.14817810058594
2017-06-05,50120.9296875,7199.14794921875,694.7510986328125,101.4361801147461,820.8075561523438,150.38418579101562,160.61441040039062,79.38624572753906
2017-06-06,50144.62890625,7199.14794921875,708.5482788085938,102.88288116455078,832.5631713867188,152.65699768066406,159.7913360595703,78.2492904663086
2017-06-07,50162.80859375,7199.14794921875,720.2276000976562,102.86624908447266,837.7576293945312,152.1945037841797,159.74844360351562,79.34251403808594
2017-06-08,49958.328125,7343.13134765625,735.3096313476562,103.09905242919922,835.6934204101562,147.65451049804688,159.34762573242188,78.52625274658203
2017-06-09,49526.921875,7343.13134765625,755.0321655273438,103.09905242919922,832.1075439453125,145.21812438964844,159.94525146484375,77.71484375
2017-06-12,47671.80078125,7343.13134765625,744.6608276367188,99.77326965332031,800.823974609375,140.4638671875,151.9510955810547,73.83275604248047
2017-06-13,48071.0390625,7343.13134765625,745.1748046875,99.77326965332031,829.8592529296875,147.16952514648438,151.3471221923828,73.779296875
2017-06-14,47608.640625,7343.13134765625,720.6170043945312,99.77326965332031,820.0322875976562,149.9273681640625,147.8698272705078,72.75863647460938
2017-06-15,47442.73046875,7343.13134765625,715.4390869140625,99.83980560302734,795.9977416992188,150.6210479736328,147.32809448242188,72.35708618164062
2017-06-16,46858.55859375,7343.13134765625,715.4390869140625,99.83980560302734,800.300537109375,146.49273681640625,144.9086151123047,69.78919219970703
2017-06-19,46593.33984375,7343.13134765625,704.6550903320312,95.4564208984375,791.3458251953125,144.90234375,143.03086853027344,70.92937469482422
2017-06-20,44914.44140625,7343.13134765625,706.0020751953125,90.92671203613281,764.074462890625,137.84133911132812,139.06307983398438,67.56334686279297
2017-06-21,45474.4609375,7343.13134765625,711.5226440429688,86.47018432617188,773.0874633789062,138.96365356445312,142.69776916503906,68.1830062866211
2017-06-22,46332.30859375,7343.13134765625,719.7994384765625,90.79368591308594,806.0767822265625,142.87200927734375,144.3742218017578,69.30833435058594
2017-06-23,,7343.13134765625,719.7994384765625,90.79368591308594,806.0767822265625,142.87200927734375,144.3742218017578,69.30833435058594
2017-06-26,,7343.13134765625,719.7994384765625,90.79368591308594,806.0767822265625,142.87200927734375,144.3742218017578,69.30833435058594
2017-06-27,,7343.13134765625,719.7994384765625,90.79368591308594,806.0767822265625,142.87200927734375,144.3742218017578,69.30833435058594
2017-06-28,,7343.13134765625,719.7994384765625,90.79368591308594,806.0767822265625,142.87200927734375,144.3742218017578,69.30833435058594
2017-06-29,46711.8515625,7487.1142578125,720.0330200195312,89.79595184326172,818.3652954101562,150.01193237304688,142.78564453125,71.95060729980469
2017-06-30,46565.2890625,7343.13134765625,727.702392578125,90.1285400390625,810.447509765625,151.78848266601562,141.78269958496094,69.74456024169922
2017-07-03,44665.41015625,7343.13134765625,699.8900146484375,88.79822540283203,769.9280395507812,144.20303344726562,134.8976287841797,66.27445220947266
2017-07-04,,7343.13134765625,699.6641235351562,89.83918762207031,763.6673583984375,143.48675537109375,139.80245971679688,68.4754867553711
2017-07-05,45413.421875,7343.13134765625,687.5642700195312,88.79822540283203,747.7057495117188,139.26821899414062,138.1626434326172,70.1312484741211
2017-07-06,44823.109375,7487.1142578125,710.1055297851562,88.46563720703125,729.5733642578125,139.35845947265625,137.28053283691406,69.5264663696289
2017-07-07,45222.1484375,7415.12060546875,710.1055297851562,88.29934692382812,730.0578002929688,141.20263671875,139.73294067382812,70.63689422607422
2017-07-10,46273.80859375,7415.12060546875,718.9818115234375,92.1007308959961,757.6394653320312,143.5318603515625,144.73660278320312,71.3705825805664
2017-07-11,44120.578125,7415.12060546875,692.3917846679688,91.62846374511719,719.7657470703125,136.35812377929688,137.50013732910156,67.82610321044922
2017-07-12,43792.19140625,7415.12060546875,676.6325073242188,96.20806121826172,693.7637939453125,138.72113037109375,134.82809448242188,70.52285766601562
2017-07-13,43783.55078125,7044.3671875,679.8091430664062,99.77326965332031,699.7239990234375,140.89810180664062,135.21607971191406,69.85860443115234
2017-07-14,44337.44140625,7044.3671875,679.8091430664062,100.7710189819336,712.31298828125,142.70848083496094,136.5594024658203,70.349365234375
2017-07-17,44523.2109375,7044.3671875,700.6996459960938,101.76874542236328,723.2255249023438,141.72711181640625,136.3507843017578,71.33586120605469
2017-07-18,45636.359375,7044.3671875,700.761962890625,103.09905242919922,747.8995971679688,143.00738525390625,140.01840209960938,73.7699203491211
2017-07-19,45418.69921875,7044.3671875,700.761962890625,103.08243560791016,737.2294921875,142.51107788085938,140.81637573242188,72.82803344726562
2017-07-20,45059.9296875,7044.3671875,700.7542724609375,99.77326965332031,737.2488403320312,142.24037170410156,138.9276580810547,73.95831298828125
2017-07-21,45294.390625,7044.3671875,700.7542724609375,99.77326965332031,734.5062255859375,142.75921630859375,139.33392333984375,74.1813735961914
2017-07-24,45529.19921875,7343.13134765625,700.7542724609375,99.77326965332031,734.7581787109375,142.68588256835938,141.0579376220703,74.42427825927734
2017-07-25,45917.8984375,7343.13134765625,684.3329467773438,99.77326965332031,731.5213012695312,142.47157287597656,141.9144744873047,75.16292572021484
2017-07-26,45908.390625,7343.13134765625,682.074951171875,99.77326965332031,729.3018798828125,141.6425323486328,142.84422302246094,75.40583801269531
2017-07-27,45905.76171875,7703.0908203125,704.2034912109375,98.77555847167969,723.0025634765625,141.197021484375,142.25491333007812,75.8817367553711
2017-07-28,45912.03125,8062.326171875,706.0255126953125,101.06035614013672,689.4802856445312,140.2551727294922,142.45254516601562,76.09490966796875
2017-07-31,46010.44921875,8062.326171875,697.149169921875,103.05583953857422,686.0010986328125,133.24493408203125,144.220458984375,77.5374984741211
2017-08-01,46533.4296875,8062.326171875,669.811767578125,101.4361801147461,681.0487670898438,128.3270721435547,151.4313201904297,79.07425689697266
2017-08-02,46949.0390625,8062.326171875,683.6633911132812,102.27095031738281,699.927490234375,132.105712890625,155.1538848876953,78.62313079833984
2017-08-03,47084.33984375,8062.326171875,685.578857421875,100.79762268066406,700.8676147460938,133.57203674316406,158.1443634033203,79.1287841796875
2017-08-04,46877.37109375,8062.326171875,695.1870727539062,101.76874542236328,697.9408569335938,133.7356414794922,156.97303771972656,78.38021087646484
2017-08-07,46465.66015625,8062.326171875,691.947998046875,102.10133361816406,684.2276000976562,133.67918395996094,158.287109375,77.51764678955078
2017-08-08,45979.69921875,8062.326171875,680.073974609375,100.7710189819336,675.5828857421875,132.6921844482422,166.2007293701172,76.86328125
2017-08-09,45998.80859375,8062.326171875,681.2964477539062,101.76874542236328,668.3531494140625,130.7521514892578,170.78712463378906,76.06515502929688
2017-08-10,45634.01953125,8062.326171875,681.2964477539062,101.76874542236328,676.7070922851562,129.60165405273438,168.2578582763672,75.75286102294922
2017-08-11,45288.48828125,8063.04443359375,681.2964477539062,99.77326965332031,668.62451171875,127.76875305175781,164.62677001953125,74.84070587158203
2017-08-14,,8063.04443359375,681.2964477539062,99.77326965332031,668.62451171875,127.76875305175781,164.62677001953125,74.84070587158203
2017-08-15,43899.44921875,7659.89453125,652.4405517578125,99.9428939819336,651.8876342773438,125.51847076416016,160.9481658935547,71.88613891601562
2017-08-16,44186.9609375,7659.89453125,660.2345581054688,99.77326965332031,643.7177124023438,126.53925323486328,163.81419372558594,72.85777282714844
2017-08-17,43136.05859375,7659.89453125,638.4799194335938,104.76193237304688,636.77880859375,122.51249694824219,160.69558715820312,70.54763793945312
2017-08-18,43078.37890625,7929.14111328125,609.77197265625,110.00003814697266,636.3814086914062,121.52552032470703,160.86761474609375,72.54547119140625
2017-08-21,42153.37890625,7929.14111328125,607.3270874023438,115.49755096435547,604.61328125,120.78111267089844,153.83250427246094,72.28271484375
2017-08-22,41983.16015625,7861.916015625,584.7470092773438,113.44557189941406,584.1064453125,121.42400360107422,155.9152069091797,72.27777099609375
2017-08-23,42910.7890625,7861.916015625,592.5410766601562,114.7824935913086,590.3863525390625,125.3568344116211,161.85592651367188,72.72391510009766
2017-08-24,42268.62109375,7919.0634765625,591.94921875,111.41019439697266,579.0960083007812,123.6999740600586,155.58578491210938,72.48597717285156
2017-08-25,42641.75,7847.07177734375,600.732177734375,116.36891174316406,601.4830322265625,125.04145812988281,159.24610900878906,72.73880767822266
2017-08-28,41974.21875,7847.07177734375,607.3114624023438,116.40216827392578,594.5051879882812,118.79261779785156,156.5301513671875,72.5752182006836
2017-08-29,41233.078125,7847.07177734375,580.1063842773438,116.40548706054688,584.1742553710938,112.85326385498047,154.2314453125,71.44988250732422
2017-08-30,41323.6484375,8207.0283203125,564.814208984375,116.40216827392578,594.7377319335938,107.21199798583984,154.37420654296875,71.62340545654297
2017-08-31,41206.98828125,8004.72607421875,589.698974609375,117.06732177734375,578.5726928710938,101.85169982910156,153.6787567138672,69.94782257080078
2017-09-01,,8004.72607421875,589.698974609375,117.06732177734375,578.5726928710938,101.85169982910156,153.6787567138672,69.94782257080078
2017-09-04,,8129.01025390625,589.698974609375,117.06732177734375,578.5726928710938,101.85169982910156,153.6787567138672,69.94782257080078
2017-09-05,41779.19921875,8129.01025390625,614.9653930664062,116.40216827392578,584.3389892578125,96.76081848144531,156.57772827148438,73.20974731445312
2017-09-06,41389.98828125,8129.01025390625,603.0809936523438,116.46868133544922,573.9014282226562,91.9279556274414,156.31417846679688,72.20339965820312
2017-09-07,40958.6484375,8129.01025390625,602.3397216796875,116.40216827392578,559.4998779296875,87.67984008789062,154.9635467529297,72.27281951904297
2017-09-08,41401.01953125,8535.455078125,612.7021484375,116.48533630371094,580.0999755859375,92.059814453125,158.86180114746094,73.32374572753906
2017-09-11,41126.828125,8535.455078125,623.1748046875,116.40216827392578,571.6243896484375,96.65764617919922,158.26150512695312,72.19844055175781
2017-09-12,41279.30078125,8909.09375,619.5078125,116.40216827392578,568.938720703125,101.49050903320312,158.34933471679688,72.79827880859375
2017-09-13,42310.12109375,8992.439453125,627.5673217773438,116.40216827392578,583.4279174804688,105.97367858886719,164.4694061279297,76.31797790527344
2017-09-14,42683.5703125,9122.083984375,630.8795776367188,116.40216827392578,590.871826171875,108.06048583984375,165.5272216796875,76.34772491455078
2017-09-15,42787.19140625,9028.9931640625,642.6770629882812,116.40216827392578,597.3623657226562,112.09648132324219,162.8881378173828,75.50994110107422
2017-09-18,42841.41015625,9428.6591796875,642.6770629882812,116.40216827392578,583.9241333007812,110.52564239501953,161.9071807861328,75.14309692382812
2017-09-19,43253.26171875,9504.2041015625,626.1951293945312,118.05841827392578,583.5057373046875,110.16448211669922,165.60409545898438,75.2620849609375
2017-09-20,43347.03125,9504.2041015625,630.87158203125,118.05841827392578,583.4473266601562,108.12353515625,168.12240600585938,74.88530731201172
2017-09-21,42775.0390625,9431.0869140625,626.9443969726562,116.40216827392578,579.6425170898438,105.95648956298828,164.8939971923828,74.4044418334961
2017-09-22,42750.19140625,9431.0869140625,626.9443969726562,115.90328979492188,576.4216918945312,106.07688903808594,164.03382873535156,74.14666748046875
2017-09-25,42743.6484375,9431.0869140625,608.0177612304688,113.0763931274414,577.9202880859375,106.43807220458984,164.41448974609375,74.59778594970703
2017-09-26,42666.23046875,9431.0869140625,618.2301635742188,113.0763931274414,571.8092651367188,103.69772338867188,164.5755157470703,74.96464538574219
2017-09-27,42290.1484375,9431.0869140625,611.7005004882812,113.0763931274414,562.6817626953125,103.58878326416016,162.83689880371094,74.4044418334961
2017-09-28,42362.87109375,9503.837890625,614.3265991210938,113.0763931274414,556.8433227539062,102.88936614990234,164.26806640625,74.52342224121094
2017-09-29,42409.26953125,9503.837890625,622.2127075195312,113.0763931274414,549.9637451171875,103.62892150878906,161.69857788085938,73.6856689453125
2017-10-02,42018.8984375,9504.2041015625,621.4319458007812,109.75061798095703,535.678955078125,100.9631118774414,162.08285522460938,73.3287124633789
2017-10-03,41115.78125,9504.2041015625,619.8468017578125,108.13761901855469,508.89984130859375,98.09661102294922,160.2234344482422,71.7374267578125
2017-10-04,40461.0,9452.7861328125,607.2291259765625,108.13761901855469,502.3899841308594,97.27108001708984,156.28123474121094,70.27499389648438
2017-10-05,40468.48828125,9504.080078125,602.1663208007812,103.43164825439453,501.0082702636719,97.56917572021484,157.1267547607422,70.76578521728516
2017-10-06,41312.58984375,9504.2041015625,602.1663208007812,103.43164825439453,514.0863647460938,99.47254180908203,160.9042510986328,72.32238006591797
2017-10-09,41099.98828125,9504.2041015625,602.1663208007812,103.76421356201172,507.0607604980469,100.25220489501953,161.4496307373047,72.21827697753906
2017-10-10,40610.71875,9430.36328125,601.3934326171875,100.27215576171875,493.4376525878906,100.26939392089844,158.751953125,71.26646423339844
2017-10-11,40503.6796875,9430.36328125,607.2291259765625,105.28410339355469,493.5544128417969,96.2161865234375,160.9722442626953,71.6580810546875
2017-10-12,40237.53125,9504.2041015625,602.3397216796875,104.26641845703125,487.61865234375,96.4111099243164,164.73960876464844,71.86630249023438
2017-10-13,39846.78125,9232.0908203125,607.2212524414062,107.42257690429688,471.1639709472656,96.23341369628906,160.43130493164062,71.89604949951172
2017-10-16,40791.390625,9232.0908203125,607.2291259765625,107.42257690429688,494.6345520019531,97.47745513916016,166.47727966308594,74.34905242919922
2017-10-17,40724.9609375,9138.658203125,595.4000244140625,102.1146240234375,487.5018615722656,96.6690902709961,165.0268096923828,74.3993148803711
2017-10-18,40733.44921875,8773.1103515625,595.4000244140625,102.1146240234375,508.1700439453125,96.03273010253906,162.92054748535156,74.74614715576172
2017-10-19,41558.0703125,9190.1064453125,614.3975830078125,106.8327865600586,529.957275390625,97.64374542236328,169.06703186035156,75.65095520019531
2017-10-20,42087.890625,9083.82421875,619.9256591796875,107.84384155273438,532.9932250976562,99.13427734375,171.7860565185547,76.54065704345703
2017-10-23,41483.5390625,8992.439453125,611.0774536132812,107.84384155273438,509.6102294921875,98.99095153808594,171.5371551513672,74.94722747802734
2017-10-24,41291.6796875,9064.0869140625,621.834228515625,105.15110778808594,510.9530334472656,98.03929138183594,172.5519561767578,75.03768920898438
2017-10-25,41595.3203125,8882.044921875,607.2291259765625,103.20993041992188,522.4743041992188,98.03353881835938,173.9689178466797,75.6559829711914
2017-10-26,41409.48828125,8846.220703125,589.8796997070312,105.14775085449219,525.6367797851562,97.80996704101562,172.4322967529297,74.95225524902344
2017-10-27,41105.3984375,8844.4658203125,590.0768432617188,104.64222717285156,522.6494140625,96.74935150146484,168.78939819335938,74.03742980957031
2017-10-30,40324.3203125,8699.6376953125,587.5138549804688,104.64222717285156,496.5223083496094,94.69124603271484,164.81141662597656,73.25325775146484
2017-10-31,39617.19140625,8699.6376953125,583.9651489257812,104.64222717285156,473.72314453125,92.0082015991211,162.68600463867188,72.20267486572266
2017-11-01,40453.640625,8699.6376953125,576.4813232421875,104.64222717285156,489.3605041503906,94.04340362548828,165.2613983154297,74.81149291992188
2017-11-02,40498.87109375,8699.6376953125,576.4813232421875,104.64222717285156,486.3050231933594,94.4045639038086,167.24798583984375,78.21957397460938
2017-11-03,41064.0,8699.6376953125,575.6926879882812,106.8327865600586,496.61962890625,96.03273010253906,170.93875122070312,79.5516357421875
2017-11-06,41030.76953125,8334.4541015625,583.5787353515625,107.01815795898438,497.7775573730469,94.36447143554688,168.4495086669922,81.39137268066406
2017-11-07,41049.21875,8805.244140625,583.5787353515625,107.51020050048828,503.20733642578125,95.0581283569336,167.9325408935547,81.67789459228516
2017-11-08,41259.16015625,8827.314453125,584.4934692382812,104.47370147705078,517.5213623046875,95.08680725097656,169.30638122558594,79.99397277832031
2017-11-09,41790.16015625,8827.314453125,583.5708618164062,102.78866577148438,517.4240112304688,97.62076568603516,170.9914093017578,80.9691162109375
2017-11-10,41435.69921875,8827.314453125,587.5138549804688,102.78866577148438,500.9692687988281,96.30219268798828,170.0053253173828,80.17996215820312
2017-11-13,41239.890625,8716.97265625,583.5550537109375,102.78866577148438,500.65789794921875,96.35380554199219,168.65538024902344,80.66754150390625
2017-11-14,40943.78125,8827.314453125,570.1644897460938,104.06930541992188,502.1564025878906,97.38570404052734,167.4921112060547,78.92832946777344
2017-11-15,40662.7890625,8827.314453125,570.1644897460938,104.47370147705078,503.85931396484375,95.12692260742188,166.3192901611328,77.01819610595703
2017-11-16,40813.30859375,8827.314453125,570.1644897460938,104.47370147705078,503.79119873046875,96.45126342773438,165.96026611328125,77.40023803710938
2017-11-17,40844.3984375,8827.314453125,555.969482421875,104.47370147705078,497.6900329589844,96.28499603271484,160.598876953125,78.19445037841797
2017-11-20,40316.9296875,8385.9462890625,538.7147216796875,101.10359954833984,494.9698486328125,95.62570190429688,155.4815673828125,77.53092956542969
2017-11-21,40548.828125,8385.9462890625,537.3978271484375,101.10359954833984,493.8388366699219,96.15316772460938,152.8199920654297,78.83782958984375
2017-11-22,40591.87109375,8385.9462890625,551.9476318359375,104.47370147705078,496.8418273925781,95.17280578613281,152.76254272460938,79.29022979736328
2017-11-23,,8091.697265625,544.928955078125,103.12904357910156,500.4004821777344,94.89762878417969,147.7122802734375,79.08414459228516
2017-11-24,40248.41015625,7687.11962890625,537.8314819335938,103.12904357910156,496.83203125,94.4561996459961,151.82907104492188,79.35560607910156
2017-11-27,40032.171875,7981.3623046875,551.9398193359375,103.12904357910156,492.181396484375,93.57329559326172,151.04400634765625,78.36032104492188
2017-11-28,39634.12890625,7981.3623046875,540.2130737304688,104.47370147705078,480.3450927734375,93.00574493408203,146.99900817871094,76.86236572265625
2017-11-29,39672.890625,7981.3623046875,540.1973266601562,104.47370147705078,482.1488037109375,92.26043701171875,148.22445678710938,77.97325897216797
2017-11-30,40010.359375,7981.3623046875,537.1612548828125,102.50894165039062,482.2755126953125,93.44720458984375,148.17181396484375,78.15924835205078
2017-12-01,,7981.3623046875,537.1612548828125,102.50894165039062,482.2755126953125,93.44720458984375,148.17181396484375,78.15924835205078
2017-12-04,40049.80078125,7981.3623046875,536.2542724609375,98.77821350097656,488.2424011230469,92.67323303222656,150.00523376464844,79.7325668334961
2017-12-05,39945.41015625,8380.4296875,540.0947875976562,100.7665786743164,487.3941955566406,91.48649597167969,147.76016235351562,78.51112365722656
2017-12-06,39907.3203125,8380.4296875,540.0947875976562,100.7665786743164,490.81640625,91.48649597167969,147.76016235351562,78.93333435058594
2017-12-07,38784.66015625,8380.4296875,516.5390625,107.79328918457031,479.3505554199219,87.37599182128906,139.86158752441406,77.17904663085938
2017-12-08,39080.0,8882.484375,513.3845825195312,112.56200408935547,480.8423156738281,89.38823699951172,137.41064453125,78.21456146240234
2017-12-11,38481.69921875,8970.755859375,501.555419921875,114.5840835571289,461.8008728027344,88.47097778320312,130.5748291015625,80.3344955444336
2017-12-12,38525.109375,9150.9833984375,484.2060852050781,111.21397399902344,457.4329833984375,89.89847564697266,134.81610107421875,81.75336456298828
2017-12-13,38819.6484375,9342.2412109375,484.78961181640625,109.52889251708984,462.51263427734375,89.56025695800781,134.94534301757812,80.75090026855469
2017-12-14,38223.55078125,9342.2412109375,499.9703369140625,105.48474884033203,457.1502380371094,88.90096282958984,130.52694702148438,80.35505676269531
2017-12-15,38645.8984375,8875.126953125,517.2724609375,105.48474884033203,443.4322204589844,90.94187927246094,132.96832275390625,80.55553436279297
2017-12-18,38383.96875,8875.126953125,517.2724609375,103.46603393554688,434.6475830078125,90.35137939453125,130.64662170410156,80.2265396118164
2017-12-19,37919.421875,8875.126953125,518.2739868164062,101.10359954833984,439.8442687988281,91.22280883789062,126.93669891357422,79.61478424072266
2017-12-20,38208.05859375,8875.126953125,518.2739868164062,101.10359954833984,435.82733154296875,95.74610137939453,128.2196044921875,81.17243194580078
2017-12-21,38715.76953125,8459.5029296875,531.4911499023438,102.78866577148438,441.2677307128906,96.97293853759766,132.1114501953125,81.6762466430664
2017-12-22,39428.2109375,8459.5029296875,547.5786743164062,101.10359954833984,463.2926025390625,97.50039672851562,138.7126922607422,83.35211944580078
2017-12-25,,8459.5029296875,547.5786743164062,101.10359954833984,463.2926025390625,97.50039672851562,138.7126922607422,83.35211944580078
2017-12-26,39525.75,8459.5029296875,569.7307739257812,101.10359954833984,464.6380920410156,97.99919128417969,139.87596130371094,82.24683380126953
2017-12-27,40146.73046875,8459.5029296875,542.1688232421875,101.10359954833984,487.7354431152344,97.97048950195312,142.4226531982422,84.22605895996094
2017-12-28,40371.30859375,8459.5029296875,551.6242065429688,104.04570007324219,504.55389404296875,97.30545043945312,143.74864196777344,83.70681762695312
2017-12-29,40471.48046875,8459.5029296875,550.1416625976562,109.24579620361328,504.4661560058594,95.79196166992188,140.31155395507812,83.6862564086914
2018-01-01,,8459.5029296875,526.806640625,103.79969024658203,509.84808349609375,99.7362289428711,141.61361694335938,83.38296508789062
2018-01-02,41486.87109375,8459.51171875,521.1839599609375,103.79969024658203,526.958984375,103.00403594970703,142.2790069580078,85.243896484375
2018-01-03,41544.26953125,8037.3505859375,504.8203125,105.14775085449219,529.6012573242188,102.08098602294922,143.0975799560547,86.48286437988281
2018-01-04,41908.7109375,8231.4697265625,513.7868041992188,103.46267700195312,544.5184936523438,104.21939086914062,142.88217163085938,87.47499084472656
2018-01-05,42523.98828125,8606.6318359375,509.18133544921875,103.46267700195312,560.5179443359375,106.55846405029297,143.7438507080078,87.41846466064453
2018-01-08,43112.12109375,8385.9462890625,508.6293029785156,108.51786804199219,560.4691772460938,110.1186294555664,147.08517456054688,88.26668548583984
2018-01-09,42814.33984375,8385.9462890625,505.530029296875,108.43360900878906,556.2963256835938,107.48146057128906,150.5413818359375,87.35162353515625
2018-01-10,43630.73828125,8385.9462890625,503.9607849121094,107.84384155273438,569.2830810546875,110.12433624267578,153.3082733154297,88.04561614990234
2018-01-11,43395.28125,8385.9462890625,501.6973876953125,107.16980743408203,564.8663330078125,110.8810806274414,150.8142547607422,87.22308349609375
2018-01-12,42933.71875,8018.1435546875,495.3885803222656,104.49055480957031,564.8079223632812,111.6894302368164,144.95974731445312,85.98931884765625
2018-01-15,,8018.1435546875,486.5561218261719,105.14775085449219,566.1143798828125,109.19563293457031,140.28762817382812,86.31318664550781
2018-01-16,42939.6796875,7723.9130859375,496.7529296875,103.68511199951172,585.4970703125,113.45520782470703,144.12680053710938,88.22553253173828
2018-01-17,43358.96875,7944.583984375,493.227783203125,104.46360778808594,590.58642578125,115.0833511352539,145.59161376953125,88.32318878173828
2018-01-18,43580.87890625,7944.583984375,496.5793762207031,103.79969024658203,592.1854248046875,116.67142486572266,146.56814575195312,88.32318878173828
2018-01-19,44178.828125,8341.07421875,515.9396362304688,106.37107849121094,604.3531494140625,118.72380065917969,147.0037841796875,86.95063018798828
2018-01-22,44897.69140625,8341.07421875,536.4750366210938,104.81072998046875,622.51708984375,119.74996948242188,152.18809509277344,88.21012878417969
2018-01-23,44907.19921875,8509.9267578125,554.975830078125,104.81072998046875,629.8002319335938,118.25370788574219,151.9056854248047,89.36678314208984
2018-01-24,45063.2109375,8900.1396484375,555.3779907226562,104.81072998046875,660.687744140625,120.8220443725586,151.9439697265625,88.18958282470703
2018-01-25,44816.7109375,8716.97265625,573.20849609375,104.81072998046875,660.687744140625,119.63533782958984,151.47482299804688,87.1202621459961
2018-01-26,44551.12890625,8716.97265625,567.3018798828125,105.31623840332031,642.0167236328125,115.74836730957031,150.78550720214844,87.8245620727539
2018-01-29,44457.30078125,8533.0693359375,566.2846069335938,103.27732849121094,623.5213623046875,115.74836730957031,151.43655395507812,86.431396484375
2018-01-30,44233.109375,8533.0693359375,578.7839965820312,100.85084533691406,616.0238037109375,115.74836730957031,150.89080810546875,86.00985717773438
2018-01-31,44049.05078125,8106.41650390625,572.20703125,102.03038787841797,599.8195190429688,111.23082733154297,151.1780548095703,84.61158752441406
2018-02-01,44255.48046875,8128.4873046875,579.138916015625,102.1483383178711,619.1534423828125,113.77049255371094,152.39874267578125,85.0896987915039
2018-02-02,44301.19921875,8462.4521484375,581.9937133789062,101.94612121582031,616.9305419921875,113.21440887451172,152.39874267578125,85.0896987915039
2018-02-05,,8462.4521484375,581.9937133789062,101.94612121582031,616.9305419921875,113.21440887451172,152.39874267578125,85.0896987915039
2018-02-06,43885.51171875,8462.4521484375,576.008056640625,101.09687042236328,601.028564453125,111.76397705078125,152.39874267578125,85.3672866821289
2018-02-07,44096.48828125,8462.4521484375,576.008056640625,101.52822875976562,614.0640869140625,111.855712890625,150.5030517578125,86.81181335449219
2018-02-08,43679.87109375,8462.4521484375,564.3603515625,102.1146240234375,604.47021484375,111.855712890625,148.6887969970703,85.59860229492188
2018-02-09,43808.80078125,8462.4521484375,557.2786254882812,102.67745208740234,595.724609375,111.91878509521484,148.27235412597656,85.4701156616211
2018-02-12,43515.078125,8459.5029296875,555.1730346679688,102.78866577148438,593.0921630859375,109.79183197021484,147.156982421875,85.23873901367188
2018-02-13,43690.359375,8459.5029296875,544.5346069335938,102.70439147949219,586.41357421875,113.40933227539062,147.472900390625,85.2747802734375
2018-02-14,43353.0390625,8459.5029296875,544.5346069335938,102.70439147949219,586.41357421875,113.40933227539062,144.43316650390625,84.86349487304688
2018-02-15,42942.3515625,8099.06689453125,528.1868896484375,101.44060516357422,559.2894897460938,117.35362243652344,141.9199981689453,85.08456420898438
2018-02-16,43627.1015625,8441.1171875,531.317626953125,101.44060516357422,571.3597412109375,121.36668395996094,144.56719970703125,86.13326263427734
2018-02-19,,8459.51171875,521.8228149414062,101.44060516357422,582.4453125,121.7049331665039,147.0995330810547,85.9636001586914
2018-02-20,43294.94921875,8459.51171875,517.3750610351562,105.54878234863281,586.2477416992188,119.08494567871094,146.18043518066406,85.7990951538086
2018-02-21,42919.78125,8459.5029296875,510.62457275390625,110.57027435302734,577.5606689453125,117.00390625,143.00184631347656,84.17974853515625
2018-02-22,43528.51171875,8881.75,505.4590759277344,114.32457733154297,588.0612182617188,120.7646713256836,141.94873046875,85.0228500366211
2018-02-23,43267.19921875,8805.244140625,505.4985656738281,114.29422760009766,585.6238403320312,120.69593048095703,140.49826049804688,84.48306274414062
2018-02-26,42911.01953125,8753.7529296875,517.3355712890625,108.58189392089844,575.4937133789062,119.0792465209961,137.0420684814453,83.23900604248047
2018-02-27,42994.9609375,8753.7529296875,512.848388671875,103.15599060058594,574.4114990234375,120.2200927734375,138.7605743408203,83.43950653076172
2018-02-28,43239.44140625,8753.7529296875,514.6386108398438,101.44060516357422,585.7213134765625,119.4461441040039,142.54710388183594,83.90730285644531
2018-03-01,43510.390625,8753.7529296875,511.53924560546875,105.48474884033203,615.0000610351562,119.32576751708984,143.27471923828125,83.91759490966797
2018-03-02,43740.48828125,9191.4404296875,513.6922607421875,104.4770736694336,627.8795166015625,120.44367980957031,142.76730346679688,84.80695343017578
2018-03-05,43829.0703125,9268.6787109375,520.4821166992188,102.8223648071289,636.1083374023438,122.03170013427734,144.19381713867188,84.89432525634766
2018-03-06,43705.1015625,9267.9423828125,524.4252319335938,100.7665786743164,632.4035034179688,120.09395599365234,143.83001708984375,84.86349487304688
2018-03-07,43441.1796875,9267.9423828125,520.4821166992188,100.76322937011719,622.6633911132812,118.48299407958984,143.10716247558594,84.85320281982422
2018-03-08,43072.73828125,8990.78125,516.5548095703125,100.17682647705078,614.1517333984375,116.64849090576172,142.91091918945312,83.54230499267578
2018-03-09,43011.26171875,9047.26171875,512.5960083007812,99.53311157226562,617.4180297851562,117.33068084716797,140.6322784423828,84.35453796386719
2018-03-12,43410.9296875,9011.21875,512.5960083007812,99.41852569580078,633.1444091796875,117.89250946044922,141.6088409423828,86.114013671875
2018-03-13,43618.0703125,9084.77734375,519.1652221679688,101.10359954833984,632.83251953125,117.82371520996094,143.22206115722656,86.33395385742188
2018-03-14,43407.71875,9084.77734375,525.2136840820312,103.44920349121094,623.014404296875,114.70500183105469,141.24984741210938,85.57464599609375
2018-03-15,43495.0703125,9084.77734375,524.4252319335938,101.6091079711914,618.5684814453125,116.00633239746094,141.52267456054688,86.0982894897461
2018-03-16,43363.2109375,9084.77734375,525.2136840820312,100.7665786743164,610.963623046875,115.67959594726562,140.25413513183594,86.71098327636719
2018-03-19,43539.6015625,9084.77734375,543.9905395507812,101.77762603759766,614.1907958984375,114.10301208496094,144.58154296875,88.71129608154297
2018-03-20,44309.73828125,9084.77734375,539.0696411132812,105.4342041015625,625.8710327148438,117.479736328125,146.84104919433594,89.48632049560547
2018-03-21,44645.94921875,9084.77734375,540.1973266601562,105.87905883789062,624.37939453125,121.47561645507812,148.55958557128906,90.06232452392578
2018-03-22,45030.21875,9084.77734375,551.3720092773438,106.99119567871094,644.9807739257812,123.09231567382812,148.71754455566406,90.21414947509766
2018-03-23,,9084.77734375,551.3720092773438,106.99119567871094,644.9807739257812,123.09231567382812,148.71754455566406,90.21414947509766
2018-03-26,45083.5703125,9084.77734375,550.3073120117188,107.84384155273438,648.9977416992188,122.16930389404297,149.53134155273438,90.66452026367188
2018-03-27,45004.19140625,9084.77734375,548.0203247070312,107.84384155273438,652.5076293945312,120.90800476074219,151.27857971191406,90.05709838867188
2018-03-28,45172.98828125,9084.77734375,553.5247802734375,106.15876770019531,662.0039672851562,119.74996948242188,151.23548889160156,89.99948120117188
2018-03-29,45489.62109375,9305.4580078125,555.969482421875,106.15876770019531,671.1785888671875,119.31427001953125,154.47630310058594,91.24578094482422
2018-03-30,,9305.4580078125,568.5162353515625,104.47370147705078,672.3679809570312,121.62466430664062,153.89706420898438,91.15675354003906
2018-04-02,45741.4296875,9518.0517578125,578.105712890625,104.23106384277344,705.0983276367188,119.80156707763672,157.9660186767578,92.4501724243164
2018-04-03,46013.33984375,9518.0517578125,575.6768798828125,102.8223648071289,703.9575805664062,119.1423110961914,159.09573364257812,92.40304565429688
2018-04-04,46103.609375,9518.0517578125,572.7511596679688,105.06349182128906,698.1173095703125,120.14559173583984,158.24365234375,91.61756134033203
2018-04-05,46560.8203125,9518.05078125,570.953125,103.66487884521484,699.2190551757812,125.4313735961914,161.58975219726562,91.72229766845703
2018-04-06,46637.62109375,9518.05078125,561.410888671875,103.22677612304688,697.9515991210938,125.54598236083984,160.44566345214844,91.98410034179688
2018-04-09,46580.62109375,9518.05078125,554.6132202148438,104.30520629882812,693.515380859375,124.85230255126953,158.2723846435547,91.9369888305664
2018-04-10,46476.73046875,9607.61328125,557.5467529296875,104.46360778808594,693.1351928710938,123.84909057617188,157.54953002929688,91.84797668457031
2018-04-11,46486.48828125,9511.3876953125,559.7232666015625,108.45045471191406,692.0140380859375,123.6197509765625,161.6089324951172,92.26164245605469
2018-04-12,46331.7109375,9260.466796875,556.9154052734375,105.24883270263672,684.5261840820312,120.79911041259766,161.3025665283203,92.84813690185547
2018-04-13,46071.859375,9260.466796875,560.8760986328125,106.1553955078125,667.639404296875,119.9162368774414,159.05743408203125,92.02075958251953
2018-04-16,45682.23828125,9260.466796875,566.952880859375,105.03990173339844,657.8602294921875,119.84745025634766,155.7592010498047,87.64828491210938
2018-04-17,45801.73046875,9326.3427734375,589.2426147460938,105.8217544555664,670.3497924804688,118.59162139892578,156.66392517089844,86.44392395019531
2018-04-18,45478.62890625,9326.3427734375,612.191162109375,104.47370147705078,661.4189453125,114.80123138427734,155.22305297851562,85.98837280273438
2018-04-19,45387.76953125,9326.3427734375,601.445556640625,107.14622497558594,650.3138427734375,114.94526672363281,155.47198486328125,86.49626922607422
2018-04-20,45259.33984375,9326.3427734375,608.7081298828125,109.73111724853516,636.839599609375,113.73551940917969,153.94012451171875,85.97261810302734
2018-04-23,45371.94921875,9326.3427734375,605.9249877929688,112.57548522949219,634.2072143554688,114.27127838134766,156.9176483154297,86.21351623535156
2018-04-24,45876.69921875,9326.3427734375,608.016357421875,115.40973663330078,648.7442016601562,115.65955352783203,162.499267578125,87.72684478759766
2018-04-25,45718.33984375,9326.3427734375,609.407958984375,116.60953521728516,644.0253295898438,114.73211669921875,161.47006225585938,87.2293701171875
2018-04-26,45460.87109375,9326.3427734375,598.5801391601562,116.26912689208984,647.2427368164062,112.88873291015625,161.37435913085938,87.42838287353516
2018-04-27,45542.78125,9326.3427734375,601.0916748046875,116.26912689208984,635.338134765625,113.19405364990234,163.3035125732422,88.11434173583984
2018-04-30,45488.859375,9326.3427734375,594.5042724609375,111.22405242919922,644.6589965820312,112.15719604492188,162.44183349609375,87.30792999267578
2018-05-01,,9326.3427734375,594.5042724609375,111.22405242919922,644.6589965820312,112.15719604492188,162.44183349609375,87.30792999267578
2018-05-02,45196.37109375,9326.3427734375,590.7989501953125,111.22405242919922,637.01513671875,110.06608581542969,161.84347534179688,86.46485137939453
2018-05-03,44746.62890625,9326.3427734375,592.857421875,112.32610321044922,640.2130737304688,106.55793762207031,159.4978485107422,87.7269515991211
2018-05-04,44536.91015625,9326.3427734375,588.7402954101562,112.56200408935547,632.82275390625,104.69728088378906,160.08665466308594,87.31156158447266
2018-05-07,44378.51953125,9326.3427734375,588.7402954101562,114.65147399902344,616.2967529296875,102.54285430908203,160.914794921875,87.79081726074219
2018-05-08,44066.9609375,9326.3427734375,587.4229736328125,117.28691101074219,617.3009643554688,101.68455505371094,160.46961975097656,87.37547302246094
2018-05-09,43795.0,9326.3427734375,568.2620239257812,117.92048645019531,608.7308349609375,101.4195556640625,159.9717559814453,87.37547302246094
2018-05-10,43855.78125,9326.3427734375,556.9649658203125,112.90239715576172,611.0123291015625,100.56126403808594,161.02967834472656,87.8653564453125
2018-05-11,43594.7890625,9326.3427734375,555.0298461914062,111.21397399902344,604.7919311523438,101.26406860351562,159.15318298339844,87.47663879394531
2018-05-14,42498.859375,9326.3427734375,529.3558349609375,111.21397399902344,586.0235595703125,97.94021606445312,154.2895965576172,85.52762603759766
2018-05-15,42459.53125,8860.1015625,535.177490234375,111.21397399902344,576.1957397460938,97.93446350097656,153.24124145507812,86.58735656738281
2018-05-16,42301.19921875,8860.1015625,531.1015014648438,111.21397399902344,567.4208374023438,97.99779510498047,152.22161865234375,85.8045425415039
2018-05-17,41869.6484375,8860.1015625,537.1535034179688,111.21397399902344,555.4285278320312,97.16831970214844,149.04783630371094,86.04949951171875
2018-05-18,41623.51953125,8860.1015625,540.1590576171875,111.21397399902344,542.9000244140625,96.73628234863281,145.32830810546875,86.03351593017578
2018-05-21,41648.6484375,8860.1015625,543.45263671875,112.89901733398438,545.3861694335938,98.93677520751953,145.97457885742188,85.30929565429688
2018-05-22,42744.8203125,8860.1015625,550.8634033203125,107.25407409667969,555.3017578125,100.90689849853516,151.2450714111328,86.51812744140625
2018-05-23,42772.25,8860.1015625,551.6868286132812,108.68637084960938,548.574462890625,100.84352111816406,151.1349639892578,86.11872100830078
2018-05-24,42536.16015625,8860.1015625,559.9208984375,103.34135437011719,533.1404418945312,100.61884307861328,148.2196807861328,85.58087158203125
2018-05-25,42074.08984375,8860.1015625,549.216552734375,101.10359954833984,525.7012329101562,98.28009796142578,144.70126342773438,85.13890838623047
2018-05-28,,8860.1015625,564.0380249023438,101.10359954833984,526.237548828125,98.23400115966797,146.10382080078125,83.41886901855469
2018-05-29,42622.73828125,8860.1015625,553.4984130859375,101.10359954833984,539.029296875,100.2905044555664,150.99136352539062,85.33059692382812
2018-05-30,42546.48046875,8860.1015625,566.886962890625,98.16148376464844,529.8936767578125,97.61764526367188,151.18760681152344,84.97914123535156
2018-05-31,42846.640625,8860.1015625,577.4513549804688,99.41852569580078,532.6138916015625,98.61418151855469,152.99232482910156,86.50212860107422
2018-06-01,42912.80859375,8882.2314453125,562.6464233398438,99.86338806152344,531.9119262695312,99.60504150390625,152.1785125732422,86.24212646484375
2018-06-04,43268.2890625,8882.2314453125,575.8209838867188,99.86338806152344,536.7576904296875,100.6937484741211,155.38580322265625,87.39591217041016
2018-06-05,43702.578125,8882.2314453125,576.2410278320312,99.86338806152344,539.1072998046875,104.68002319335938,156.2857666015625,87.93219757080078
2018-06-06,44144.19921875,8882.2314453125,561.9135131835938,99.6881332397461,551.4799194335938,109.74835205078125,159.16275024414062,88.02969360351562
2018-06-07,43948.109375,8882.2314453125,564.0380249023438,99.19612121582031,564.66162109375,107.65785217285156,157.94863891601562,87.94844055175781
2018-06-08,,8882.2314453125,564.0380249023438,99.19612121582031,564.66162109375,107.65785217285156,157.94863891601562,87.94844055175781
2018-06-11,43931.16015625,8882.2314453125,556.627197265625,101.10359954833984,548.5061645507812,109.95216369628906,161.31460571289062,89.53560638427734
2018-06-12,43228.8984375,8882.2314453125,569.6536865234375,101.10359954833984,533.208740234375,106.14387512207031,159.2861328125,88.95599365234375
2018-06-13,43507.5,8882.2314453125,572.2720336914062,101.10359954833984,531.5803833007812,106.87175750732422,163.80697631835938,89.65477752685547
2018-06-14,43680.6796875,8882.2314453125,586.5829467773438,101.10359954833984,528.4605712890625,105.53824615478516,163.017333984375,90.47269439697266
2018-06-15,,8882.2314453125,586.5829467773438,101.10359954833984,528.4605712890625,105.53824615478516,163.017333984375,90.47269439697266
2018-06-18,,8882.2314453125,,,,,,
2018-06-19,43682.83984375,8882.2314453125,611.0466918945312,101.10359954833984,522.298583984375,104.70553588867188,162.928466796875,89.0697021484375
2018-06-20,43002.828125,8882.2314453125,592.3058471679688,105.45442962646484,505.5093994140625,101.00201416015625,161.20108032226562,87.19548797607422
2018-06-21,42358.609375,8882.2314453125,586.1383666992188,104.06930541992188,499.4450378417969,97.70612335205078,157.889404296875,86.48590087890625
2018-06-22,41637.37890625,8882.2314453125,568.1632080078125,104.47370147705078,487.7744445800781,95.41765594482422,153.5067596435547,84.79582214355469
2018-06-25,40978.23046875,8882.2314453125,564.1367797851562,106.12505340576172,464.53082275390625,96.07567596435547,151.4289093017578,83.64200592041016
2018-06-26,41246.08984375,8882.2314453125,560.7526245117188,105.8217544555664,465.8178405761719,96.16883087158203,154.11874389648438,83.96705627441406
2018-06-27,41717.98828125,8512.140625,560.8513793945312,107.50345611572266,477.0593566894531,95.7553939819336,157.07012939453125,84.44371032714844
2018-06-28,41997.8515625,8512.140625,564.0380249023438,107.50345611572266,498.95751953125,95.91845703125,156.9171600341797,84.45453643798828
2018-06-29,41910.8984375,8512.140625,564.0380249023438,107.50345611572266,495.2232971191406,96.92005157470703,157.09971618652344,84.2974624633789
2018-07-02,41734.05078125,8512.140625,568.0150756835938,107.50345611572266,481.7685241699219,98.17201232910156,157.33172607421875,83.93453979492188
2018-07-03,41564.421875,8512.140625,576.471435546875,104.47370147705078,482.0318298339844,97.30435943603516,155.57467651367188,84.03204345703125
2018-07-04,,8364.1005859375,559.097412109375,103.79969024658203,460.15313720703125,94.00848388671875,147.9840087890625,79.9531478881836
2018-07-05,40238.80859375,8087.27197265625,563.996826171875,98.60971069335938,473.68597412109375,93.63578796386719,146.39971923828125,80.19688415527344
2018-07-06,40284.140625,8087.27197265625,563.996826171875,93.6825942993164,472.1844482421875,93.61831665039062,150.38755798339844,80.22396850585938
2018-07-09,39288.48046875,8087.27197265625,547.5696411132812,97.84131622314453,455.999755859375,91.28325653076172,145.6446075439453,79.69855499267578
2018-07-10,39452.80859375,8098.2255859375,546.7462768554688,97.95928192138672,461.5668640136719,93.93856811523438,148.2455596923828,81.14485931396484
2018-07-11,39586.76171875,7697.9345703125,546.3345947265625,97.95928192138672,468.18701171875,92.348876953125,148.12217712402344,81.61067962646484
2018-07-12,39875.12109375,7697.9345703125,546.7462768554688,97.95928192138672,468.6842956542969,93.14081573486328,150.17039489746094,81.19361114501953
2018-07-13,40271.0,7697.9345703125,559.9126586914062,95.4451675415039,470.67327880859375,97.79351806640625,148.27024841308594,80.72775268554688
2018-07-16,39665.76953125,7697.9345703125,543.45263671875,95.4451675415039,451.13458251953125,95.52246856689453,141.4643096923828,79.3084945678711
2018-07-17,39932.98046875,8082.83154296875,547.5696411132812,100.21724700927734,465.5058288574219,95.2662582397461,140.49203491210938,79.29769134521484
2018-07-18,40897.8984375,7760.84912109375,559.8468017578125,103.79969024658203,485.0249938964844,98.99889373779297,145.33859252929688,80.47857666015625
2018-07-19,41795.58984375,8148.88916015625,559.8468017578125,104.47370147705078,504.7098693847656,101.83475494384766,151.48814392089844,81.79486846923828
2018-07-20,41221.75,8148.88916015625,535.819580078125,104.47370147705078,493.8875732421875,99.40648651123047,148.8970489501953,80.65190887451172
2018-07-23,40463.98046875,7866.919921875,528.1536254882812,104.47370147705078,479.204345703125,97.28104400634766,144.71180725097656,79.36267852783203
2018-07-24,41339.21875,7771.95263671875,539.7637939453125,101.10359954833984,496.1788330078125,98.96394348144531,150.4615936279297,80.97149658203125
2018-07-25,,7771.95263671875,539.7637939453125,101.10359954833984,496.1788330078125,98.96394348144531,150.4615936279297,80.97149658203125
2018-07-26,42089.16015625,7771.95263671875,556.865966796875,101.10359954833984,512.3342895507812,100.36146545410156,154.8096923828125,81.56736755371094
2018-07-27,42786.44921875,7766.90380859375,568.1550903320312,101.94612121582031,535.285400390625,104.61820983886719,159.08871459960938,82.56946563720703
2018-07-30,43556.62890625,8134.64306640625,568.278564453125,100.8777847290039,562.0486450195312,108.00140380859375,164.2215576171875,83.04617309570312
2018-07-31,42712.4296875,7919.25,568.1467895507812,98.74452209472656,537.1962890625,103.406982421875,160.95925903320312,81.94111633300781
2018-08-01,42810.0390625,7771.95263671875,568.1467895507812,99.41852569580078,539.8970336914062,102.53934478759766,163.92050170898438,82.7969970703125
2018-08-02,42330.3203125,7845.96240234375,565.2731323242188,97.89524841308594,523.7025756835938,97.41500091552734,162.59286499023438,82.31491088867188
2018-08-03,42505.05078125,7845.96240234375,565.2731323242188,100.7497329711914,519.1787109375,94.36368560791016,166.1068878173828,82.86198425292969
2018-08-06,42808.66015625,7549.8974609375,555.062744140625,101.1002426147461,532.8381958007812,94.63739013671875,166.61524963378906,82.6507339477539
2018-08-07,42760.12890625,7623.91357421875,554.4287719726562,100.09255981445312,543.748291015625,93.79884338378906,165.124755859375,82.53697967529297
2018-08-08,42731.859375,7623.91357421875,559.9044799804688,96.30790710449219,534.8173828125,93.82215118408203,164.56703186035156,82.8294906616211
2018-08-09,42923.94921875,7623.91357421875,559.9044799804688,98.67037200927734,548.6036376953125,94.1016616821289,165.60841369628906,82.28240203857422
2018-08-10,42842.1796875,7623.91357421875,554.5111694335938,99.0815200805664,556.3060302734375,93.72312927246094,166.18093872070312,82.63449096679688
2018-08-13,42637.578125,7623.91357421875,543.8726196289062,97.97949981689453,552.61083984375,92.16255187988281,173.79136657714844,82.8294906616211
2018-08-14,,7623.91357421875,543.8726196289062,97.97949981689453,552.61083984375,92.16255187988281,173.79136657714844,82.8294906616211
2018-08-15,42446.55859375,7623.91357421875,550.0399169921875,97.73347473144531,554.4339599609375,91.17841339111328,171.79251098632812,82.9107437133789
2018-08-16,41960.80078125,7623.91357421875,555.7955322265625,95.03736877441406,544.4696655273438,88.4881362915039,168.1304168701172,82.36908721923828
2018-08-17,42446.62109375,7623.91357421875,541.8057861328125,97.7301025390625,556.2963256835938,88.36005401611328,170.56358337402344,82.86740112304688
2018-08-20,42425.1015625,7623.91357421875,540.9823608398438,96.7224349975586,562.965087890625,89.71683502197266,169.1865997314453,83.05699920654297
2018-08-21,,7623.91357421875,540.9823608398438,96.7224349975586,562.965087890625,89.71683502197266,169.1865997314453,83.05699920654297
2018-08-22,,7623.91357421875,540.9823608398438,96.7224349975586,562.965087890625,89.71683502197266,169.1865997314453,83.05699920654297
2018-08-23,,7623.91357421875,540.9823608398438,96.7224349975586,562.965087890625,89.71683502197266,169.1865997314453,83.05699920654297
2018-08-24,42588.2890625,7623.91357421875,549.6117553710938,97.73347473144531,563.49169921875,89.07630920410156,169.8825225830078,83.40367889404297
2018-08-27,42745.78125,7623.91357421875,547.5696411132812,99.70162963867188,569.0587768554688,89.37907409667969,171.5556182861328,83.84786987304688
2018-08-28,42544.46875,7538.794921875,543.45263671875,96.74940490722656,565.0808715820312,89.44898986816406,170.91897583007812,83.94536590576172
2018-08-29,42249.44140625,7901.7060546875,543.45263671875,97.73347473144531,555.64306640625,89.52466583251953,170.8301239013672,83.58244323730469
2018-08-30,41863.51953125,7841.84228515625,545.5852661132812,99.41516876220703,537.693603515625,88.23194122314453,170.83502197265625,83.07867431640625
2018-08-31,41742.23828125,7841.84228515625,550.0914306640625,100.9350814819336,527.2515258789062,87.94657897949219,169.5715789794922,82.58574676513672
2018-09-03,,7841.84228515625,547.18212890625,98.4074935913086,523.9755859375,88.17372131347656,168.95957946777344,81.96821594238281
2018-09-04,41753.890625,7841.84228515625,543.419921875,94.798095703125,529.835205078125,88.51144409179688,168.49072265625,82.86740112304688
2018-09-05,41620.9609375,7841.84228515625,522.318603515625,96.7561264038086,525.6720581054688,88.67447662353516,168.61410522460938,82.78074645996094
2018-09-06,41266.390625,7449.82421875,509.84503173828125,96.04841613769531,511.3105163574219,89.72850036621094,166.16612243652344,82.47197723388672
2018-09-07,40854.76953125,7449.82421875,498.3830261230469,95.69456481933594,499.23046875,89.02510833740234,162.04502868652344,81.67028045654297
2018-09-10,40684.05078125,7449.82421875,485.014892578125,98.07048034667969,495.73028564453125,86.80374908447266,162.0203857421875,81.58901977539062
2018-09-11,40759.53125,7449.82421875,475.066162109375,99.0613021850586,495.28179931640625,86.22349548339844,163.79713439941406,82.20114135742188
2018-09-12,40522.0390625,7077.337890625,480.767822265625,99.0815200805664,474.6544494628906,85.86597442626953,161.11224365234375,82.36908721923828
2018-09-13,41049.91015625,7077.337890625,485.7254943847656,99.41852569580078,487.1736755371094,86.44036102294922,163.24928283691406,83.3170166015625
2018-09-14,40920.30859375,7077.337890625,484.89776611328125,98.07048034667969,493.5702209472656,84.80510711669922,162.7952423095703,83.4632797241211
2018-09-17,40520.46875,7077.337890625,484.89776611328125,99.41516876220703,481.3542175292969,83.95521545410156,161.54656982421875,82.32029724121094
2018-09-18,41238.0703125,7077.337890625,497.455078125,100.08919525146484,505.1993713378906,85.25643157958984,165.9785919189453,83.00284576416016
2018-09-19,41320.12890625,6723.9306640625,492.4221496582031,99.41852569580078,500.10369873046875,85.96562957763672,163.431884765625,82.75367736816406
2018-09-20,,6723.9306640625,492.4221496582031,99.41852569580078,500.10369873046875,85.96562957763672,163.431884765625,82.75367736816406
2018-09-21,,6723.9306640625,492.4221496582031,99.41852569580078,500.10369873046875,85.96562957763672,163.431884765625,82.75367736816406
2018-09-24,41004.55078125,7059.90283203125,495.7662658691406,100.42957305908203,483.5646057128906,87.0030517578125,160.71739196777344,82.72116088867188
2018-09-25,41036.30078125,7107.7900390625,493.2581787109375,99.42190551757812,491.3402404785156,87.00889587402344,160.99378967285156,83.04617309570312
2018-09-26,40909.91015625,7107.7900390625,488.2419738769531,100.42957305908203,485.40338134765625,86.07697296142578,159.4539337158203,82.45574951171875
2018-09-27,40851.80078125,7107.7900390625,495.4067687988281,97.73347473144531,496.8369140625,86.38174438476562,156.7592010498047,82.69407653808594
2018-09-28,40998.58984375,7107.7900390625,515.8727416992188,97.73347473144531,501.6881103515625,88.72034454345703,157.36131286621094,82.87283325195312
2018-10-01,40929.44140625,7107.7900390625,515.8727416992188,97.73347473144531,496.0740661621094,88.9782485961914,157.13427734375,82.3040542602539
2018-10-02,40800.25,7108.5419921875,509.9786682128906,96.7224349975586,493.795166015625,87.3605728149414,157.020751953125,82.76446533203125
2018-10-03,40560.19140625,7108.5419921875,497.4382629394531,96.04841613769531,489.84375,86.85062408447266,156.60621643066406,82.03321838378906
2018-10-04,40087.12109375,7108.5419921875,472.56634521484375,91.24598693847656,482.38116455078125,84.91058349609375,152.8009796142578,81.48609161376953
2018-10-05,39226.3515625,6753.11328125,451.8746643066406,90.99324798583984,469.8619384765625,83.25774383544922,147.401611328125,79.80145263671875
2018-10-08,37898.2890625,6753.11328125,430.5057067871094,87.23892211914062,446.3688659667969,79.0963134765625,141.8512420654297,77.90557861328125
2018-10-09,38504.83984375,6753.11328125,426.375732421875,87.62312316894531,450.349609375,79.67071533203125,141.47073364257812,81.80027770996094
2018-10-10,38792.08984375,6753.11328125,418.0153503417969,90.37357330322266,459.24993896484375,80.81365203857422,142.56390380859375,82.6507339477539
2018-10-11,38398.30078125,6753.11328125,418.0153503417969,88.97431945800781,438.4758605957031,78.46332550048828,141.6338348388672,82.00614166259766
2018-10-12,37517.9296875,6753.11328125,418.0153503417969,88.97431945800781,416.55743408203125,76.98632049560547,135.80564880371094,80.51107788085938
2018-10-15,36767.5703125,6753.11328125,406.31097412109375,85.59971618652344,400.5269775390625,76.30054473876953,130.2311248779297,80.2727279663086
2018-10-16,36663.37890625,6734.40771484375,418.567138671875,85.67381286621094,387.1861877441406,75.01697540283203,129.08963012695312,80.96697235107422
2018-10-17,37647.33984375,6734.40771484375,434.7276306152344,89.63691711425781,405.6129150390625,76.03092956542969,135.3164520263672,82.30585479736328
2018-10-18,37982.25,6734.40771484375,438.1470031738281,89.90852355957031,410.48370361328125,74.98765563964844,139.3025665283203,82.45460510253906
2018-10-19,38430.26953125,6734.40771484375,429.97064208984375,90.53816986083984,425.389404296875,74.49532318115234,144.18252563476562,81.66122436523438
2018-10-22,38345.421875,6734.40771484375,438.9161071777344,90.43528747558594,415.5304870605469,75.61479949951172,144.38182067871094,82.31134796142578
2018-10-23,37714.8984375,6734.40771484375,423.7589111328125,90.30360412597656,398.3850402832031,73.32308197021484,140.9573974609375,80.80717468261719
2018-10-24,39271.12109375,6734.40771484375,444.9439392089844,89.92498779296875,418.29840087890625,76.98632049560547,147.99952697753906,83.58964538574219
2018-10-25,39631.91015625,6734.40771484375,457.3088073730469,89.96199798583984,439.2094421386719,73.62786865234375,152.9580078125,82.90643310546875
2018-10-26,40556.44921875,7067.38427734375,452.2926025390625,93.79342651367188,461.1669616699219,77.23834228515625,160.04241943359375,86.91207122802734
2018-10-29,41453.76171875,7108.5419921875,468.1855773925781,90.978515625,484.21990966796875,81.09500122070312,168.038818359375,88.0085220336914
2018-10-30,41609.03125,7108.5419921875,472.3573913574219,89.97437286376953,495.6045837402344,84.93991088867188,168.3649444580078,87.61181640625
2018-10-31,41649.359375,7108.5419921875,467.62548828125,92.27898406982422,486.0489196777344,85.36776733398438,169.30108642578125,87.57323455810547
2018-11-01,41716.1015625,7108.5419921875,470.68536376953125,87.6656494140625,475.8574523925781,84.59996032714844,171.0767059326172,86.92860412597656
2018-11-02,42004.08984375,7108.5419921875,467.5669860839844,87.26644897460938,487.1540832519531,86.24108123779297,171.33642578125,86.21233367919922
2018-11-05,41493.9609375,7165.1083984375,457.3088073730469,87.58746337890625,472.9134826660156,85.23297119140625,168.12939453125,85.8211441040039
2018-11-06,40958.53125,7240.529296875,447.2764892578125,86.42691802978516,461.1767272949219,83.16398620605469,165.99742126464844,84.31143188476562
2018-11-07,41543.98046875,7240.529296875,447.2764892578125,88.06893920898438,483.5254821777344,84.01386260986328,167.33819580078125,85.09384155273438
2018-11-08,41367.37890625,7240.529296875,447.2764892578125,88.06893920898438,474.18499755859375,82.9588394165039,162.89308166503906,84.68059539794922
2018-11-09,41388.87890625,7240.529296875,455.63677978515625,88.48048400878906,477.3245544433594,81.5287094116211,165.99742126464844,84.03596496582031
2018-11-12,41096.328125,6878.5029296875,463.9970397949219,85.03181457519531,459.65093994140625,80.83124542236328,163.98019409179688,83.76045989990234
2018-11-13,41152.28125,6878.5029296875,455.63677978515625,86.53390502929688,458.52618408203125,81.01878356933594,164.73516845703125,83.76045989990234
2018-11-14,40994.05078125,6878.5029296875,460.1847839355469,85.7602310180664,471.8963317871094,81.62249755859375,163.92584228515625,81.21491241455078
2018-11-15,41428.62890625,6750.28564453125,474.865478515625,85.7602310180664,486.26409912109375,85.63151550292969,162.6937713623047,81.7108154296875
2018-11-16,41660.75,6787.806640625,482.4064636230469,87.04011535644531,495.55572509765625,84.92230987548828,167.97840881347656,83.06068420410156
2018-11-19,41352.76953125,6787.99755859375,485.6419982910156,83.77661895751953,489.8829040527344,83.42185974121094,169.86880493164062,82.65296936035156
2018-11-20,41419.23828125,6787.99755859375,485.73388671875,84.80957794189453,495.1644287109375,83.29292297363281,169.2889862060547,83.1323013305664
2018-11-21,,6787.99755859375,485.73388671875,84.80957794189453,495.1644287109375,83.29292297363281,169.2889862060547,83.1323013305664
2018-11-22,,6787.99755859375,493.2581787109375,84.55441284179688,497.4629211425781,79.98137664794922,167.74888610839844,80.30028533935547
2018-11-23,40869.28125,6787.99755859375,500.7740173339844,84.83837127685547,520.7603759765625,80.09272003173828,164.47544860839844,79.22586059570312
2018-11-26,40771.55078125,6784.2255859375,485.94293212890625,84.08527374267578,509.39532470703125,81.3411636352539,162.13211059570312,78.61425018310547
2018-11-27,40894.21875,6784.2255859375,486.5699157714844,81.39791870117188,507.8108215332031,83.60355377197266,164.40904235839844,79.16524505615234
2018-11-28,40704.80078125,6784.2255859375,481.8296203613281,82.13459014892578,503.7420959472656,82.64234924316406,166.78860473632812,78.48202514648438
2018-11-29,40638.828125,6784.2255859375,479.04559326171875,84.35688018798828,506.2362060546875,83.58598327636719,164.83177185058594,77.98612213134766
2018-11-30,40496.03125,6784.2255859375,479.04559326171875,83.6366958618164,483.08538818359375,81.97415161132812,162.2830810546875,81.29203033447266
2018-12-03,39160.6015625,6494.60400390625,464.0889892578125,79.45547485351562,458.9369812011719,78.77982330322266,154.17196655273438,79.59502410888672
2018-12-04,39602.87109375,6818.91943359375,471.93939208984375,81.3115005493164,452.3741149902344,80.94261169433594,149.87179565429688,81.47937774658203
2018-12-05,,6561.72998046875,461.5725402832031,80.5625228881836,448.941162109375,79.72348022460938,146.0245819091797,80.63638305664062
2018-12-06,38300.62109375,6599.4404296875,451.4649963378906,78.6447525024414,439.6690979003906,77.67207336425781,139.09115600585938,79.07711791992188
2018-12-07,38562.05078125,6599.4404296875,451.4649963378906,75.72283172607422,459.2890625,78.25672149658203,142.0445098876953,77.29743194580078
2018-12-10,39299.62109375,6599.4404296875,452.3260803222656,77.63648223876953,469.940185546875,80.90250396728516,144.4120330810547,80.72451782226562
2018-12-11,38851.9609375,6599.4404296875,445.5876770019531,76.92041778564453,471.62249755859375,79.13079833984375,141.49490356445312,79.75308990478516
2018-12-12,38307.44140625,6599.4404296875,430.55584716796875,77.4224853515625,465.98883056640625,76.87478637695312,138.8979034423828,78.62442779541016
2018-12-13,38011.62890625,6599.4404296875,442.24359130859375,77.03152465820312,467.91558837890625,76.54405975341797,138.7650146484375,78.12468719482422
2018-12-14,38585.66015625,6599.4404296875,442.24359130859375,78.39783477783203,473.60791015625,78.0795669555664,142.88400268554688,78.11345672607422
2018-12-17,38309.171875,6674.8623046875,451.4565734863281,80.2497329711914,473.71551513671875,75.48102569580078,141.74253845214844,77.68668365478516
2018-12-18,38115.80859375,6901.12939453125,457.7268371582031,80.20447540283203,467.2700500488281,73.84515380859375,141.47073364257812,77.41155242919922
2018-12-19,38063.1484375,6901.12939453125,472.56634521484375,82.36915588378906,470.4683532714844,74.10499572753906,141.3258056640625,75.62027740478516
2018-12-20,38236.51953125,6901.12939453125,463.0941467285156,82.30741882324219,476.3171691894531,73.69161224365234,140.53463745117188,74.95207977294922
2018-12-21,38251.0390625,6901.12939453125,460.6529235839844,80.41436004638672,476.19976806640625,73.57939147949219,144.79856872558594,75.02507781982422
2018-12-24,38308.921875,6901.12939453125,464.82476806640625,81.8958969116211,474.99676513671875,73.4612808227539,147.77003479003906,75.02507781982422
2018-12-25,,6901.12939453125,464.82476806640625,81.8958969116211,474.99676513671875,73.4612808227539,147.77003479003906,75.02507781982422
2018-12-26,38218.0703125,6901.12939453125,471.9978942871094,82.12223815917969,472.00390625,73.99871063232422,146.9365692138672,73.86271667480469
2018-12-27,37853.5703125,6787.99755859375,489.0780334472656,81.69013214111328,455.5137634277344,72.38053894042969,143.687255859375,74.70503234863281
2018-12-28,37167.01953125,6787.99755859375,508.7079162597656,81.90000915527344,445.56683349609375,71.01631164550781,137.79266357421875,71.71771240234375
2018-12-31,37066.671875,6787.99755859375,527.5771484375,80.45550537109375,425.1351013183594,71.1344223022461,136.14990234375,71.87493133544922
2019-01-01,,7089.6865234375,513.3897705078125,80.45550537109375,445.0777893066406,72.78803253173828,139.8762969970703,75.28337097167969
2019-01-02,37795.25,6735.2021484375,500.7823486328125,80.17977905273438,429.72222900390625,72.72306823730469,139.28443908691406,75.52483367919922
2019-01-03,37542.01171875,6411.640625,501.6185302734375,80.17977905273438,432.4999084472656,72.94157409667969,137.71414184570312,72.98674011230469
2019-01-04,37547.48828125,6184.6201171875,502.45440673828125,80.17977905273438,432.0206604003906,74.06368255615234,137.3396759033203,73.09904479980469
2019-01-07,38562.3984375,6184.6201171875,497.4382629394531,78.0932846069336,451.171142578125,76.53819274902344,142.41293334960938,75.86174774169922
2019-01-08,39052.5,6183.86572265625,497.4382629394531,78.19204711914062,460.071533203125,77.0224380493164,144.1583709716797,78.13029479980469
2019-01-09,38921.69140625,6260.0419921875,497.4382629394531,78.19204711914062,451.99273681640625,77.63664245605469,142.6363983154297,78.39982604980469
2019-01-10,39090.28125,6260.0419921875,497.4382629394531,76.32778930664062,452.2176513671875,77.96737670898438,142.23777770996094,80.27532196044922
2019-01-11,39049.078125,6260.0419921875,522.3101806640625,78.18794250488281,448.58905029296875,78.50477600097656,142.1834259033203,79.96086120605469
2019-01-14,39412.55078125,6260.0419921875,542.0322265625,77.98628234863281,457.4209899902344,79.2843246459961,143.965087890625,79.76993560791016
2019-01-15,39614.171875,6109.19677734375,536.28857421875,79.01925659179688,458.7902526855469,79.50875091552734,143.94699096679688,82.11150360107422
2019-01-16,39271.94140625,6109.19677734375,550.852294921875,79.63243103027344,451.0342102050781,79.91034698486328,142.68472290039062,81.37029266357422
2019-01-17,39243.890625,6109.19677734375,554.3135375976562,78.80935668945312,456.13970947265625,79.94577026367188,142.56390380859375,81.16252899169922
2019-01-18,39306.5,5958.35107421875,549.9912109375,79.83821105957031,453.27398681640625,79.16622161865234,142.02639770507812,81.50505065917969
2019-01-21,,6057.1552734375,550.2085571289062,79.95755004882812,445.98736572265625,81.45763397216797,142.78134155273438,83.03238677978516
2019-01-22,39902.2109375,6109.19677734375,540.7196044921875,81.07282257080078,449.1465148925781,83.56598663330078,143.66311645507812,83.45352935791016
2019-01-23,40057.8515625,6109.19677734375,546.8310546875,82.30741882324219,448.78466796875,85.40266418457031,144.8951873779297,83.93083953857422
2019-01-24,40289.16015625,6184.6201171875,552.3405151367188,84.36511993408203,458.0860290527344,87.41059875488281,143.11956787109375,84.0150375366211
2019-01-25,40264.78125,6184.6201171875,549.3475341796875,83.88361358642578,454.985595703125,88.16062927246094,140.99969482421875,83.25137329101562
2019-01-28,40420.08984375,6184.6201171875,551.888916015625,83.54203033447266,458.183837890625,88.52679443359375,144.3878631591797,82.87518310546875
2019-01-29,40624.390625,6184.6201171875,555.9603881835938,82.4144287109375,459.94439697265625,88.15472412109375,147.5707244873047,84.22844696044922
2019-01-30,40607.12109375,6486.306640625,555.6595458984375,83.47620391845703,457.55792236328125,88.04253387451172,147.46200561523438,84.34074401855469
2019-01-31,40799.51953125,6486.306640625,576.8695068359375,83.47620391845703,458.97607421875,87.9244155883789,148.6759490966797,84.47551727294922
2019-02-01,41112.7109375,6418.427734375,571.218017578125,86.50099182128906,470.36077880859375,89.07601165771484,149.14100646972656,84.26213073730469
2019-02-04,41614.390625,6712.5751953125,573.4000854492188,86.77259826660156,492.4943542480469,89.43035125732422,149.6060333251953,85.31216430664062
2019-02-05,,6712.5751953125,573.4000854492188,86.77259826660156,492.4943542480469,89.43035125732422,149.6060333251953,85.31216430664062
2019-02-06,41505.6796875,6787.99755859375,572.6810913085938,88.58749389648438,492.7584228515625,88.27873229980469,146.9607391357422,84.32950592041016
2019-02-07,41332.75,6637.15185546875,573.1492309570312,89.11425018310547,485.6380920410156,87.8358383178711,146.36279296875,84.05998229980469
2019-02-08,40887.3515625,6637.15185546875,573.4334716796875,88.06893920898438,480.4054870605469,86.0582046508789,144.5267791748047,82.76847839355469
2019-02-11,40326.53125,6637.15185546875,566.8121337890625,86.42280578613281,467.8177795410156,83.93805694580078,140.60105895996094,81.48258209228516
2019-02-12,40596.28125,6637.15185546875,572.3549194335938,87.80145263671875,485.6479187011719,82.6269760131836,141.22312927246094,83.44792175292969
2019-02-13,40544.109375,6637.15185546875,575.7743530273438,88.48048400878906,482.50830078125,82.88683319091797,141.43453979492188,83.84661865234375
2019-02-14,40506.98046875,6637.15185546875,578.901123046875,87.65740966796875,476.73773193359375,83.43605041503906,137.84095764160156,84.27894592285156
2019-02-15,40486.671875,6637.15185546875,574.637451171875,85.72319793701172,474.7620849609375,83.2293701171875,134.38031005859375,84.20597839355469
2019-02-18,,6712.5751953125,574.3363647460938,83.95358276367188,466.79083251953125,82.98722076416016,136.3975372314453,84.46988677978516
2019-02-19,39957.0703125,6712.5751953125,571.8450927734375,83.67784118652344,471.1725769042969,81.19776916503906,137.647705078125,84.23968505859375
2019-02-20,40279.37890625,6712.5751953125,556.7881469726562,81.54608154296875,478.1559143066406,82.30216217041016,138.2093963623047,85.85684204101562
2019-02-21,40070.7109375,6712.5751953125,567.4892578125,82.30741882324219,483.5059509277344,79.80403137207031,138.95225524902344,85.91863250732422
2019-02-22,40016.12890625,6712.5751953125,562.2808837890625,81.26212310791016,481.1292724609375,78.84732055664062,139.5380859375,86.58123779296875
2019-02-25,39606.7890625,6486.306640625,562.9664306640625,81.13455200195312,472.1604309082031,76.82755279541016,138.47512817382812,85.76700592041016
2019-02-26,38821.671875,6410.88525390625,545.8361206054688,78.87932586669922,456.9710693359375,76.22517395019531,135.84188842773438,83.53215026855469
2019-02-27,38692.69140625,6410.88525390625,534.8004760742188,78.39370727539062,455.0540466308594,76.84526062011719,134.55545043945312,82.76285552978516
2019-02-28,39054.6015625,6184.6201171875,545.367919921875,80.04398345947266,456.5015869140625,77.6189193725586,135.36474609375,83.75675201416016
2019-03-01,39539.01171875,6184.6201171875,540.9119262695312,82.0810775756836,459.3086242675781,80.04025268554688,138.5596923828125,86.0533676147461
2019-03-04,39749.73828125,6184.6201171875,535.0597534179688,83.12638092041016,461.78314208984375,81.51668548583984,141.90560913085938,85.93545532226562
2019-03-05,39688.51171875,6184.6201171875,535.0597534179688,81.62016296386719,459.3184509277344,81.43401336669922,140.0152130126953,85.16056060791016
2019-03-06,39568.1015625,6184.6201171875,533.3374633789062,82.10164642333984,462.9763488769531,80.66036224365234,137.99803161621094,84.02629089355469
2019-03-07,39294.1015625,6184.6201171875,506.684814453125,78.59123992919922,457.0003967285156,80.6485595703125,135.87208557128906,82.17325592041016
2019-03-08,38950.23046875,6184.6201171875,522.6028442382812,77.50476837158203,449.86053466796875,80.30601501464844,133.6313934326172,81.46574401855469
2019-03-11,38924.109375,6184.6201171875,522.4356079101562,78.19204711914062,450.6331787109375,80.29419708251953,132.93081665039062,80.78630828857422
2019-03-12,38896.48828125,6184.6201171875,535.0178833007812,77.780517578125,453.58697509765625,79.10124206542969,132.93081665039062,81.71841430664062
2019-03-13,38928.9296875,6184.6201171875,537.5426635742188,78.46778869628906,451.1907043457031,79.7449722290039,132.8220977783203,81.43206024169922
2019-03-14,38808.609375,6184.6201171875,539.5909423828125,78.46778869628906,444.1681823730469,79.7331771850586,132.23626708984375,80.26409149169922
2019-03-15,38306.94921875,6184.6201171875,536.8153076171875,76.13848114013672,425.5458679199219,78.48114776611328,129.4278564453125,79.85417175292969
2019-03-18,38851.94921875,6184.6201171875,540.86181640625,76.95744323730469,435.6786193847656,81.81379699707031,130.8169708251953,80.45500946044922
2019-03-19,38612.37109375,6184.6201171875,533.8056640625,77.06033325195312,426.4359130859375,80.8420181274414,129.26480102539062,79.97773742675781
2019-03-20,38547.76171875,6184.6201171875,537.1748657226562,76.95744323730469,425.3796081542969,80.8420181274414,127.64016723632812,80.23039245605469
2019-03-21,38384.7109375,6183.86572265625,539.2398681640625,76.54590606689453,423.9222412109375,81.03875732421875,126.85502624511719,79.57341766357422
2019-03-22,38531.87109375,5874.6708984375,539.2398681640625,74.2659912109375,420.3915100097656,81.42628479003906,128.401123046875,81.94863891601562
2019-03-25,38128.66015625,5580.93994140625,539.323486328125,73.25360107421875,408.7035827636719,81.40838623046875,128.00250244140625,80.52236938476562
2019-03-26,38329.12890625,5521.74853515625,535.0597534179688,73.25360107421875,410.454345703125,81.24146270751953,126.91539764404297,82.71792602539062
2019-03-27,38965.01171875,5279.16015625,535.0597534179688,76.81341552734375,426.4359130859375,81.07454681396484,130.40023803710938,84.07120513916016
2019-03-28,38552.94921875,5303.6943359375,533.26220703125,78.48836517333984,413.4276428222656,80.245849609375,129.0292510986328,82.12272644042969
2019-03-29,38649.33984375,5424.2119140625,532.9947509765625,77.79698181152344,418.84613037109375,78.98789978027344,130.56329345703125,82.85271453857422
2019-04-01,38354.8515625,5279.55224609375,522.5192260742188,77.79698181152344,408.7524719238281,78.69579315185547,128.61854553222656,82.67863464355469
2019-04-02,38036.03125,5132.8564453125,522.4188842773438,77.98628234863281,409.5740966796875,76.65088653564453,125.57462310791016,82.24064636230469
2019-04-03,38022.80078125,5339.3251953125,519.0914916992188,78.08917236328125,416.2835693359375,75.44659423828125,125.21223449707031,83.74552154541016
2019-04-04,37516.109375,5328.0859375,507.9388122558594,74.28657531738281,408.5764465332031,74.60597229003906,123.18295288085938,82.99308776855469
2019-04-05,37521.80859375,5501.595703125,501.82745361328125,74.08079528808594,408.9774475097656,74.31385040283203,122.92328643798828,82.97622680664062
2019-04-08,36921.91015625,5644.59521484375,480.7176818847656,74.0766830444336,389.11297607421875,74.6954116821289,119.43238067626953,82.10025024414062
2019-04-09,37129.96875,5648.11767578125,480.7176818847656,75.61995697021484,380.241943359375,74.0873031616211,123.0682144165039,82.49893951416016
2019-04-10,36579.3203125,5858.794921875,476.5375061035156,74.11783599853516,361.5218200683594,73.1751708984375,118.91297912597656,81.49581146240234
2019-04-11,36787.640625,5874.6708984375,472.36572265625,74.0766830444336,369.2876281738281,73.69977569580078,122.79642486572266,82.69957733154297
2019-04-12,37337.87109375,5867.8447265625,479.1574401855469,75.31129455566406,387.36224365234375,75.04119110107422,128.60647583007812,82.79129028320312
2019-04-15,37504.078125,6079.02783203125,466.8846740722656,75.22898864746094,388.1935729980469,76.31702423095703,129.5124053955078,83.11804962158203
2019-04-16,37381.94921875,5957.59814453125,476.61273193359375,74.0396499633789,388.79998779296875,76.03680419921875,127.67034912109375,82.82569885253906
2019-04-17,36752.5703125,5733.97216796875,475.3275451660156,74.2413101196289,385.3669738769531,72.30471801757812,125.49005126953125,81.73081970214844
2019-04-18,36811.859375,5733.9716796875,474.4934997558594,73.85032653808594,378.7650451660156,73.81304931640625,123.92583465576172,82.12635803222656
2019-04-19,,6008.13916015625,482.757568359375,74.28245544433594,379.7040100097656,75.77449798583984,125.21826934814453,82.88302612304688
2019-04-22,36901.69140625,5923.72265625,482.757568359375,74.62403106689453,373.44439697265625,73.62228393554688,122.524658203125,82.34989929199219
2019-04-23,36404.03125,5924.482421875,463.5314025878906,74.62403106689453,365.3948974609375,72.36434936523438,119.93367767333984,81.40408325195312
2019-04-24,36504.25,6083.43212890625,440.3645935058594,72.06427764892578,365.8545837402344,72.86515045166016,120.79731750488281,82.06901550292969
2019-04-25,36796.03125,5856.0361328125,435.7601623535156,72.06427764892578,369.0333251953125,75.66718292236328,121.25634765625,82.43014526367188
2019-04-26,37130.62890625,5833.47021484375,432.0919494628906,72.06427764892578,387.1470642089844,75.8042984008789,120.83960723876953,83.07793426513672
2019-04-29,37026.26953125,5802.79833984375,427.53857421875,71.73092651367188,382.6479797363281,76.43029022216797,120.45911407470703,81.65628051757812
2019-04-30,36784.44140625,5894.0625,418.9936218261719,71.73092651367188,379.8800354003906,75.9056625366211,117.30645751953125,80.6989974975586
2019-05-01,,5894.0625,418.9936218261719,71.73092651367188,379.8800354003906,75.9056625366211,117.30645751953125,80.6989974975586
2019-05-02,36547.62890625,5599.35888671875,425.5470275878906,74.03553771972656,378.6183166503906,75.19619750976562,114.77588653564453,80.66459655761719
2019-05-03,36122.94921875,5599.35888671875,425.5470275878906,74.03553771972656,378.6183166503906,75.19619750976562,114.77588653564453,80.66459655761719
2019-05-06,35605.421875,5599.35888671875,428.90887451171875,73.66514587402344,360.5046081542969,72.88302612304688,110.5361099243164,78.48637390136719
2019-05-07,35631.05859375,5677.31298828125,428.90887451171875,73.66514587402344,353.0713195800781,76.1977767944336,108.40413665771484,78.55513000488281
2019-05-08,35035.03125,5677.31298828125,408.7464599609375,69.98189544677734,351.0369567871094,75.94141387939453,105.13672637939453,77.48322296142578
2019-05-09,34887.640625,5485.2802734375,411.9295654296875,69.54976654052734,357.17919921875,74.36154174804688,106.80364227294922,78.51502227783203
2019-05-10,34716.53125,5757.16650390625,411.9295654296875,67.08055114746094,356.9835510253906,73.81304931640625,105.49909973144531,78.03923797607422
2019-05-13,33900.37890625,5757.16650390625,391.4181823730469,68.72669982910156,349.4818420410156,73.6163330078125,101.16268920898438,75.91255950927734
2019-05-14,33885.08984375,5757.16650390625,384.6945495605469,68.72669982910156,348.6211242675781,73.88459014892578,96.28274536132812,76.56029510498047
2019-05-15,34291.6484375,5469.30908203125,396.8566589355469,68.72669982910156,352.1715087890625,72.88898468017578,100.2990493774414,78.37744903564453
2019-05-16,33971.12109375,5513.0390625,402.6015625,67.90363311767578,343.24176025390625,71.4283218383789,96.60282897949219,77.58064270019531
2019-05-17,33166.62109375,5467.40869140625,386.5244140625,69.54976654052734,336.71807861328125,70.8977279663086,91.7772216796875,75.83232116699219
2019-05-20,33250.5390625,5474.251953125,382.99237060546875,66.0722885131836,338.40032958984375,72.47762298583984,95.39492797851562,74.90367126464844
2019-05-21,33442.1015625,5353.21435546875,382.99237060546875,63.12568664550781,348.6504821777344,71.2852554321289,100.1601333618164,78.18254852294922
2019-05-22,34637.140625,5353.21435546875,382.7454833984375,66.25748443603516,366.07958984375,73.78324890136719,105.16693878173828,82.07476806640625
2019-05-23,35581.33984375,5205.794921875,397.1545715332031,66.25748443603516,384.379150390625,75.79236602783203,110.42137145996094,81.8167953491211
2019-05-24,35703.80859375,5391.35546875,395.33319091796875,66.25748443603516,395.9300842285156,75.27967834472656,113.77935791015625,79.43218231201172
2019-05-27,,5391.35546875,402.295166015625,63.314998626708984,396.1061096191406,75.55986785888672,117.96477508544922,79.11690521240234
2019-05-28,34949.28125,5582.24609375,400.4142761230469,63.78824996948242,392.7220458984375,73.30631256103516,112.16075134277344,76.35393524169922
2019-05-29,35959.4296875,5582.24609375,400.4142761230469,63.78824996948242,392.7220458984375,73.30631256103516,112.16075134277344,76.35393524169922
2019-05-30,35974.7890625,5436.60693359375,402.55902099609375,63.3767204284668,414.5133056640625,73.63420104980469,121.43148040771484,78.38316345214844
2019-05-31,,5436.60693359375,402.55902099609375,63.3767204284668,414.5133056640625,73.63420104980469,121.43148040771484,78.38316345214844
2019-06-03,35505.2890625,5436.60693359375,414.60198974609375,63.3767204284668,403.5296325683594,75.96527099609375,116.52132415771484,76.58724212646484
2019-06-04,,5436.60693359375,414.60198974609375,63.3767204284668,403.5296325683594,75.96527099609375,116.52132415771484,78.23048400878906
2019-06-05,,5436.60693359375,414.60198974609375,63.3767204284668,403.5296325683594,75.96527099609375,116.52132415771484,78.23048400878906
2019-06-06,,5436.60693359375,414.60198974609375,63.3767204284668,403.5296325683594,75.96527099609375,116.52132415771484,78.23048400878906
2019-06-07,,5436.60693359375,414.60198974609375,63.3767204284668,403.5296325683594,75.96527099609375,116.52132415771484,78.23048400878906
2019-06-10,34567.55078125,5283.37646484375,409.43304443359375,63.3767204284668,384.36932373046875,73.64613342285156,110.69927978515625,75.70286560058594
2019-06-11,34659.8515625,5283.37646484375,409.43304443359375,62.882869720458984,377.6109313964844,73.1393814086914,111.3131103515625,77.57318878173828
2019-06-12,34937.9296875,5283.37646484375,398.03118896484375,62.882869720458984,381.8459777832031,74.58809661865234,110.70549011230469,78.43962860107422
2019-06-13,35403.0703125,5283.37646484375,400.29510498046875,63.78824996948242,393.2110595703125,74.9433822631836,112.97476196289062,78.46353149414062
2019-06-14,35572.94921875,5389.833984375,400.29510498046875,63.78824996948242,407.9700622558594,74.60616302490234,111.18911743164062,79.45545196533203
2019-06-17,35168.8203125,5316.05615234375,393.4863586425781,63.04336929321289,399.7249755859375,74.27495574951172,110.9286880493164,78.22451782226562
2019-06-18,34681.71875,5135.27978515625,393.4863586425781,60.90749740600586,391.9102478027344,74.02203369140625,107.1961441040039,78.4575424194336
2019-06-19,34656.12109375,5208.8291015625,396.1162414550781,60.69350051879883,392.61444091796875,73.486083984375,108.62840270996094,79.79606628417969
2019-06-20,34995.91015625,5095.51123046875,396.1162414550781,62.142112731933594,397.3580627441406,74.04009246826172,110.58147430419922,80.32786560058594
2019-06-21,35125.25,5208.06884765625,396.1162414550781,62.142112731933594,396.8494873046875,73.65470123291016,110.91009521484375,81.8038101196289
2019-06-24,34471.94921875,5260.92578125,376.3112487792969,63.76768112182617,377.01434326171875,72.43224334716797,107.11554718017578,80.31591033935547
2019-06-25,34190.62109375,5084.34619140625,373.1026611328125,66.51673889160156,370.2950439453125,72.14920043945312,106.84274291992188,79.84984588623047
2019-06-26,34088.55859375,5170.80322265625,373.21331787109375,69.55799102783203,372.3392028808594,70.22819519042969,104.25102233886719,80.02910614013672
2019-06-27,33774.421875,5070.31591796875,386.8903503417969,72.92849731445312,364.9841613769531,68.87325286865234,103.2837905883789,79.15670013427734
2019-06-28,33901.578125,5070.31591796875,403.9633483886719,75.78868103027344,372.1239929199219,68.2048110961914,105.17487335205078,78.57110595703125
2019-07-01,33996.328125,5322.90869140625,389.2819519042969,73.66925811767578,369.1311340332031,69.3550033569336,105.20586395263672,78.42768096923828
2019-07-02,34307.109375,5133.53759765625,391.5032958984375,73.66925811767578,375.2440185546875,70.6617431640625,106.5699234008789,78.58302307128906
2019-07-03,34896.55078125,5132.7763671875,399.1631774902344,73.66925811767578,387.5382995605469,72.40813446044922,109.0500259399414,80.35774993896484
2019-07-04,,5132.7763671875,380.2943420410156,73.66925811767578,376.0362548828125,72.7574234008789,105.68328094482422,78.93557739257812
2019-07-05,34190.01953125,5171.564453125,380.2943420410156,75.887451171875,370.2167663574219,71.51085662841797,104.1518325805664,78.39183044433594
2019-07-08,33742.6796875,5171.564453125,361.2809143066406,72.10131072998047,367.6053466796875,69.48146057128906,100.00386047363281,77.28638458251953
2019-07-09,33855.578125,5170.80322265625,369.37481689453125,74.74748229980469,370.53955078125,69.54167938232422,100.94010162353516,78.23048400878906
2019-07-10,33840.05078125,5171.564453125,368.8982238769531,74.74748229980469,372.8673400878906,69.98731231689453,100.81608581542969,78.01537322998047
2019-07-11,33875.3984375,5171.564453125,361.71502685546875,71.98196411132812,372.4761047363281,71.2398910522461,101.5787124633789,78.15281677246094
2019-07-12,33672.48828125,5171.564453125,361.71502685546875,71.98196411132812,370.1776428222656,71.59517669677734,98.09416961669922,78.23048400878906
2019-07-15,32958.3515625,5171.564453125,357.37445068359375,71.98196411132812,362.0793151855469,71.64936828613281,93.18977355957031,76.9338150024414
2019-07-16,32972.01953125,5171.564453125,339.8163146972656,71.98196411132812,370.3928527832031,72.51654052734375,94.94445037841797,76.72468566894531
2019-07-17,32981.98828125,5399.72119140625,340.4376525878906,71.98196411132812,371.32196044921875,73.23316192626953,94.51663208007812,76.10921478271484
2019-07-18,32309.5390625,5171.564453125,323.4157409667969,69.9942398071289,368.21173095703125,71.26397705078125,91.41029357910156,74.48387908935547
2019-07-19,32458.76953125,4912.986328125,309.1940002441406,69.9942398071289,376.7893371582031,71.4024658203125,95.1800537109375,75.88811492919922
2019-07-22,32584.55078125,4912.986328125,313.330322265625,66.49616241455078,377.669677734375,72.907958984375,96.68050384521484,77.02941131591797
2019-07-23,32715.880859375,4667.86083984375,314.90478515625,63.17506790161133,380.4864501953125,73.41983032226562,97.0401382446289,77.10710906982422
2019-07-24,32401.400390625,4449.06591796875,318.29217529296875,60.4959602355957,377.1121520996094,72.16123962402344,95.5644760131836,76.39602661132812
2019-07-25,32446.400390625,4665.80908203125,318.7262268066406,57.615196228027344,374.4909362792969,72.84172058105469,93.31999206542969,77.34014129638672
2019-07-26,32103.26953125,4432.5244140625,311.75579833984375,56.59458923339844,372.280517578125,72.4141616821289,91.5280990600586,76.56930541992188
2019-07-29,31734.23046875,4432.5244140625,303.55975341796875,56.21596908569336,367.1945495605469,72.48040008544922,89.81684112548828,76.08529663085938
2019-07-30,31658.119140625,4224.7119140625,316.37725830078125,57.615196228027344,366.8033447265625,71.66743469238281,90.77787017822266,75.3323974609375
2019-07-31,31938.48046875,4334.9873046875,314.2835388183594,57.3970832824707,369.6495056152344,72.43224334716797,93.11536407470703,75.68497467041016
2019-08-01,31839.109375,4182.88134765625,306.8194274902344,58.47119903564453,368.0259094238281,72.26361083984375,92.32173919677734,75.74470520019531
2019-08-02,31666.41015625,4334.9873046875,307.2449645996094,60.37249755859375,371.2828674316406,71.04115295410156,90.33765411376953,75.26666259765625
2019-08-05,31180.80078125,4486.33154296875,310.6493835449219,60.37249755859375,367.7618408203125,69.55974578857422,88.818603515625,74.45999908447266
2019-08-06,31000.669921875,4486.33154296875,310.6493835449219,60.4959602355957,366.36322021484375,69.78858184814453,87.54135131835938,74.20901489257812
2019-08-07,30277.44921875,4486.33154296875,310.6493835449219,60.4959602355957,355.9957275390625,68.86724853515625,87.54135131835938,71.19141387939453
2019-08-08,29737.98046875,4573.03125,301.6958312988281,61.73057556152344,344.9729309082031,66.77159118652344,84.23040771484375,68.91477966308594
2019-08-09,29429.0703125,4791.30078125,308.9471740722656,61.31903839111328,338.93829345703125,63.93524932861328,82.46955108642578,66.90703582763672
2019-08-12,,4791.30078125,308.9471740722656,61.31903839111328,338.93829345703125,63.93524932861328,82.46955108642578,66.90703582763672
2019-08-13,,4791.30078125,308.9471740722656,61.31903839111328,338.93829345703125,63.93524932861328,82.46955108642578,66.90703582763672
2019-08-14,,4791.30078125,308.9471740722656,61.31903839111328,338.93829345703125,63.93524932861328,82.46955108642578,66.90703582763672
2019-08-15,,4791.30078125,308.9471740722656,61.31903839111328,338.93829345703125,63.93524932861328,82.46955108642578,66.90703582763672
2019-08-16,28764.630859375,4787.49853515625,308.9471740722656,61.31903839111328,322.0666809082031,63.923194885253906,79.27021026611328,64.27185821533203
2019-08-19,29562.419921875,4548.1240234375,298.3084716796875,63.3767204284668,331.2702941894531,67.1148452758789,82.94695281982422,67.39103698730469
2019-08-20,30419.220703125,4662.013671875,305.54278564453125,63.3767204284668,337.8819885253906,70.46907043457031,84.0134048461914,69.27928924560547
2019-08-21,30972.75,4662.013671875,306.6917724609375,62.965187072753906,352.3964538574219,71.83605194091797,86.04088592529297,70.70741271972656
2019-08-22,31884.44921875,4705.826171875,306.5130615234375,62.965187072753906,366.9403076171875,72.89591979980469,90.0648422241211,74.17315673828125
2019-08-23,31350.009765625,4705.826171875,306.3938903808594,61.01860427856445,359.4189758300781,71.09535217285156,87.4359359741211,73.06771850585938
2019-08-26,30520.599609375,4689.90087890625,308.0960693359375,59.8786506652832,342.50823974609375,69.81266784667969,83.08956146240234,69.44660186767578
2019-08-27,30584.849609375,4701.5595703125,300.8532409667969,59.8786506652832,353.5603332519531,68.36739349365234,82.94695281982422,68.10211944580078
2019-08-28,30637.7109375,4466.55810546875,287.822998046875,61.232608795166016,352.6409912109375,68.19879150390625,83.08336639404297,67.97664642333984
2019-08-29,30158.9609375,4411.0400390625,287.822998046875,63.29439926147461,343.515625,66.68727111816406,80.64046478271484,64.95903015136719
2019-08-30,29672.119140625,4631.59130859375,286.8187561035156,63.775917053222656,342.35174560546875,65.98269653320312,77.21792602539062,62.479217529296875
2019-09-02,,4631.59130859375,286.8187561035156,65.02285766601562,343.9655456542969,66.83782958984375,79.88402557373047,63.315792083740234
2019-09-03,29809.6796875,4635.39306640625,277.4566650390625,64.611328125,333.20684814453125,66.67523193359375,79.2578125,62.957252502441406
2019-09-04,30244.73046875,4635.39306640625,276.5970458984375,64.0804443359375,349.1297302246094,66.40425109863281,83.08336639404297,65.36537170410156
2019-09-05,30214.76953125,4403.62451171875,269.79681396484375,63.50840377807617,345.0218811035156,67.85999298095703,82.28353881835938,65.92107391357422
2019-09-06,30467.19921875,4486.33154296875,269.79681396484375,63.817054748535156,342.3028564453125,70.83238983154297,82.86015319824219,67.85711669921875
2019-09-09,,4486.33154296875,269.79681396484375,63.817054748535156,342.3028564453125,70.83238983154297,82.86015319824219,67.85711669921875
2019-09-10,,4486.33154296875,269.79681396484375,63.817054748535156,342.3028564453125,70.83238983154297,82.86015319824219,67.85711669921875
2019-09-11,30954.830078125,4340.08740234375,272.35015869140625,63.3767204284668,333.5067138671875,74.13981628417969,84.62102508544922,71.11373138427734
2019-09-12,31546.609375,4440.76513671875,272.35015869140625,62.76352310180664,350.1761779785156,75.09002685546875,87.03292083740234,71.37067413330078
2019-09-13,31481.310546875,4440.76513671875,272.35015869140625,63.635982513427734,366.57073974609375,72.45870971679688,86.5245132446289,71.65154266357422
2019-09-16,31928.55078125,4548.888671875,272.35015869140625,63.95698547363281,358.717041015625,74.08502960205078,89.085205078125,75.16509246826172
2019-09-17,31908.919921875,4357.94384765625,276.6055603027344,66.57435607910156,346.43585205078125,75.40677642822266,87.30574035644531,75.38021850585938
2019-09-18,31555.470703125,4357.94384765625,276.6055603027344,69.89957427978516,333.8503112792969,74.85857391357422,88.56439208984375,74.44802856445312
2019-09-19,32184.029296875,4357.94384765625,285.1165466308594,72.14657592773438,346.2984313964844,76.07067108154297,92.99136352539062,75.23082733154297
2019-09-20,32111.099609375,4357.94384765625,285.1165466308594,70.31524658203125,340.2314453125,75.3641357421875,95.1738510131836,74.31657409667969
2019-09-23,31751.2109375,4357.94384765625,285.1165466308594,71.7021255493164,333.82086181640625,73.65254974365234,94.65923309326172,72.00406646728516
2019-09-24,31829.240234375,4440.76513671875,286.8102111816406,72.9326171875,337.34521484375,73.13481140136719,96.68050384521484,72.31478881835938
2019-09-25,31565.2109375,4312.17578125,290.827392578125,74.7392578125,335.440673828125,71.7886962890625,96.51931762695312,71.17350006103516
2019-09-26,31433.890625,4312.17578125,297.89996337890625,76.52120971679688,333.2514953613281,70.02837371826172,95.1552505493164,71.1974105834961
2019-09-27,32070.810546875,4312.17578125,296.7084045410156,77.89163970947266,341.3800048828125,72.84243774414062,97.02772521972656,73.3724365234375
2019-09-30,32078.849609375,4312.17578125,299.4830322265625,77.31137084960938,335.8726501464844,71.97750091552734,97.64775085449219,73.515869140625
2019-10-01,32254.3203125,4312.17578125,292.0784606933594,75.99446105957031,342.99005126953125,72.4404296875,98.65840911865234,73.36648559570312
2019-10-02,32363.349609375,4312.17578125,293.6274719238281,74.44294738769531,346.2100524902344,75.57122039794922,100.50606536865234,72.52395629882812
2019-10-03,32752.25,4263.13525390625,289.5932922363281,75.82572174072266,355.7915344238281,76.75287628173828,102.67616271972656,72.9242935180664
2019-10-04,33033.3203125,4263.13525390625,289.6698913574219,75.98210906982422,356.8812561035156,76.75896453857422,104.6726303100586,74.45999908447266
2019-10-07,33636.8203125,4309.47314453125,296.5722961425781,79.57482147216797,369.5845642089844,77.05133819580078,109.89324188232422,75.12326049804688
2019-10-08,33476.62109375,4255.41064453125,291.1337585449219,77.06351470947266,364.97052001953125,77.82489013671875,106.33431243896484,74.89022064208984
2019-10-09,33523.73828125,4263.13525390625,295.9849853515625,76.88198852539062,356.8812561035156,78.51927185058594,107.64875030517578,74.36437225341797
2019-10-10,34027.69921875,4263.13525390625,303.5001525878906,79.14617156982422,371.106201171875,79.71311950683594,107.34495544433594,75.52959442138672
2019-10-11,34475.69140625,4143.42822265625,308.6578369140625,78.762939453125,381.30621337890625,82.5698013305664,108.66559600830078,77.06527709960938
2019-10-14,34186.26171875,4143.42822265625,305.1172790527344,77.17950439453125,367.5426330566406,80.98004150390625,108.44239044189453,77.75843811035156
2019-10-15,34083.53125,4143.42822265625,305.5597839355469,75.25821685791016,364.9999694824219,81.33940887451172,108.42378234863281,76.85016632080078
2019-10-16,34281.08984375,4297.88916015625,304.3512878417969,75.73223114013672,362.7518615722656,81.86323547363281,111.67259979248047,78.02627563476562
2019-10-17,33898.55859375,4266.99658203125,289.1336975097656,75.13719177246094,356.2922058105469,79.84100341796875,108.86164093017578,77.2828369140625
2019-10-18,33870.1484375,4451.76318359375,277.184326171875,74.360595703125,358.530517578125,78.3852767944336,107.3451156616211,76.58204650878906
2019-10-21,33084.73046875,4633.84326171875,268.1712646484375,72.64102935791016,342.2439270019531,76.51531982421875,102.10614013671875,74.8147964477539
2019-10-22,33198.9609375,4865.5341796875,267.89892578125,74.61778259277344,343.0096435546875,77.36197662353516,102.94100189208984,75.33279418945312
2019-10-23,33439.69140625,5104.94921875,262.9625244140625,75.00103759765625,339.809326171875,77.30714416503906,103.6533203125,76.61861419677734
2019-10-24,33762.48046875,5352.08642578125,268.17974853515625,75.38934326171875,338.7392272949219,77.95279693603516,106.43364715576172,78.3614501953125
2019-10-25,33657.4609375,5245.5087890625,268.3584899902344,75.17249298095703,338.513427734375,77.08179473876953,105.52984619140625,78.61740112304688
2019-10-28,33861.58984375,5245.5087890625,268.8691711425781,76.73070526123047,348.3599853515625,78.09288787841797,108.14167022705078,78.4284896850586
2019-10-29,33797.51171875,5245.5087890625,270.1117248535156,76.06001281738281,344.0110168457031,78.00151062011719,107.00810241699219,77.88003540039062
2019-10-30,33761.41015625,5131.98046875,270.19683837890625,77.154296875,338.9454040527344,77.41680145263672,112.35429382324219,77.93487548828125
2019-10-31,34203.6796875,4942.76513671875,267.9925537109375,76.57437896728516,345.1890563964844,77.93451690673828,117.96855163574219,78.47113800048828
2019-11-01,34377.609375,4980.60693359375,264.3072814941406,76.39788818359375,356.05657958984375,78.55581665039062,118.2825698852539,77.77642822265625
2019-11-04,35277.4609375,4980.60693359375,272.34161376953125,77.41146850585938,372.88311767578125,82.10077667236328,121.2314224243164,79.02568817138672
2019-11-05,35358.30859375,4992.96533203125,271.6607360839844,76.86180877685547,367.68988037109375,81.65003967285156,119.66890716552734,79.36085510253906
2019-11-06,35653.328125,5235.47021484375,277.88226318359375,77.9712142944336,374.4538269042969,81.93022918701172,120.21272277832031,78.77584838867188
2019-11-07,35758.51953125,5058.611328125,278.8013916015625,79.53448486328125,371.194580078125,82.34832000732422,123.98877716064453,78.39192199707031
2019-11-08,35978.16015625,5058.611328125,281.3376770019531,79.30250549316406,376.8590393066406,83.25823211669922,124.86958312988281,79.56195068359375
2019-11-11,36803.1015625,5058.611328125,291.1848449707031,83.2661361694336,388.9242858886719,85.0965347290039,131.1118927001953,81.78012084960938
2019-11-12,36765.55859375,5073.94921875,303.6958923339844,87.42642211914062,382.3762512207031,84.8813247680664,131.4795684814453,81.68871307373047
2019-11-13,37166.9609375,5073.94921875,318.87945556640625,88.64170837402344,385.93988037109375,87.29756927490234,131.56381225585938,82.42610168457031
2019-11-14,37243.19921875,5074.1044921875,334.82037353515625,89.72085571289062,382.8572998046875,86.08023071289062,130.2081298828125,81.95075988769531
2019-11-15,37583.890625,5094.43994140625,346.6335754394531,92.86754608154297,381.7087097167969,87.16230773925781,133.7390594482422,81.6217041015625
2019-11-18,38411.55859375,4862.0380859375,350.863525390625,97.50688171386719,399.222412109375,86.95326232910156,140.42562866210938,82.0116958618164
2019-11-19,38564.37109375,4907.54931640625,355.765869140625,99.15083312988281,401.7552185058594,86.77497863769531,145.76414489746094,82.10922241210938
2019-11-20,38037.6796875,4822.33642578125,351.04229736328125,104.10787963867188,394.73602294921875,84.38334655761719,145.43479919433594,80.64056396484375
2019-11-21,37101.30859375,4897.4716796875,336.13116455078125,103.01863098144531,376.49578857421875,82.87704467773438,138.16612243652344,79.6106948852539
2019-11-22,37925.7890625,4956.35498046875,345.9867248535156,107.7840347290039,392.5566101074219,84.78297424316406,140.2494659423828,81.45105743408203
2019-11-25,38212.28125,4950.14111328125,361.8937072753906,108.51020812988281,408.7646484375,85.791259765625,139.6290740966797,81.76792907714844
2019-11-26,37795.05078125,4955.580078125,348.6166687011719,106.12499237060547,398.1719970703125,85.47770690917969,134.1296844482422,79.15974426269531
2019-11-27,38122.71875,4956.31640625,349.0762634277344,108.37908935546875,398.8297424316406,86.55364227294922,134.71945190429688,80.04337310791016
2019-11-28,,4956.31640625,366.5236511230469,113.79503631591797,408.8628234863281,86.36918640136719,139.83584594726562,80.61011505126953
2019-11-29,39287.6484375,4956.31640625,384.84771728515625,119.48326110839844,412.6031188964844,90.02734375,140.356689453125,80.45774841308594
2019-12-02,40124.21875,5027.62451171875,388.5244445800781,121.47010040283203,420.0150451660156,94.52777099609375,143.46636962890625,78.35535430908203
2019-12-03,39788.73046875,5279.00537109375,371.76641845703125,116.14495086669922,408.3915710449219,94.45399475097656,144.73782348632812,77.7398681640625
2019-12-04,40270.51953125,5229.03955078125,374.3027038574219,114.21357727050781,419.8481750488281,95.0872802734375,151.37841796875,78.22129821777344
2019-12-05,,5345.240234375,370.3451232910156,113.50253295898438,427.2895202636719,96.66732788085938,155.8973846435547,78.66614532470703
2019-12-06,40732.25,5612.501953125,370.7876892089844,119.17564392089844,422.60675048828125,95.89269256591797,151.52395629882812,79.62896728515625
2019-12-09,40442.80078125,5893.12646484375,373.63037109375,121.57098388671875,410.77716064453125,94.49091339111328,146.13946533203125,80.17744445800781
2019-12-10,40664.6015625,6187.78173828125,391.7245788574219,118.50495910644531,420.7807922363281,94.34949493408203,148.29173278808594,79.73867797851562
2019-12-11,40531.421875,6158.646484375,392.0309753417969,118.01583862304688,416.4317932128906,94.38024139404297,147.15814208984375,79.81945037841797
2019-12-12,40514.171875,6259.353515625,387.247802734375,116.73495483398438,412.907470703125,94.64460754394531,146.093505859375,80.67057037353516
2019-12-13,40916.58984375,6274.84716796875,387.85211181640625,119.56394958496094,416.7557373046875,95.91726684570312,150.2984619140625,83.98809051513672
2019-12-16,41644.87890625,6569.2216796875,392.7969970703125,117.70317840576172,424.9825134277344,98.90525817871094,152.24392700195312,86.84588623046875
2019-12-17,41768.66015625,6352.314453125,392.13311767578125,115.24734497070312,417.99273681640625,101.96089172363281,148.78958129882812,91.1822738647461
2019-12-18,41603.7109375,6088.92626953125,400.68658447265625,114.92461395263672,412.9761962890625,102.01007080078125,146.752197265625,88.31205749511719
2019-12-19,40655.37109375,5790.69140625,396.89923095703125,110.49201202392578,406.8797607421875,99.3541030883789,142.7693634033203,85.7151870727539
2019-12-20,40832.98828125,6042.4443359375,391.6309814453125,110.4314956665039,409.697265625,99.75988006591797,142.4476776123047,87.47956085205078
2019-12-23,40008.2890625,6178.01318359375,384.7966613769531,110.4314956665039,406.0452880859375,96.24311828613281,140.18052673339844,85.37348937988281
2019-12-24,40328.3203125,6196.59765625,383.1625671386719,110.920654296875,413.555419921875,96.7349853515625,142.27151489257812,87.59139251708984
2019-12-25,,6196.59765625,383.1625671386719,110.920654296875,413.555419921875,96.7349853515625,142.27151489257812,87.59139251708984
2019-12-26,41127.7890625,6184.59716796875,386.4477844238281,113.4420166015625,416.36309814453125,101.21080780029297,145.64926147460938,90.61073303222656
2019-12-27,40848.53125,6184.59716796875,381.67315673828125,113.56304931640625,412.80926513671875,100.34392547607422,145.7794647216797,89.18181610107422
2019-12-30,40887.62109375,6274.84716796875,383.1710205078125,112.45366668701172,422.89141845703125,97.98306274414062,147.67132568359375,88.42388153076172
2019-12-31,40735.078125,6236.11279296875,380.2518310546875,111.95440673828125,420.5647888183594,96.7841567993164,146.78285217285156,88.41768646240234
2020-01-01,,6236.11279296875,382.93280029296875,111.4955062866211,428.9878845214844,100.16565704345703,149.7393341064453,88.79041290283203
2020-01-02,42480.76171875,6391.04833984375,389.0606689453125,112.70578002929688,450.4284362792969,103.35040283203125,157.22247314453125,91.42457580566406
2020-01-03,42323.30078125,6332.94677734375,384.9243469238281,110.76937103271484,454.9835510253906,100.39927673339844,158.67774963378906,92.86587524414062
2020-01-06,41296.23828125,6332.94677734375,373.26434326171875,108.32362365722656,436.96917724609375,99.1265869140625,153.4234619140625,92.29434967041016
2020-01-07,41904.46875,6197.37890625,374.6601867675781,109.56917572021484,457.49676513671875,102.63105010986328,160.59255981445312,92.57390594482422
2020-01-08,41357.55859375,6198.1533203125,370.71112060546875,115.04562377929688,468.3053894042969,98.7085189819336,159.02239990234375,91.92155456542969
2020-01-09,42523.0703125,6198.1533203125,371.3663635253906,120.79437255859375,489.3139953613281,103.3319320678711,166.09193420410156,92.29434967041016
2020-01-10,43207.05078125,6198.1533203125,374.3367004394531,119.36729431152344,484.6705017089844,103.97135925292969,164.4604949951172,95.80445098876953
2020-01-13,43218.671875,6255.47998046875,370.56634521484375,117.48632049560547,480.9497985839844,105.12104034423828,165.85450744628906,95.09620666503906
2020-01-14,43207.0390625,6197.37890625,368.0556335449219,115.7314453125,478.8293151855469,105.28092193603516,165.3872833251953,94.08977508544922
2020-01-15,42993.03125,6197.37890625,370.2259216308594,116.14999389648438,477.1996765136719,105.0103759765625,163.74053955078125,93.79156494140625
2020-01-16,43065.1015625,6197.37890625,374.4814147949219,116.71981811523438,477.9261474609375,104.71527862548828,162.75250244140625,93.1640853881836
2020-01-17,43167.76953125,6197.37890625,369.41741943359375,121.1927490234375,480.2135314941406,105.02880096435547,165.49452209472656,93.3442611694336
2020-01-20,,6197.37890625,362.429931640625,123.83015441894531,474.5,103.62704467773438,164.1694793701172,92.64846801757812
2020-01-21,42626.48046875,6197.37890625,357.9956970214844,126.34647369384766,472.36968994140625,103.29505157470703,165.5175018310547,92.51177978515625
2020-01-22,42561.26953125,6197.37890625,356.48077392578125,130.70343017578125,486.89898681640625,103.56558227539062,163.572021484375,89.39305114746094
2020-01-23,42506.94921875,6197.37890625,353.3316955566406,131.21775817871094,481.9708251953125,104.47550201416016,162.54568481445312,88.8711929321289
2020-01-24,42633.03125,6197.37890625,352.7359924316406,132.86172485351562,487.3407287597656,103.91597747802734,163.4571533203125,89.2812271118164
2020-01-27,42539.23046875,6197.37890625,351.9273986816406,132.8667449951172,482.7954406738281,104.48780059814453,163.0818328857422,87.50442504882812
2020-01-28,42299.19140625,6188.84228515625,350.6337890625,131.1572723388672,480.5865783691406,103.2089614868164,162.3848419189453,87.01985168457031
2020-01-29,41898.69921875,6188.84228515625,349.161376953125,127.45584869384766,467.37274169921875,100.84808349609375,161.16700744628906,87.54790496826172
2020-01-30,41903.51171875,6188.84228515625,348.9485778808594,126.08928680419922,478.4366455078125,101.33995819091797,160.66915893554688,86.93284606933594
2020-01-31,41630.94140625,6188.84228515625,349.2379455566406,124.05199432373047,468.1483459472656,100.2885971069336,159.1602783203125,85.72139739990234
2020-02-03,40409.37890625,6188.84228515625,329.8330078125,117.55693054199219,451.7243347167969,96.57511901855469,155.06253051757812,82.10565948486328
2020-02-04,40884.25,6188.84228515625,337.45880126953125,118.82267761230469,461.74755859375,96.28002166748047,157.4599151611328,82.10565948486328
2020-02-05,,6188.84228515625,337.45880126953125,118.82267761230469,461.74755859375,96.28002166748047,157.4599151611328,82.10565948486328
2020-02-06,40724.41015625,6188.84228515625,336.63323974609375,118.20240783691406,462.8961486816406,97.92771911621094,153.76048278808594,81.28560638427734
2020-02-07,40143.62890625,6158.646484375,322.2156982421875,119.41268157958984,460.2357177734375,96.28616333007812,146.8900604248047,80.21082305908203
2020-02-10,39296.69921875,5789.12744140625,314.9303894042969,114.47073364257812,452.480224609375,95.87422180175781,140.02734375,78.2414321899414
2020-02-11,39714.4609375,5789.12744140625,316.6070251464844,117.88467407226562,463.3280944824219,95.05038452148438,144.62294006347656,79.4094009399414
2020-02-12,40531.12890625,5732.5771484375,329.2287292480469,123.01319885253906,483.26666259765625,96.3599624633789,148.46023559570312,81.6832046508789
2020-02-13,40455.44140625,5751.94189453125,324.5903015136719,121.67686462402344,476.10015869140625,97.97075653076172,146.23902893066406,81.06816864013672
2020-02-14,40243.26171875,5751.94189453125,324.5903015136719,123.58302307128906,475.89404296875,99.75988006591797,144.34719848632812,80.47795867919922
2020-02-17,,5751.94189453125,331.9267272949219,123.10395050048828,474.7061462402344,103.90372467041016,146.8441162109375,79.83186340332031
2020-02-18,40175.3515625,5751.94189453125,327.6712646484375,122.73583984375,472.5561828613281,105.61289978027344,139.6290740966797,81.47199249267578
2020-02-19,40574.51953125,5751.94189453125,327.6712646484375,122.73583984375,472.5561828613281,105.61289978027344,140.63243103027344,83.7644271850586
2020-02-20,40481.6484375,5751.94189453125,329.36492919921875,125.60516357421875,474.8239440917969,103.1536636352539,139.1388702392578,83.00028991699219
2020-02-21,40249.21875,5751.94189453125,323.4837951660156,125.2320327758789,481.0283508300781,102.23756408691406,139.3762969970703,81.6272964477539
2020-02-24,39143.73046875,6042.4443359375,321.92633056640625,119.91691589355469,468.0893859863281,99.26187133789062,133.4556427001953,78.9993667602539
2020-02-25,38858.44921875,6042.4443359375,319.1602478027344,120.02284240722656,469.6012268066406,97.63875579833984,133.92288208007812,77.47107696533203
2020-02-26,38338.328125,6042.4443359375,319.1517639160156,119.66983795166016,462.7783508300781,97.01165008544922,129.68728637695312,76.88086700439453
2020-02-27,38087.3203125,5852.30224609375,314.90478515625,111.89390563964844,468.22686767578125,98.14292907714844,127.8643798828125,74.85557556152344
2020-02-28,37983.62109375,5852.30224609375,314.8197326660156,111.89390563964844,480.144775390625,98.14292907714844,127.8643798828125,74.85557556152344
2020-03-02,39296.30078125,5852.30224609375,336.5396423339844,118.83778381347656,505.38458251953125,98.35193634033203,131.99273681640625,77.34062957763672
2020-03-03,39199.6796875,5852.30224609375,335.6119384765625,118.53521728515625,494.1930847167969,98.43798828125,130.20046997070312,78.1296157836914
2020-03-04,38906.3984375,5852.30224609375,335.6119384765625,119.18069458007812,496.107421875,98.17362976074219,129.10519409179688,76.23477935791016
2020-03-05,39382.109375,5887.51025390625,330.87982177734375,122.05506896972656,526.93310546875,95.02580261230469,132.91949462890625,76.88709259033203
2020-03-06,38219.671875,5964.97802734375,329.27978515625,121.55077362060547,520.0611572265625,91.85948944091797,126.19464111328125,71.86109924316406
2020-03-09,37058.94921875,5580.3525390625,331.27984619140625,122.57952117919922,556.1095581054688,85.43470001220703,117.36346435546875,66.8351058959961
2020-03-10,37695.75,5580.3525390625,329.7989807128906,122.51398468017578,549.5026245117188,89.27728271484375,125.57424926757812,65.26331329345703
2020-03-11,37673.25,5580.3525390625,340.4376525878906,123.09893035888672,544.849365234375,90.88809967041016,123.41431427001953,65.47455596923828
2020-03-12,35956.69140625,5580.3525390625,325.2030944824219,115.44904327392578,507.59344482421875,84.69075012207031,116.19159698486328,62.2253532409668
2020-03-13,36060.87890625,5580.3525390625,328.8457336425781,117.71322631835938,489.90301513671875,85.656005859375,121.39225769042969,64.72282409667969
2020-03-16,33684.91015625,5580.3525390625,312.1217346191406,108.88841247558594,453.1673889160156,79.23734283447266,112.4615249633789,59.87078857421875
2020-03-17,32616.9296875,5580.3525390625,307.6705017089844,108.88841247558594,425.6009826660156,79.23734283447266,110.26329803466797,58.07535171508789
2020-03-18,30416.05078125,5580.3525390625,284.5973815917969,102.83710479736328,393.685546875,67.80178833007812,101.99891662597656,53.720314025878906
2020-03-19,30129.830078125,5190.30419921875,279.9333801269531,107.13352966308594,364.7153015136719,67.45977020263672,100.99553680419922,53.06178665161133
2020-03-20,30667.41015625,5190.30419921875,292.7763977050781,104.55667114257812,365.883544921875,71.57648468017578,104.03629302978516,57.037841796875
2020-03-23,,5190.30419921875,292.7763977050781,104.55667114257812,365.883544921875,71.57648468017578,104.03629302978516,57.037841796875
2020-03-24,28564.830078125,5190.30419921875,285.1165466308594,98.38936614990234,338.4447326660156,66.20980072021484,96.23912048339844,52.96238708496094
2020-03-25,27228.80078125,5190.30419921875,275.9332275390625,97.69346618652344,313.0675048828125,61.25979995727539,89.13129425048828,50.52705383300781
2020-03-26,27267.19921875,5190.30419921875,269.9329833984375,98.83818817138672,304.6247863769531,63.38033676147461,87.30071258544922,49.11677932739258
2020-03-27,28109.5703125,5190.30419921875,263.796630859375,98.53057861328125,325.3192443847656,62.223670959472656,87.67603302001953,48.61977767944336
2020-03-30,28023.390625,5190.30419921875,268.00103759765625,97.31526947021484,347.4568176269531,61.981136322021484,88.2198257446289,46.60068893432617
2020-03-31,29231.630859375,5190.30419921875,270.8777160644531,100.21485137939453,363.9201354980469,64.19498443603516,93.06051635742188,47.830780029296875
2020-04-01,29505.5703125,5112.837890625,267.8563537597656,101.83863067626953,357.7647705078125,63.87159729003906,92.15670776367188,47.40211486816406
2020-04-02,30782.66015625,5105.09130859375,279.46527099609375,103.37667083740234,384.5949401855469,66.48966979980469,99.06539154052734,50.95571517944336
2020-04-03,31621.7890625,5105.09130859375,285.3293151855469,104.44572448730469,403.2179870605469,67.72093963623047,106.00472259521484,54.77646255493164
2020-04-06,30579.150390625,5105.09130859375,282.9802551269531,100.3611068725586,384.35931396484375,64.6427230834961,101.01852416992188,56.19915008544922
2020-04-07,31231.55078125,5105.09130859375,289.7294616699219,101.69742584228516,401.9417724609375,67.179931640625,102.64994812011719,59.24954605102539
2020-04-08,30971.26953125,5105.09130859375,290.2145690917969,103.37667083740234,391.08404541015625,66.33419799804688,102.07550811767578,59.572574615478516
2020-04-09,31837.30078125,5105.09130859375,305.0236511230469,103.8557357788086,402.4424133300781,67.44733428955078,108.7008056640625,61.535762786865234
2020-04-10,,5105.09130859375,326.0967102050781,103.06402587890625,405.1814270019531,67.81423950195312,108.19528198242188,59.88512420654297
2020-04-13,31032.990234375,4774.6923828125,317.10064697265625,100.50733947753906,392.2032165527344,65.92996978759766,102.15975952148438,59.138832092285156
2020-04-14,31222.740234375,4500.84765625,334.9310607910156,100.85527801513672,400.04705810546875,66.29065704345703,102.55037689208984,58.86688995361328
2020-04-15,31242.189453125,4307.1943359375,357.05950927734375,103.50274658203125,406.1532897949219,66.11030578613281,102.4584732055664,57.235225677490234
2020-04-16,31329.4609375,4338.16552734375,369.0174255371094,103.57837677001953,401.7552185058594,65.23970794677734,103.22439575195312,58.152252197265625
2020-04-17,32831.828125,4353.65966796875,387.2308349609375,107.91517639160156,431.8839111328125,65.57550048828125,110.96028900146484,60.915985107421875
2020-04-20,33499.6484375,4415.54052734375,388.40533447265625,110.71389770507812,463.1416015625,66.85657501220703,115.08865356445312,60.85273742675781
2020-04-21,32422.830078125,4348.4228515625,367.3577880859375,109.56917572021484,451.32177734375,65.05314636230469,106.62512969970703,56.5079231262207
2020-04-22,32464.23046875,4360.86328125,372.889892578125,114.4001693725586,460.7462158203125,63.355445861816406,107.51360321044922,56.077857971191406
2020-04-23,32850.828125,4400.1396484375,376.42193603515625,115.98359680175781,449.780517578125,63.38033676147461,112.8138427734375,60.17604446411133
2020-04-24,32806.37890625,4400.1396484375,377.5113220214844,113.46220397949219,447.7189025878906,63.54824447631836,110.24797821044922,60.251922607421875
2020-04-27,32314.5703125,4329.900390625,374.1835021972656,112.14603424072266,434.5345458984375,63.361671447753906,107.66680145263672,59.06928634643555
2020-04-28,32553.390625,4510.96142578125,366.9067077636719,120.4111328125,445.9616394042969,62.83307647705078,111.0062484741211,59.290653228759766
2020-04-29,33158.83984375,4448.26904296875,371.9451599121094,125.49420166015625,459.2441711425781,62.3853759765625,110.72285461425781,61.984806060791016
2020-04-30,34111.640625,4448.52587890625,387.84356689453125,129.07460021972656,461.8359375,62.60300827026367,118.27490997314453,66.63316345214844
2020-05-01,,4448.52587890625,387.84356689453125,129.07460021972656,461.8359375,62.60300827026367,118.27490997314453,66.63316345214844
2020-05-04,33916.640625,4448.52587890625,386.5498962402344,130.2646942138672,453.07904052734375,61.81324768066406,120.26634216308594,66.55728149414062
2020-05-05,33992.75,4549.3056640625,385.3583984375,129.931884765625,452.4311218261719,60.55706787109375,124.06535339355469,67.73993682861328
2020-05-06,33728.1796875,4616.408203125,376.91552734375,127.8340835571289,444.2338562011719,58.94023132324219,124.1649398803711,67.26561737060547
2020-05-07,33304.16015625,4555.83642578125,371.73236083984375,128.28286743164062,432.9245300292969,59.82326889038086,121.69863891601562,65.1090316772461
2020-05-08,33267.69140625,4760.70556640625,376.18359375,126.06912231445312,427.1913146972656,59.43771743774414,122.63307189941406,65.1722412109375
2020-05-11,33283.7890625,4760.70556640625,374.0813903808594,126.08421325683594,425.5027770996094,59.22007751464844,121.32332611083984,64.79278564453125
2020-05-12,33603.01953125,4760.70556640625,387.91168212890625,127.0776596069336,442.5158386230469,60.32699203491211,122.20414733886719,65.7034912109375
2020-05-13,33693.0390625,4750.78466796875,384.18389892578125,128.08619689941406,447.02191162109375,61.626678466796875,124.1725845336914,65.52641296386719
2020-05-14,33804.8984375,4953.8642578125,383.22210693359375,126.80535125732422,443.6841125488281,60.78715515136719,124.0423812866211,66.32328796386719
2020-05-15,34008.328125,5221.16650390625,387.01800537109375,126.13468170166016,450.1731872558594,60.94886016845703,124.76236724853516,67.44902801513672
2020-05-18,33804.96875,5411.39892578125,388.45452880859375,127.0776596069336,442.4667663574219,60.513545989990234,123.49090576171875,68.66962432861328
2020-05-19,34158.55078125,5502.12548828125,410.7463684082031,126.06912231445312,447.5716552734375,61.35306930541992,124.08831024169922,71.300537109375
2020-05-20,33932.80859375,5502.12548828125,405.83978271484375,121.82813262939453,448.8478698730469,60.637916564941406,124.57086181640625,70.59220123291016
2020-05-21,33836.609375,5564.560546875,407.3195495605469,123.04344940185547,444.29278564453125,60.50732421875,123.49090576171875,71.40806579589844
2020-05-22,,5564.560546875,407.3195495605469,123.04344940185547,444.29278564453125,60.50732421875,123.49090576171875,71.40806579589844
2020-05-25,,5564.560546875,407.3195495605469,123.04344940185547,444.29278564453125,60.50732421875,123.49090576171875,71.40806579589844
2020-05-26,,5564.560546875,407.3195495605469,123.04344940185547,444.29278564453125,60.50732421875,123.49090576171875,71.40806579589844
2020-05-27,,5564.560546875,407.3195495605469,123.04344940185547,444.29278564453125,60.50732421875,123.49090576171875,71.40806579589844
2020-05-28,33695.421875,5564.560546875,401.6600341796875,124.55624389648438,441.2395935058594,59.54966354370117,122.5181884765625,70.1431884765625
2020-05-29,33931.23046875,5364.24462890625,431.78350830078125,122.0651626586914,451.91082763671875,59.89790344238281,121.2927017211914,72.47686004638672
2020-06-01,34021.96875,5270.591796875,449.80902099609375,119.25128936767578,445.7751159667969,60.93642044067383,119.99061584472656,74.013671875
2020-06-02,34408.05078125,5270.591796875,456.7752685546875,121.02635192871094,444.61669921875,63.31193923950195,119.3242416381836,73.6911392211914
2020-06-03,34401.421875,5307.0146484375,450.0600280761719,123.36113739013672,442.0053405761719,62.615440368652344,120.51909637451172,73.6784896850586
2020-06-04,34119.390625,5150.92578125,463.1875915527344,121.43985748291016,437.9999694824219,62.18634796142578,119.59231567382812,72.16063690185547
2020-06-05,34350.421875,5150.92578125,484.52752685546875,121.43985748291016,443.1932678222656,62.41022872924805,119.02554321289062,72.50215911865234
2020-06-08,34749.5703125,5135.3173828125,498.0446472167969,123.5477294921875,449.42706298828125,63.106727600097656,121.56843566894531,73.89983367919922
2020-06-09,34803.6015625,5221.16650390625,496.1753845214844,123.5477294921875,458.73370361328125,63.50469970703125,120.75656127929688,73.88085174560547
2020-06-10,35065.078125,5189.9482421875,507.5463562011719,127.88955688476562,458.861328125,66.0985336303711,121.59906005859375,72.93853759765625
2020-06-11,35128.578125,5053.37060546875,520.7864379882812,125.49420166015625,467.2647705078125,65.17935943603516,120.00592041015625,71.97724914550781
2020-06-12,34609.08984375,5100.19677734375,514.3222045898438,122.03488159179688,462.9844970703125,63.366207122802734,119.30127716064453,69.7826919555664
2020-06-15,33824.51171875,5100.19677734375,511.5010986328125,121.53062438964844,447.6894836425781,62.232975006103516,113.30404663085938,67.59447479248047
2020-06-16,34019.12109375,4995.61767578125,509.03472900390625,122.18618774414062,444.95050048828125,62.610713958740234,115.6018295288086,68.36604309082031
2020-06-17,33848.6796875,5072.88232421875,507.30401611328125,122.18618774414062,440.0812072753906,62.0504035949707,114.50654602050781,68.7897720336914
2020-06-18,33539.8515625,5072.88232421875,513.4481811523438,122.03488159179688,437.116455078125,62.591835021972656,112.34662628173828,68.40399932861328
2020-06-19,33438.94140625,5072.88232421875,517.299072265625,122.43830108642578,431.52069091796875,62.1700325012207,110.52371215820312,68.84036254882812
2020-06-22,33737.921875,5032.50146484375,506.9752197265625,123.39138793945312,434.0731506347656,62.18890380859375,110.23265075683594,70.25701904296875
2020-06-23,34052.609375,5033.859375,518.2076416015625,125.35304260253906,439.6001892089844,62.27704620361328,113.00533294677734,71.85075378417969
2020-06-24,34034.6484375,5346.03662109375,514.1317138671875,126.57339477539062,437.1262512207031,61.660072326660156,113.1508560180664,71.27523040771484
2020-06-25,33709.62890625,5072.88232421875,520.5182495117188,126.0186767578125,433.6804504394531,61.15011215209961,111.73388671875,69.76371002197266
2020-06-26,33939.48828125,5072.88232421875,543.61474609375,125.76654052734375,444.30255126953125,60.45758819580078,113.74061584472656,69.34632110595703
2020-06-29,34181.80078125,5072.88232421875,567.6547241210938,125.76654052734375,451.8126525878906,60.350555419921875,119.9293212890625,69.6878433227539
2020-06-30,34421.921875,5256.28515625,573.7382202148438,126.29602813720703,453.137939453125,60.986427307128906,121.1395034790039,68.93524169921875
2020-07-01,34889.41015625,5226.04345703125,559.7279663085938,123.53260040283203,485.36749267578125,60.57720947265625,124.24153137207031,71.48394012451172
2020-07-02,34978.1796875,5377.25439453125,551.7838745117188,123.5477294921875,486.3296203613281,61.080867767333984,123.16920471191406,71.80648803710938
2020-07-03,,5377.25439453125,552.6752319335938,124.8638916015625,480.8025817871094,61.597110748291016,122.05096435546875,71.40806579589844
2020-07-06,35202.76953125,5342.13427734375,552.718505859375,125.43875885009766,482.3929443359375,61.84893798828125,124.6781005859375,71.8001480102539
2020-07-07,35373.3515625,5267.9931640625,549.888671875,125.47914123535156,485.446044921875,62.163734436035156,125.32147979736328,72.07843017578125
2020-07-08,35694.890625,5228.9697265625,550.5203857421875,123.5477294921875,480.1644287109375,65.06604766845703,126.29421997070312,71.83177947998047
2020-07-09,36142.171875,5307.67041015625,546.6263427734375,123.5477294921875,479.98773193359375,67.21918487548828,127.65755462646484,72.83733367919922
2020-07-10,36190.3984375,5307.67041015625,536.0601806640625,125.23705291748047,487.3309631347656,67.04287719726562,126.14102935791016,72.41995239257812
2020-07-13,36618.5703125,5307.0146484375,527.2593994140625,124.94457244873047,506.8277282714844,67.20658874511719,133.0420684814453,72.87529754638672
2020-07-14,36745.21875,5307.0146484375,527.7958984375,126.16997528076172,503.0186767578125,67.48358917236328,130.03196716308594,72.93220520019531
2020-07-15,36679.03125,5307.0146484375,523.5469970703125,124.26380920410156,502.949951171875,67.45841979980469,129.35028076171875,72.79307556152344
2020-07-16,37001.44140625,5385.05908203125,519.1941528320312,126.13468170166016,515.9281616210938,68.69867706298828,130.4149169921875,73.48243713378906
2020-07-17,37330.8515625,5385.05908203125,521.8076171875,128.25262451171875,516.2227172851562,68.17611694335938,130.6753387451172,73.24844360351562
2020-07-20,37650.5703125,5267.9931640625,531.3871459960938,128.08619689941406,520.8563842773438,68.45942687988281,131.6557159423828,73.62158203125
2020-07-21,37700.30859375,5307.0146484375,528.0036010742188,128.4896240234375,524.9500732421875,69.37860107421875,134.0377655029297,73.24210357666016
2020-07-22,37804.609375,5307.0146484375,525.969970703125,131.26820373535156,548.952880859375,69.90744018554688,136.9942626953125,73.67215728759766
2020-07-23,37578.2109375,5243.27587890625,528.2371826171875,126.62380981445312,530.4967651367188,69.94519805908203,135.33984375,73.45713806152344
2020-07-24,37607.62109375,5243.27587890625,528.375732421875,127.0776596069336,521.8086547851562,73.07416534423828,133.55523681640625,72.54642486572266
2020-07-27,38221.16015625,5243.27587890625,532.1746215820312,127.82904052734375,535.1107788085938,76.81382751464844,134.2445831298828,72.73616027832031
2020-07-28,38627.26953125,5133.06982421875,535.0562744140625,128.51486206054688,549.0706787109375,77.63855743408203,134.1220245361328,72.60965728759766
2020-07-29,38836.26953125,5072.88232421875,536.1640625,128.71153259277344,558.3675537109375,76.29757690429688,136.25897216796875,72.93853759765625
2020-07-30,39258.44140625,5046.86865234375,544.2291870117188,126.45740509033203,570.825439453125,77.14118957519531,138.5644073486328,72.44525146484375
2020-07-31,,5046.86865234375,544.2291870117188,126.45740509033203,570.825439453125,77.14118957519531,138.5644073486328,72.44525146484375
2020-08-03,39871.609375,5065.07763671875,544.012939453125,125.91277313232422,589.0361328125,80.28904724121094,142.33277893066406,72.22389221191406
2020-08-04,39577.62109375,5033.859375,534.5803833007812,123.69397735595703,572.592529296875,80.59751892089844,138.07423400878906,70.85151672363281
2020-08-05,39882.78125,5002.64111328125,530.435302734375,124.05199432373047,588.9576416015625,81.02562713623047,139.76693725585938,71.78118896484375
2020-08-06,40166.12109375,5014.34814453125,535.5582275390625,122.4433822631836,592.1874389648438,81.4285659790039,140.30307006835938,72.0594711303711
2020-08-07,40029.69140625,5028.65380859375,538.2495727539062,123.01823425292969,590.9014282226562,80.15682220458984,138.7482452392578,71.55984497070312
2020-08-10,39914.76171875,5015.0703125,540.3610229492188,123.40149688720703,590.4498291015625,80.08757019042969,140.82391357421875,70.97166442871094
2020-08-11,40559.1484375,4983.130859375,557.443359375,122.78626251220703,605.371826171875,81.21450805664062,143.97952270507812,72.71086883544922
2020-08-12,40473.1796875,4986.6484375,556.35302734375,122.33746337890625,599.7760620117188,81.34040832519531,141.66644287109375,72.71086883544922
2020-08-13,40290.73828125,4980.95458984375,571.5921630859375,122.8165283203125,598.7256469726562,80.44644165039062,141.6894073486328,72.91956329345703
2020-08-14,,4980.95458984375,571.5921630859375,122.8165283203125,598.7256469726562,80.44644165039062,141.6894073486328,72.91956329345703
2020-08-17,40122.5,4980.95458984375,604.8222045898438,123.21488952636719,589.5172119140625,78.07923889160156,149.58615112304688,73.71012878417969
2020-08-18,40184.01171875,4988.86181640625,597.501220703125,123.95114135742188,600.5908813476562,77.11601257324219,147.19642639160156,74.33621215820312
2020-08-19,40154.109375,4973.0498046875,593.1051635742188,122.48873138427734,600.9835205078125,77.03417205810547,146.36924743652344,74.7472915649414
2020-08-20,39868.55078125,4909.798828125,597.129150390625,121.02635192871094,591.0682983398438,77.76448059082031,146.5071258544922,74.4057846069336
2020-08-21,39621.58984375,4862.36767578125,597.1031494140625,118.40410614013672,586.9254150390625,78.23664855957031,142.8612823486328,72.67923736572266
2020-08-24,39802.6015625,4822.83056640625,597.5271606445312,117.96537780761719,599.9232788085938,78.75918579101562,144.8756866455078,71.52189636230469
2020-08-25,40292.8203125,4922.9794921875,602.1482543945312,118.01583862304688,596.38916015625,80.06239318847656,146.1241455078125,72.62865447998047
2020-08-26,40862.58984375,4748.5107421875,611.9442138671875,120.19933319091797,596.4578857421875,84.77156829833984,146.5989990234375,73.16621398925781
2020-08-27,41081.94140625,4799.11083984375,613.6922607421875,120.87002563476562,598.2052612304688,85.42634582519531,146.6219940185547,73.14724731445312
2020-08-28,41056.21875,4743.7666015625,659.7124633789062,120.87002563476562,593.8858032226562,85.13043975830078,145.1361083984375,72.19226837158203
2020-08-31,41110.9296875,4797.79150390625,664.4633178710938,121.94413757324219,602.9862060546875,84.6519546508789,146.9743194580078,72.57172393798828
2020-09-01,41377.26171875,4858.01220703125,669.2055053710938,121.64661407470703,604.2723388671875,83.53762817382812,146.05520629882812,71.28789520263672
2020-09-02,41834.8515625,4988.86181640625,666.4450073242188,121.02635192871094,604.1151733398438,83.99093627929688,150.1912384033203,71.93296813964844
2020-09-03,42188.109375,5040.25244140625,669.3267211914062,127.21381378173828,610.4570922851562,84.18608093261719,151.1869354248047,71.65470123291016
2020-09-04,42023.0,4988.86181640625,666.0555419921875,128.1114044189453,603.2022705078125,83.93424987792969,149.48658752441406,71.6230697631836
2020-09-07,,5138.2900390625,659.4628295898438,129.5082550048828,616.9658813476562,83.42430114746094,149.67041015625,71.27523040771484
2020-09-08,41985.19140625,5137.736328125,661.2455444335938,139.22064208984375,627.6468505859375,82.36662292480469,150.64312744140625,70.43408966064453
2020-09-09,42022.25,5203.9130859375,653.1348876953125,149.65414428710938,632.9774780273438,83.7642822265625,148.8125762939453,68.84669494628906
2020-09-10,42647.3515625,5515.42041015625,679.0911254882812,145.2820587158203,654.11376953125,84.99192810058594,154.81744384765625,69.81430053710938
2020-09-11,42530.671875,5257.6826171875,662.0045776367188,142.7354278564453,645.3470458984375,85.43262481689453,155.8437957763672,69.18820190429688
2020-09-14,42531.30859375,5365.99072265625,679.6206665039062,140.9603729248047,645.1998291015625,86.06220245361328,158.5398712158203,69.0111312866211
2020-09-15,42346.421875,5534.39453125,685.2779541015625,143.0581817626953,643.2266235351562,85.30043029785156,157.84288024902344,68.94156646728516
2020-09-16,42282.28125,5534.39453125,677.7319946289062,141.6815185546875,649.931640625,84.22383117675781,155.75189208984375,69.15026092529297
2020-09-17,42334.76171875,5440.31787109375,673.195556640625,141.1167449951172,651.6103515625,84.21126556396484,157.7892608642578,69.18820190429688
2020-09-18,42504.76171875,5529.12109375,679.6735229492188,142.66482543945312,649.2837524414062,84.50086212158203,158.71603393554688,71.05388641357422
2020-09-21,42174.12890625,5455.33251953125,686.5841674804688,145.6905059814453,650.8839721679688,83.7138900756836,156.47952270507812,69.88389587402344
2020-09-22,41828.91015625,5471.14404296875,684.8895874023438,145.1963348388672,650.39306640625,82.67510986328125,154.54171752929688,69.11864471435547
2020-09-23,41876.26171875,5447.42578125,685.13671875,146.14939880371094,646.6331176757812,82.89545440673828,155.1774444580078,68.37236785888672
2020-09-24,41806.37109375,5227.03955078125,677.6614379882812,144.49539184570312,651.5416870117188,83.09062194824219,157.49053955078125,66.272705078125
2020-09-25,41701.23046875,5368.36376953125,677.908447265625,145.59469604492188,638.5536499023438,84.24272918701172,156.83950805664062,65.83631896972656
2020-09-28,40740.94921875,5368.36376953125,665.1641845703125,141.94874572753906,631.7503662109375,81.2459716796875,155.04721069335938,65.82997131347656
2020-09-29,41204.359375,5297.20654296875,677.96142578125,144.71726989746094,644.4046020507812,82.00146484375,157.2684326171875,66.74702453613281
2020-09-30,40571.48046875,5218.14306640625,676.6111450195312,144.0314483642578,635.2354736328125,82.30998229980469,153.33920288085938,65.52009582519531
2020-10-01,40676.921875,5297.20654296875,677.2200927734375,144.2079315185547,636.2760620117188,83.46208953857422,153.83706665039062,65.89322662353516
2020-10-02,40070.828125,5289.30810546875,667.3353271484375,143.22459411621094,627.9216918945312,82.49882507324219,148.95806884765625,63.94533920288086
2020-10-05,39072.46875,5218.14306640625,664.1757202148438,141.28819274902344,618.2813110351562,81.59854888916016,147.87046813964844,63.39511489868164
2020-10-06,39127.48046875,5152.91650390625,662.3047485351562,142.68499755859375,617.8002319335938,81.2208023071289,148.13853454589844,62.59825897216797
2020-10-07,39849.9609375,5152.91650390625,674.3252563476562,142.3925323486328,633.3211059570312,82.12738800048828,151.79969787597656,62.69944381713867
2020-10-08,40353.62109375,5218.14306640625,680.3090209960938,144.65170288085938,641.7932739257812,83.21024322509766,159.23684692382812,65.38097381591797
2020-10-09,40798.4296875,5146.9873046875,672.1188354492188,147.91873168945312,642.9713745117188,85.62149810791016,159.70408630371094,66.72173309326172
2020-10-12,40209.8203125,5137.30224609375,665.1201171875,146.33355712890625,634.9801635742188,84.17349243164062,157.74330139160156,64.77383422851562
2020-10-13,40006.671875,5060.01806640625,650.7254638671875,143.6206817626953,637.6602783203125,84.82194519042969,158.52456665039062,63.730308532714844
2020-10-14,40144.2890625,5060.01806640625,652.2169189453125,141.75840759277344,636.1680908203125,84.77787780761719,158.3177490234375,64.00225830078125
2020-10-15,40068.48828125,5218.14306640625,656.1708374023438,140.84982299804688,632.1331787109375,83.49356079101562,157.19949340820312,63.93269348144531
2020-10-16,40164.01953125,5079.783203125,659.8687744140625,140.5856170654297,626.7828979492188,87.26468658447266,158.52456665039062,64.00225830078125
2020-10-19,40340.171875,5079.783203125,656.2238159179688,140.50830078125,625.6932373046875,86.7610092163086,158.6394500732422,64.42599487304688
2020-10-20,40956.578125,5060.01806640625,647.9541625976562,140.7338409423828,641.8031616210938,87.91313171386719,162.13206481933594,65.66432189941406
2020-10-21,41535.921875,5099.55029296875,631.2294311523438,144.39393615722656,642.9320678710938,87.90684509277344,160.960205078125,65.91718292236328
2020-10-22,41199.01953125,5099.55029296875,618.3175659179688,142.2545928955078,638.524169921875,87.58576965332031,158.82327270507812,64.13422393798828
2020-10-23,41266.0,5139.08056640625,618.7677001953125,141.91305541992188,648.851806640625,87.50391387939453,159.19091796875,63.24600601196289
2020-10-26,41850.46875,5080.02978515625,629.3231811523438,143.4595947265625,689.2982788085938,87.37169647216797,163.18141174316406,63.810054779052734
2020-10-27,41381.828125,5091.64404296875,626.2341918945312,142.8538818359375,682.2691650390625,85.08635711669922,157.8505401611328,62.831058502197266
2020-10-28,41186.859375,5110.46728515625,636.51611328125,142.1128387451172,666.0219116210938,84.04756927490234,157.19949340820312,62.182708740234375
2020-10-29,39888.0,5059.8603515625,632.6151123046875,137.1317138671875,660.6715698242188,81.913330078125,150.4363250732422,60.574806213378906
2020-10-30,,5059.8603515625,632.6151123046875,137.1317138671875,660.6715698242188,81.913330078125,150.4363250732422,60.574806213378906
2020-11-02,39112.1796875,4980.95458984375,621.4153442382812,139.16798400878906,645.7200927734375,79.3069076538086,147.57176208496094,57.61188507080078
2020-11-03,40480.87890625,5011.68603515625,635.2276000976562,143.5626983642578,667.0526733398438,82.46734619140625,154.48043823242188,59.122528076171875
2020-11-04,40281.9609375,4950.36572265625,631.388427734375,143.58847045898438,663.6265258789062,81.04452514648438,151.7613983154297,59.66713333129883
2020-11-05,41071.30078125,5060.900390625,637.22216796875,143.89134216308594,674.7590942382812,82.34774017333984,157.01568603515625,61.910404205322266
2020-11-06,40731.609375,5021.04296875,636.9661865234375,144.30372619628906,670.370849609375,80.47793579101562,154.296630859375,61.287994384765625
2020-11-09,40784.0390625,4968.298828125,638.7666015625,143.88490295410156,663.282958984375,81.9762954711914,154.86341857910156,60.9184455871582
2020-11-10,41153.05078125,5021.05126953125,639.8521728515625,144.32305908203125,662.173583984375,82.22813415527344,156.63270568847656,63.37567138671875
2020-11-11,41197.3203125,5047.447265625,643.2059326171875,143.0471649169922,653.6622314453125,83.57540130615234,156.11953735351562,65.80695343017578
2020-11-12,40564.55078125,5044.96142578125,645.7036743164062,140.9787139892578,644.345703125,81.9574203491211,151.54693603515625,63.91379165649414
2020-11-13,40569.3515625,5100.7509765625,644.5121459960938,142.73143005371094,647.693359375,82.55548858642578,148.8738250732422,62.7078742980957
2020-11-16,40504.75,5100.7578125,646.9215698242188,140.57919311523438,641.410400390625,82.20294189453125,149.50953674316406,61.85205078125
2020-11-17,40652.671875,5171.6826171875,650.601806640625,138.9424591064453,645.6416015625,82.49882507324219,150.1988983154297,61.6186408996582
2020-11-18,40514.671875,5156.5322265625,644.0443725585938,135.0503692626953,641.3515014648438,81.73704528808594,147.9547119140625,61.26205825805664
2020-11-19,40540.69921875,5198.181640625,648.6867065429688,133.89047241210938,647.1534423828125,82.73806762695312,148.3223419189453,60.7498779296875
2020-11-20,40187.1796875,5180.44873046875,648.9337768554688,132.15707397460938,638.5732421875,82.05812072753906,146.7981719970703,60.71097183227539
2020-11-23,39632.51953125,5220.29931640625,655.1735229492188,128.8449249267578,633.7922973632812,80.94380187988281,142.70809936523438,60.133941650390625
2020-11-24,39863.359375,5180.44873046875,662.366455078125,128.67738342285156,639.0347290039062,81.04452514648438,143.96421813964844,60.82769012451172
2020-11-25,40377.53125,5182.84033203125,652.0051879882812,128.29718017578125,633.3309326171875,81.61113739013672,147.5640869140625,64.81500244140625
2020-11-26,,5180.98291015625,649.46337890625,130.48809814453125,646.1029663085938,81.72447204589844,148.62872314453125,65.63191223144531
2020-11-27,40807.08984375,5204.35888671875,651.6432495117188,129.25732421875,636.7669677734375,81.78742218017578,147.1045379638672,64.57511138916016
2020-11-30,41068.8203125,5252.17138671875,654.0438232421875,129.18646240234375,643.5112915039062,81.91963195800781,153.38514709472656,64.43894958496094
2020-12-01,41665.26953125,5180.44873046875,655.2618408203125,133.94847106933594,649.4996948242188,82.22813415527344,154.25831604003906,64.95762634277344
2020-12-02,42027.37890625,5220.29931640625,667.547119140625,140.66294860839844,657.28466796875,82.08960723876953,155.26168823242188,65.07432556152344
2020-12-03,42047.71875,5228.46826171875,675.0137329101562,138.61378479003906,663.0865478515625,81.78742218017578,157.19949340820312,64.8992691040039
2020-12-04,42207.0,5248.23388671875,675.59619140625,138.0918426513672,661.2213134765625,81.78742218017578,156.06593322753906,66.58497619628906
2020-12-07,42115.30859375,5379.69775390625,676.77880859375,136.7515106201172,658.0013427734375,82.05184173583984,154.77149963378906,65.39850616455078
2020-12-08,42101.78125,5260.1474609375,673.9193115234375,136.50021362304688,660.5341796875,82.2847671508789,152.61158752441406,64.93818664550781
2020-12-09,42204.03125,5379.69775390625,677.0523681640625,136.9641876220703,660.7010498046875,82.66880798339844,152.9256134033203,65.9949951171875
2020-12-10,42305.83984375,5359.7724609375,674.4577026367188,135.28878784179688,661.6532592773438,83.3046875,152.57325744628906,66.02092742919922
2020-12-11,42470.390625,5435.07275390625,676.7434692382812,136.9512939453125,666.9054565429688,83.61947631835938,153.41580200195312,67.9652328491211
2020-12-14,43266.21875,5435.07275390625,679.0470581054688,137.94366455078125,685.03759765625,83.9090805053711,158.18753051757812,70.22039031982422
2020-12-15,43250.83984375,5523.15625,678.6056518554688,137.68589782714844,673.1393432617188,83.63836669921875,157.05398559570312,69.16886138916016
2020-12-16,43360.19140625,5523.15625,678.6939697265625,136.30691528320312,668.7412719726562,83.8650131225586,156.93910217285156,71.62902069091797
2020-12-17,43766.69140625,5499.24658203125,678.023193359375,137.16392517089844,671.205322265625,85.57743072509766,158.8462371826172,72.79957580566406
2020-12-18,43740.55078125,5499.24658203125,685.0925903320312,137.20260620117188,671.4703979492188,85.95519256591797,163.3499298095703,72.95831298828125
2020-12-21,43333.76171875,5367.74267578125,671.5628051757812,135.88160705566406,662.448486328125,84.72750091552734,163.7635040283203,69.85664367675781
2020-12-22,,5339.84716796875,675.0048217773438,133.74224853515625,657.0098266601562,83.80834197998047,164.98135375976562,68.73239135742188
2020-12-23,43087.69921875,5290.03564453125,670.6361083984375,134.9279022216797,663.0767822265625,84.55754089355469,165.77792358398438,69.02336120605469
2020-12-24,43416.76953125,5260.1474609375,663.4961547851562,135.0761260986328,686.9127197265625,84.6078872680664,164.7285919189453,69.4730453491211
2020-12-25,,5260.1474609375,663.4961547851562,135.0761260986328,686.9127197265625,84.6078872680664,164.7285919189453,69.4730453491211
2020-12-28,43674.28125,5260.1474609375,671.4568481445312,135.70761108398438,683.4668579101562,84.83452606201172,166.9880828857422,69.88970947265625
2020-12-29,43255.55078125,5275.2919921875,664.6787719726562,136.17803955078125,674.6707763671875,82.90806579589844,163.78648376464844,68.73239135742188
2020-12-30,43694.76171875,5455.412109375,673.0367431640625,139.57394409179688,677.900634765625,83.44318389892578,166.05364990234375,68.95063781738281
2020-12-31,43755.37890625,5311.9609375,666.66455078125,140.7274169921875,683.35888671875,83.27949523925781,164.90475463867188,68.62654113769531
2021-01-01,,5282.06591796875,662.763671875,139.73504638671875,689.7498168945312,83.82093048095703,177.2668914794922,72.81279754638672
2021-01-04,44686.4609375,5339.84716796875,667.4147338867188,142.48655700683594,679.4615478515625,84.21755981445312,189.8970489501953,75.66316223144531
2021-01-05,44650.4296875,5339.84716796875,661.9251708984375,141.87440490722656,677.900634765625,84.97932434082031,186.8869171142578,73.83125305175781
2021-01-06,45153.421875,5339.84716796875,661.7485961914062,143.55624389648438,690.289794921875,85.79778289794922,191.0076446533203,74.98859405517578
2021-01-07,45344.5390625,5339.84716796875,667.8560180664062,148.8724365234375,684.2031860351562,87.43465423583984,184.53553771972656,74.12225341796875
2021-01-08,45654.33984375,5425.19677734375,669.1622314453125,147.96385192871094,684.8804931640625,88.21533203125,182.2147674560547,75.30603790283203
2021-01-11,45605.421875,5395.63671875,661.7398681640625,146.49464416503906,685.0867309570312,88.12090301513672,181.28033447265625,75.11425018310547
2021-01-12,45922.0390625,5308.28662109375,659.312744140625,146.67506408691406,687.81591796875,89.4115219116211,182.25306701660156,76.50304412841797
2021-01-13,46091.9609375,5367.74267578125,652.6229248046875,148.472900390625,691.124267578125,90.15440368652344,182.16880798339844,76.64193725585938
2021-01-14,45989.3515625,5284.560546875,645.280029296875,147.06814575195312,689.1116943359375,89.83329772949219,182.9883575439453,75.1671371459961
2021-01-15,45931.0,5271.15478515625,642.8441162109375,155.9477996826172,685.3320922851562,89.08413696289062,182.05392456054688,75.11425018310547
2021-01-18,,5144.59228515625,636.2689208984375,153.2671661376953,678.1165771484375,88.75675964355469,179.15869140625,73.33525848388672
2021-01-19,45903.23046875,5260.15673828125,623.0657348632812,150.87644958496094,678.1951293945312,87.79351806640625,181.08120727539062,74.38016510009766
2021-01-20,45676.94140625,5260.1474609375,633.1358642578125,147.9445037841797,672.55029296875,89.10932159423828,181.7552032470703,72.81279754638672
2021-01-21,45984.4609375,5260.1474609375,639.5167846679688,153.51844787597656,686.6770629882812,89.90887451171875,181.87777709960938,72.99797821044922
2021-01-22,45868.0390625,5240.22412109375,637.8045654296875,152.70005798339844,686.0389404296875,90.0158920288086,180.88206481933594,72.45569610595703
2021-01-25,46087.640625,5116.6904296875,649.6840209960938,152.4810028076172,690.5646362304688,89.10303497314453,182.3296661376953,71.78773498535156
2021-01-26,46287.37890625,5156.5400390625,653.2495727539062,154.04685974121094,697.4464721679688,88.80081939697266,186.39674377441406,71.60916900634766
2021-01-27,46458.12890625,5180.44873046875,657.6359252929688,152.12013244628906,704.730712890625,88.80081939697266,187.11672973632812,71.68193054199219
2021-01-28,46166.05078125,5180.44873046875,643.8501586914062,149.7616729736328,714.6165771484375,89.44298553466797,183.7389678955078,70.57088470458984
2021-01-29,46385.5390625,5156.5400390625,655.6677856445312,149.6263427734375,713.9882202148438,89.51223754882812,186.1133575439453,70.74282836914062
2021-02-01,46248.44921875,5160.65966796875,662.0575561523438,148.93043518066406,698.6441040039062,88.92674255371094,183.99937438964844,70.42536926269531
2021-02-02,46580.33984375,5164.0546875,666.3997802734375,149.355712890625,701.6677856445312,88.1397705078125,194.33944702148438,72.1514663696289
2021-02-03,46933.62890625,5158.1337890625,665.95849609375,150.93447875976562,718.0328979492188,88.19644927978516,193.91050720214844,73.01781463623047
2021-02-04,46905.7890625,5160.52490234375,670.1595458984375,152.9900665283203,727.6143798828125,87.76835632324219,193.63479614257812,74.90262603759766
2021-02-05,,5160.52490234375,670.1595458984375,152.9900665283203,727.6143798828125,87.76835632324219,193.63479614257812,74.90262603759766
2021-02-08,46721.87109375,5133.29150390625,668.8887329101562,152.33279418945312,725.866943359375,86.95619201660156,194.1020050048828,75.27297973632812
2021-02-09,46674.76953125,5019.7197265625,661.9251708984375,152.31988525390625,728.5568237304688,85.98666381835938,197.1963653564453,75.63007354736328
2021-02-10,46644.2890625,5021.05126953125,662.2427978515625,151.03111267089844,753.2075805664062,86.2510757446289,198.62100219726562,74.13546752929688
2021-02-11,46055.51953125,4957.29150390625,665.658447265625,147.91229248046875,756.2705078125,84.82825469970703,192.1565399169922,73.6659164428711
2021-02-12,45808.359375,4944.73974609375,660.4601440429688,147.20993041992188,775.3746337890625,84.04127502441406,190.68594360351562,71.78773498535156
2021-02-15,,4942.14990234375,662.9931030273438,146.62351989746094,777.720947265625,84.92267608642578,192.9837646484375,74.2280502319336
2021-02-16,46867.94921875,4949.26611328125,664.2111206054688,148.77578735351562,815.8604125976562,86.85545349121094,193.44329833984375,75.31925964355469
2021-02-17,46768.140625,4941.3525390625,664.934814453125,148.4020233154297,834.1398315429688,82.00775146484375,197.150390625,74.32064819335938
2021-02-18,46142.73828125,4878.82763671875,658.4213256835938,149.1624298095703,819.7970581054688,78.6269760131836,188.99325561523438,73.40801239013672
2021-02-19,46227.6484375,4941.3525390625,663.310791015625,145.35406494140625,815.9585571289062,77.94075012207031,187.80606079101562,73.34187316894531
2021-02-22,45890.0390625,4877.640625,653.7615356445312,143.3887176513672,814.5743408203125,75.2021255493164,185.67677307128906,71.82080078125
2021-02-23,45728.75,4888.55078125,639.9845581054688,142.93763732910156,813.3864135742188,73.59671783447266,183.50155639648438,72.51519775390625
2021-02-24,45362.578125,4901.50244140625,652.2521362304688,139.59971618652344,821.3579711914062,74.71104431152344,179.71017456054688,71.09996032714844
2021-02-25,45965.62109375,4945.033203125,658.827392578125,141.01736450195312,849.798095703125,76.57457733154297,182.39093017578125,71.63563537597656
2021-02-26,45865.01953125,4882.90771484375,670.0447998046875,139.3032989501953,868.5487670898438,77.85260772705078,181.24205017089844,69.25483703613281
2021-03-01,45593.4296875,4862.44921875,658.474365234375,139.27105712890625,871.2386474609375,76.65013122558594,179.21231079101562,69.09612274169922
2021-03-02,45964.26953125,4862.44921875,657.6712036132812,138.6331329345703,862.0695190429688,77.75186920166016,184.12193298339844,69.70453643798828
2021-03-03,46160.78125,4848.90087890625,656.8504638671875,138.61378479003906,864.0722045898438,76.4423599243164,185.1252899169922,70.24684143066406
2021-03-04,45278.53125,4861.65283203125,655.82666015625,134.2255096435547,842.2684326171875,75.12657928466797,180.8743896484375,68.9638442993164
2021-03-05,45837.3515625,4846.509765625,656.6297607421875,135.7527313232422,853.8133544921875,76.48644256591797,182.92709350585938,70.82880401611328
2021-03-08,45051.05078125,4853.68310546875,656.31201171875,132.47279357910156,826.00146484375,75.0384292602539,179.41148376464844,69.9822998046875
2021-03-09,44222.91015625,4723.5107421875,652.825927734375,127.71723175048828,811.9138793945312,75.3343276977539,173.337646484375,69.08289337158203
2021-03-10,43691.6796875,4740.509765625,652.9318237304688,128.02012634277344,797.9833984375,74.18851470947266,169.91392517089844,69.32095336914062
2021-03-11,42779.76171875,4551.224609375,642.111572265625,124.07646179199219,784.799072265625,72.70902252197266,166.5668182373047,66.3383560180664
2021-03-12,,4582.70556640625,637.989990234375,127.65924835205078,809.5578002929688,74.40886688232422,173.47344970703125,67.9123306274414
2021-03-15,44766.58984375,4810.84423828125,657.8654174804688,130.6685028076172,828.40673828125,75.39729309082031,184.77024841308594,67.97184753417969
2021-03-16,44857.05859375,4702.25439453125,648.6689453125,129.41842651367188,826.4627685546875,76.42977142333984,182.05775451660156,67.44940185546875
2021-03-17,45450.30859375,4742.103515625,653.1701049804688,134.69595336914062,833.678466796875,78.08554077148438,183.4218292236328,67.97184753417969
2021-03-18,44724.08984375,4781.953125,647.7599487304688,129.25732421875,825.3633422851562,77.24681091308594,177.91062927246094,67.35018920898438
2021-03-19,44901.30859375,4666.38916015625,645.95068359375,131.4546661376953,824.1656494140625,79.58235168457031,183.0533905029297,66.1135025024414
2021-03-22,45407.328125,4740.869140625,642.40283203125,129.01243591308594,823.6551513671875,79.80171203613281,189.96786499023438,70.96768951416016
2021-03-23,,4740.869140625,642.40283203125,129.01243591308594,823.6551513671875,79.80171203613281,189.96786499023438,70.96768951416016
2021-03-24,45544.19140625,4742.103515625,638.0958862304688,130.25613403320312,823.1054077148438,79.85977935791016,190.4225616455078,68.94400787353516
2021-03-25,45726.16015625,4779.96142578125,642.941162109375,132.66610717773438,828.6324462890625,79.63395690917969,189.34068298339844,68.95722198486328
2021-03-26,45521.62890625,4734.13330078125,636.4896240234375,135.93959045410156,821.4463500976562,77.62102508544922,185.56985473632812,68.15703582763672
2021-03-29,44431.80078125,4660.41162109375,627.4255981445312,132.62747192382812,802.53857421875,76.1500244140625,179.58045959472656,66.96000671386719
2021-03-30,44491.03125,4662.40478515625,637.8223266601562,134.76040649414062,802.862548828125,76.0984115600586,178.61619567871094,67.07904052734375
2021-03-31,44587.8515625,4662.32421875,639.7639770507812,134.34152221679688,802.63671875,74.9564437866211,180.80345153808594,67.1980972290039
2021-04-01,44428.1015625,4662.40478515625,631.0353393554688,132.04104614257812,796.0789184570312,75.36290740966797,177.77737426757812,66.7814712524414
2021-04-02,,4702.25439453125,637.8486938476562,132.83367919921875,801.7139282226562,75.7500228881836,177.45594787597656,66.59627532958984
2021-04-05,43548.2109375,4662.40478515625,639.5609741210938,128.8062744140625,788.4117431640625,74.16288757324219,173.9359893798828,65.67701721191406
2021-04-06,44404.69921875,4662.40478515625,643.638427734375,130.8167266845703,809.9700927734375,75.37581634521484,177.9654998779297,66.49707794189453
2021-04-07,43953.578125,4630.52490234375,644.2738647460938,129.95970153808594,822.7225341796875,73.29188537597656,173.598876953125,64.53952026367188
2021-04-08,44741.359375,4622.55517578125,636.471923828125,132.18284606933594,838.9993286132812,74.62095642089844,176.96205139160156,65.24715423583984
2021-04-09,45186.48046875,4661.60791015625,632.9682006835938,130.2819061279297,842.4451293945312,75.72421264648438,177.4637908935547,66.15467071533203
2021-04-12,44978.05078125,4638.49560546875,634.8062744140625,128.65159606933594,844.3201904296875,75.25968170166016,173.457763671875,65.18663787841797
2021-04-13,45048.5703125,4662.40478515625,629.9962158203125,128.6387176513672,844.025634765625,75.93711853027344,172.86196899414062,65.08583068847656
2021-04-14,45311.21875,4630.52490234375,639.2778930664062,128.89646911621094,849.8079833984375,76.64680480957031,174.29661560058594,65.81182861328125
2021-04-15,45230.1796875,4663.59130859375,643.6488647460938,129.09622192382812,844.3005981445312,76.12420654296875,173.73216247558594,66.5311279296875
2021-04-16,45305.62890625,4644.52880859375,635.9309692382812,128.65805053710938,845.2037353515625,76.47261047363281,173.1833953857422,66.59161376953125
2021-04-19,44913.5703125,4598.765625,650.2053833007812,126.74422454833984,839.6766967773438,75.76937103271484,170.6433868408203,66.06727600097656
2021-04-20,45399.78125,4671.251953125,660.5477294921875,128.54205322265625,847.6089477539062,77.12425231933594,170.3611602783203,66.17483520507812
2021-04-21,45306.5390625,4611.66015625,661.7456665039062,129.47640991210938,837.3009643554688,77.48554229736328,169.2244110107422,65.4555435180664
2021-04-22,44929.609375,4597.5576171875,669.5001220703125,129.01890563964844,829.91845703125,79.20816040039062,168.6207733154297,63.67411804199219
2021-04-23,44706.76171875,4598.765625,668.4759521484375,128.23275756835938,830.3897094726562,78.74361419677734,167.1469268798828,62.28931427001953
2021-04-26,45682.76953125,4630.982421875,713.2470703125,131.50625610351562,851.8989868164062,80.85334777832031,175.22166442871094,66.86724090576172
2021-04-27,45292.87109375,4703.87060546875,704.4592895507812,130.4945526123047,844.4379272460938,81.31140899658203,168.8402862548828,63.667396545410156
2021-04-28,45059.12109375,4643.06201171875,695.0314331054688,130.6105194091797,838.4986572265625,79.85333251953125,168.7462158203125,62.040565490722656
2021-04-29,44863.109375,4635.00927734375,693.614013671875,130.6105194091797,830.29150390625,80.03398132324219,169.69480895996094,62.484256744384766
2021-04-30,44262.3515625,4621.72021484375,693.7421264648438,129.24444580078125,822.791259765625,80.55011749267578,166.38650512695312,61.51625061035156
2021-05-03,44076.19921875,4610.8466796875,691.501708984375,128.89646911621094,817.3624267578125,81.18883514404297,167.0998992919922,61.20029830932617
2021-05-04,44563.58984375,4518.22705078125,702.1183471679688,130.40432739257812,831.6266479492188,82.4146728515625,168.04849243164062,61.49609375
2021-05-05,44943.609375,4510.17333984375,708.4188842773438,129.26376342773438,839.5588989257812,82.74174499511719,173.3950653076172,62.1817626953125
2021-05-06,45174.671875,4510.17333984375,713.4483642578125,128.6387176513672,862.3443603515625,83.12113189697266,173.7948760986328,62.29603576660156
2021-05-07,,4510.17333984375,713.4483642578125,128.6387176513672,862.3443603515625,83.12113189697266,173.7948760986328,62.29603576660156
2021-05-10,,4510.17333984375,713.4483642578125,128.6387176513672,862.3443603515625,83.12113189697266,173.7948760986328,62.29603576660156
2021-05-11,,4510.17333984375,713.4483642578125,128.6387176513672,862.3443603515625,83.12113189697266,173.7948760986328,62.29603576660156
2021-05-12,,4510.17333984375,713.4483642578125,128.6387176513672,862.3443603515625,83.12113189697266,173.7948760986328,62.29603576660156
2021-05-13,,4510.17333984375,713.4483642578125,128.6387176513672,862.3443603515625,83.12113189697266,173.7948760986328,62.29603576660156
2021-05-14,,4510.17333984375,713.4483642578125,128.6387176513672,862.3443603515625,83.12113189697266,173.7948760986328,62.29603576660156
2021-05-17,45796.30859375,4510.17333984375,708.6840209960938,129.30886840820312,897.1754760742188,82.8136978149414,173.08932495117188,59.412147521972656
2021-05-18,45981.8203125,4510.17333984375,708.6932373046875,128.79983520507812,891.73681640625,82.56511688232422,181.09349060058594,59.7617073059082
2021-05-19,45682.109375,4469.904296875,703.34375,128.4647216796875,882.9308471679688,81.69512939453125,177.53433227539062,60.33985137939453
2021-05-20,45574.0703125,4470.169921875,704.1026611328125,129.502197265625,879.0432739257812,79.83084869384766,176.6719970703125,59.250831604003906
2021-05-21,45914.98046875,4669.64111328125,705.4652099609375,128.9222412109375,885.3065795898438,81.04100036621094,179.79212951660156,60.49444580078125
2021-05-24,46097.109375,4639.6396484375,712.3509521484375,130.39146423339844,891.7269897460938,81.7212905883789,177.89495849609375,60.51459503173828
2021-05-25,46300.66015625,4630.982421875,704.1209106445312,131.43533325195312,890.4605712890625,84.32474517822266,176.5543975830078,60.59527587890625
2021-05-26,46812.30859375,4626.95458984375,708.6932373046875,134.01934814453125,889.2432250976562,85.31903076171875,179.25120544433594,62.58510971069336
2021-05-27,46790.75,4573.07373046875,708.6932373046875,136.42933654785156,900.49365234375,86.20864868164062,178.122314453125,62.611976623535156
2021-05-28,47126.2890625,4573.07373046875,703.6637573242188,136.87393188476562,898.5792846679688,87.70010375976562,181.63441467285156,64.15811920166016
2021-05-31,,4576.6181640625,715.6338500976562,141.95172119140625,915.4647216796875,88.91024780273438,188.2353057861328,65.53618621826172
2021-06-01,48191.26171875,4590.71240234375,714.3809814453125,144.92877197265625,923.5343627929688,89.45972442626953,186.6517333984375,66.48405456542969
2021-06-02,48126.8984375,4499.1640625,711.7291259765625,144.77415466308594,917.72265625,88.1187515258789,188.6978302001953,65.52949523925781
2021-06-03,48093.53125,4581.72412109375,713.2654418945312,143.57557678222656,899.74755859375,87.68701171875,190.63421630859375,65.26730346679688
2021-06-04,48211.69921875,4603.04248046875,708.6932373046875,143.91709899902344,899.2174072265625,87.4449691772461,190.5323028564453,65.51604461669922
2021-06-07,48302.66015625,4596.08447265625,713.2562866210938,144.2650604248047,898.2553100585938,87.11137390136719,188.65081787109375,65.47570037841797
2021-06-08,48147.98046875,4652.0751953125,705.5017700195312,142.3319091796875,899.3744506835938,87.63468170166016,184.8251190185547,64.86398315429688
2021-06-09,47777.62109375,4602.89013671875,713.119140625,141.71975708007812,897.558349609375,86.75814056396484,181.9009552001953,63.21309280395508
2021-06-10,48251.48828125,4671.251953125,712.3509521484375,142.5638885498047,898.1571655273438,87.9878921508789,184.37042236328125,63.02128982543945
2021-06-11,48304.71875,4670.8486328125,708.71142578125,143.94931030273438,894.9273071289062,88.37384796142578,182.49676513671875,63.51448440551758
2021-06-14,48726.078125,4670.4453125,727.9057006835938,144.85147094726562,901.97607421875,88.3542251586914,183.6570281982422,68.27534484863281
2021-06-15,48632.55859375,4614.88232421875,732.0571899414062,144.0717315673828,894.3677978515625,88.15799713134766,185.42091369628906,68.48085021972656
2021-06-16,48480.8984375,4630.982421875,723.3333740234375,145.2316436767578,894.1910400390625,88.43926239013672,184.13525390625,68.17259979248047
2021-06-17,48131.25,4655.142578125,717.8375854492188,144.95457458496094,896.5275268554688,87.43843078613281,182.3948516845703,68.61785888671875
2021-06-18,48238.671875,4630.982421875,730.7770385742188,144.72901916503906,908.1312866210938,85.05738830566406,183.04556274414062,67.99449157714844
2021-06-21,48012.51953125,4630.982421875,726.9820556640625,145.6956024169922,896.0563354492188,85.28633880615234,179.61181640625,67.87804412841797
2021-06-22,47987.140625,4639.03515625,722.537841796875,146.1595458984375,893.3271484375,85.41716003417969,178.7965087890625,67.49442291259766
2021-06-23,47900.69921875,4630.982421875,716.694580078125,146.70730590820312,885.6207275390625,84.93964385986328,177.06398010253906,67.9533920288086
2021-06-24,47962.5390625,4639.03515625,713.2654418945312,146.50753784179688,888.7916259765625,85.2928695678711,178.2320556640625,67.77527618408203
2021-06-25,47603.359375,4683.33203125,688.0633544921875,146.09515380859375,864.5335693359375,83.38933563232422,175.9193878173828,67.1313705444336
2021-06-28,47002.3515625,4667.02294921875,706.3521728515625,148.5889129638672,845.6847534179688,80.75971221923828,173.0030975341797,66.28880310058594
2021-06-29,47137.76953125,4671.251953125,716.0635986328125,148.1055908203125,849.4349365234375,81.90445709228516,173.8968048095703,64.5762710571289
2021-06-30,47356.01953125,4671.251953125,724.56787109375,147.57720947265625,847.648193359375,80.04670715332031,175.80178833007812,65.09687805175781
2021-07-01,47800.5703125,4747.76416015625,727.1466674804688,147.84141540527344,871.7589721679688,80.75971221923828,176.71119689941406,65.93946075439453
2021-07-02,47686.1796875,4747.76416015625,729.6613159179688,146.82969665527344,879.5439453125,80.83167266845703,175.71556091308594,65.54898834228516
2021-07-05,,4747.76416015625,720.1237182617188,147.5965576171875,865.1716918945312,80.20368957519531,174.94728088378906,65.52845001220703
2021-07-06,47346.16015625,4687.35888671875,713.2654418945312,145.91470336914062,864.4059448242188,82.09416198730469,177.28347778320312,65.27499389648438
2021-07-07,47247.921875,4687.35888671875,712.3509521484375,143.93643188476562,862.7665405273438,83.04263305664062,177.04827880859375,64.78860473632812
2021-07-08,48053.171875,4824.275390625,707.184326171875,146.86192321777344,892.0018920898438,83.91263580322266,180.3644256591797,65.54898834228516
2021-07-09,47563.44921875,4904.814453125,708.6932373046875,146.81683349609375,871.9454956054688,84.1742935180664,178.71026611328125,64.8913803100586
2021-07-12,47447.078125,4731.6552734375,707.486083984375,145.8631134033203,865.8490600585938,84.40324401855469,177.31483459472656,64.85713195800781
2021-07-13,47480.48828125,4683.34033203125,703.4351196289062,146.82327270507812,865.29931640625,84.364013671875,176.3035125732422,64.55571746826172
2021-07-14,47491.46875,4683.34033203125,700.2802734375,146.2368927001953,869.8053588867188,84.33782196044922,177.7460174560547,64.5214614868164
2021-07-15,47628.26171875,4683.34033203125,697.9393310546875,149.12374877929688,873.2216796875,83.9976806640625,179.8391571044922,65.78189086914062
2021-07-16,47834.328125,4751.7900390625,697.9393310546875,148.55026245117188,894.858642578125,85.01813507080078,178.82785034179688,65.61063385009766
2021-07-19,47873.26171875,4743.7353515625,706.4345703125,146.984375,894.858642578125,85.01813507080078,178.10662841796875,65.67228698730469
2021-07-20,,4743.7353515625,706.4345703125,146.984375,894.858642578125,85.01813507080078,178.10662841796875,65.67228698730469
2021-07-21,,4743.7353515625,706.4345703125,146.984375,894.858642578125,85.01813507080078,178.10662841796875,65.67228698730469
2021-07-22,,4743.7353515625,706.4345703125,146.984375,894.858642578125,85.01813507080078,178.10662841796875,65.67228698730469
2021-07-23,47793.0703125,4743.7353515625,706.4345703125,146.984375,894.858642578125,85.01813507080078,178.10662841796875,65.67228698730469
2021-07-26,47672.6796875,4788.701171875,706.361328125,146.8748321533203,884.4034423828125,84.22664642333984,176.86798095703125,64.63793182373047
2021-07-27,47686.98828125,4800.91796875,705.9498291015625,147.62232971191406,882.1650390625,85.89468383789062,172.6189422607422,64.48721313476562
2021-07-28,47318.03125,4792.05908203125,703.1790161132812,147.1454620361328,876.2846069335938,85.56107330322266,172.14857482910156,63.9871711730957
2021-07-29,47312.328125,4773.53515625,706.343017578125,146.58485412597656,880.3194580078125,84.33782196044922,172.54055786132812,63.84329605102539
2021-07-30,47055.2890625,4751.7900390625,700.2802734375,146.01780700683594,871.7099609375,82.85948181152344,173.12850952148438,63.97345733642578
2021-08-02,,4759.84423828125,712.2504272460938,146.42376708984375,868.9905395507812,83.14075469970703,173.52833557128906,64.41871643066406
2021-08-03,47758.3203125,4734.50634765625,722.4097900390625,147.84786987304688,870.2667846679688,84.05656433105469,175.77828979492188,63.95975875854492
2021-08-04,47789.87890625,4872.59765625,713.2654418945312,147.91229248046875,867.2431030273438,84.76301574707031,174.93161010742188,63.75425338745117
2021-08-05,47640.87890625,4818.7822265625,704.1209106445312,147.56431579589844,863.8954467773438,84.65837097167969,173.8419189453125,63.71998977661133
2021-08-06,47489.94921875,4796.0859375,697.8387451171875,148.176513671875,856.6602783203125,84.42286682128906,172.9952392578125,63.726863861083984
2021-08-09,47123.62109375,4832.32861328125,704.1118774414062,146.62351989746094,841.2866821289062,84.01075744628906,171.74876403808594,63.21309280395508
2021-08-10,47135.48046875,4820.248046875,699.4664306640625,146.2368927001953,849.4839477539062,84.03040313720703,170.85504150390625,63.13774108886719
2021-08-11,47377.37890625,4803.82373046875,696.805419921875,145.95335388183594,852.036376953125,84.27897644042969,171.37245178222656,62.99388885498047
2021-08-12,47270.76171875,4803.82373046875,690.4135131835938,146.378662109375,847.6284790039062,84.5864028930664,168.76190185546875,62.85002899169922
2021-08-13,47169.83984375,4804.6455078125,693.7969970703125,146.3593292236328,840.8841552734375,84.82843780517578,168.01715087890625,62.32258987426758
2021-08-16,46912.7890625,4729.92724609375,699.3385009765625,145.82449340820312,830.6939697265625,84.98543548583984,168.6599884033203,62.11022186279297
2021-08-17,47258.44921875,4729.91943359375,706.4070434570312,146.62351989746094,832.8243408203125,84.88077545166016,172.2191162109375,62.260929107666016
2021-08-18,,4729.91943359375,706.4070434570312,146.62351989746094,832.8243408203125,84.88077545166016,172.2191162109375,62.260929107666016
2021-08-19,,4729.91943359375,706.4070434570312,146.62351989746094,832.8243408203125,84.88077545166016,172.2191162109375,62.260929107666016
2021-08-20,47599.8203125,4629.5966796875,708.3091430664062,146.378662109375,844.1729125976562,84.7237777709961,177.05612182617188,61.95951843261719
2021-08-23,48112.2109375,4680.64990234375,701.39599609375,146.9521484375,846.2246704101562,85.16857147216797,181.32867431640625,63.9940071105957
2021-08-24,47828.7109375,4680.64990234375,700.1614379882812,146.4495086669922,836.0835571289062,84.6976089477539,174.81402587890625,63.65834426879883
2021-08-25,47635.8984375,4680.64990234375,703.188232421875,146.346435546875,828.1317749023438,84.69107055664062,173.02659606933594,63.562435150146484
2021-08-26,47363.26953125,4639.59228515625,694.9674072265625,146.44309997558594,800.4573364257812,84.08926391601562,170.79232788085938,62.98704528808594
2021-08-27,47136.53125,4598.533203125,689.1423950195312,146.10157775878906,804.8750610351562,83.02955627441406,170.0789337158203,62.32941818237305
2021-08-30,47365.69921875,4569.79150390625,701.9811401367188,146.7974853515625,809.0669555664062,81.58393096923828,170.8001708984375,63.48024368286133
2021-08-31,47419.73828125,4569.79150390625,696.8328247070312,146.7459716796875,815.3106079101562,81.89791107177734,169.82022094726562,63.61039733886719
2021-09-01,47413.4609375,4639.59228515625,701.6519165039062,148.569580078125,819.6497802734375,81.23068237304688,170.96481323242188,63.685752868652344
2021-09-02,46903.05859375,4639.59228515625,701.679443359375,147.0745849609375,806.219970703125,79.7261734008789,169.490966796875,62.61027526855469
2021-09-03,46957.46875,4623.17578125,719.922607421875,147.90585327148438,809.0276489257812,79.03933715820312,168.65213012695312,62.46644973754883
2021-09-06,,4639.59228515625,725.34521484375,151.2631072998047,804.9535522460938,78.48331451416016,169.07546997070312,62.65138244628906
2021-09-07,,4987.56103515625,717.9931030273438,146.59130859375,790.6304321289062,77.90111541748047,166.98231506347656,62.00747299194336
2021-09-08,,5062.08056640625,713.5734252929688,145.1092071533203,759.7752075195312,77.81609344482422,166.91175842285156,60.363426208496094
2021-09-09,,5169.2431640625,710.2892456054688,146.2239990234375,744.4016723632812,77.1256332397461,167.6173095703125,60.657997131347656
2021-09-10,,5217.03662109375,743.478515625,145.5731658935547,771.0550537109375,76.85343933105469,167.8995361328125,60.95940017700195
2021-09-13,,5255.46630859375,741.6487426757812,145.102783203125,768.8070068359375,78.09494018554688,169.59288024902344,61.3430061340332
2021-09-14,,5054.28857421875,732.837646484375,144.37461853027344,752.864013671875,79.475830078125,167.6643524169922,60.32233810424805
2021-09-15,,5009.52685546875,721.8966064453125,143.9815216064453,747.2584228515625,79.66838073730469,166.31593322753906,59.979820251464844
2021-09-16,,4916.32470703125,720.7706298828125,143.18251037597656,744.6275024414062,79.74805450439453,166.44139099121094,61.08268737792969
2021-09-17,,4853.0947265625,714.2865600585938,142.28038024902344,723.255615234375,78.98456573486328,162.9606170654297,60.815547943115234
2021-09-20,,4766.8798828125,715.36572265625,141.01736450195312,728.1347045898438,78.89825439453125,161.45542907714844,59.856529235839844
2021-09-21,,4853.0947265625,715.36572265625,141.01736450195312,716.4425659179688,77.59036254882812,161.45542907714844,58.88379669189453
2021-09-22,,4762.76708984375,695.744873046875,135.04393005371094,715.2841186523438,76.64763641357422,158.4999237060547,58.287837982177734
2021-09-23,,4762.76708984375,740.091064453125,135.0181121826172,714.410400390625,76.65425109863281,156.90065002441406,57.150726318359375
2021-09-24,,4721.70849609375,732.46240234375,136.08779907226562,711.4358520507812,76.27583312988281,155.7090301513672,57.70557403564453
2021-09-27,,4731.97216796875,709.0787963867188,134.51551818847656,708.67724609375,74.35050964355469,153.22390747070312,57.96588897705078
2021-09-28,,4731.97216796875,733.6259155273438,134.51551818847656,708.67724609375,74.71566772460938,153.22390747070312,57.12332534790039
2021-09-29,,4703.37109375,722.8443603515625,135.26947021484375,697.6231689453125,73.63352966308594,153.2709503173828,55.89029312133789
2021-09-30,44899.6015625,4956.39697265625,725.2088623046875,136.67420959472656,709.6786499023438,72.59779357910156,157.5670166015625,57.4041862487793
2021-10-01,,4853.0947265625,727.2169799804688,140.1023406982422,699.2822265625,73.08910369873047,155.61497497558594,56.931514739990234
2021-10-04,,4853.0947265625,730.9703979492188,145.24453735351562,691.4776611328125,73.0359878540039,157.08880615234375,57.13016128540039
2021-10-05,,4851.72314453125,723.5668334960938,145.57958984375,667.2588500976562,72.59779357910156,156.751708984375,55.588890075683594
2021-10-06,,4844.88330078125,728.4837036132812,148.48233032226562,660.4556274414062,71.5422134399414,155.75608825683594,55.76013946533203
2021-10-07,,4860.2802734375,727.0198974609375,147.93557739257812,656.7839965820312,72.41857147216797,155.63064575195312,55.72589874267578
2021-10-08,,4928.2314453125,725.255859375,146.013671875,648.400146484375,73.20195770263672,154.46255493164062,55.828643798828125
2021-10-11,,4766.87158203125,711.26513671875,142.4350128173828,638.7892456054688,72.79698944091797,151.4913787841797,55.9930419921875
2021-10-12,,4746.34228515625,729.9944458007812,139.2042694091797,639.8887329101562,75.69823455810547,152.3302001953125,56.061546325683594
2021-10-13,,4692.96630859375,729.5722045898438,133.97705078125,629.6495361328125,76.30903625488281,150.99954223632812,55.506683349609375
2021-10-14,,4803.82373046875,725.2839965820312,135.8740997314453,661.515869140625,79.10405731201172,154.93365478515625,55.999900817871094
2021-10-15,,4844.88330078125,731.9087524414062,137.5640106201172,669.811279296875,79.02440643310547,157.04945373535156,57.67818069458008
2021-10-18,,4844.88330078125,731.82421875,134.4326629638672,667.572998046875,80.85676574707031,155.26422119140625,58.993412017822266
2021-10-19,,4844.88330078125,731.82421875,134.4326629638672,667.572998046875,80.85676574707031,155.26422119140625,58.993412017822266
2021-10-20,,4742.24462890625,726.5789184570312,135.23622131347656,688.56201171875,82.5298080444336,156.6692657470703,58.630882263183594
2021-10-21,,4762.76708984375,728.521240234375,135.50958251953125,693.8632202148438,84.80699157714844,157.35525512695312,59.92062759399414
2021-10-22,,4697.07275390625,722.5252685546875,134.66461181640625,695.8561401367188,86.10824584960938,152.71864318847656,58.86094284057617
2021-10-25,,4697.07275390625,722.5252685546875,134.66461181640625,695.8561401367188,86.10824584960938,152.71864318847656,58.86094284057617
2021-10-26,,4697.07275390625,722.5252685546875,135.49301147460938,685.2340087890625,83.4659194946289,150.96649169921875,58.37294006347656
2021-10-27,,4697.07275390625,680.8158569335938,138.76519775390625,701.8936157226562,83.39859008789062,154.00796508789062,58.66575241088867
2021-10-28,,4828.458984375,706.0948486328125,139.57704162597656,720.8897094726562,83.78236389160156,157.8015594482422,58.97249221801758
2021-10-29,,4762.76708984375,715.177978515625,139.4196319580078,758.6463012695312,84.94036865234375,157.2891387939453,59.42564010620117
2021-11-01,,4844.88330078125,721.4180297851562,140.82789611816406,775.8556518554688,85.47901153564453,161.60340881347656,61.349788665771484
2021-11-02,,4926.99951171875,717.5989379882812,140.04092407226562,765.8323364257812,86.16575622558594,162.38031005859375,61.25220489501953
2021-11-03,,4807.9462890625,717.73974609375,138.5415496826172,754.955078125,84.33444213867188,158.8511962890625,60.25525665283203
2021-11-04,,4923.6982421875,706.9299926757812,138.2930145263672,746.1687622070312,83.69482421875,159.06607055664062,60.32497024536133
2021-11-05,,4820.248046875,718.0963134765625,137.67172241210938,750.154541015625,84.5296859741211,159.92562866210938,61.084861755371094
2021-11-08,,4870.19921875,717.4769287109375,136.71078491210938,758.5873413085938,85.27027893066406,158.28916931152344,60.38774490356445
2021-11-09,,4766.134765625,713.141845703125,135.09539794921875,754.12060546875,84.37483215332031,155.6609344482422,59.12862777709961
2021-11-10,,4742.00830078125,713.0949096679688,135.41018676757812,749.5851440429688,83.86988067626953,156.0411376953125,60.33795166015625
2021-11-11,,4732.88427734375,718.1431884765625,137.24923706054688,742.8799438476562,83.56016540527344,153.6773681640625,59.40605163574219
2021-11-12,,4745.3212890625,703.692626953125,135.28590393066406,726.9174194335938,83.0888900756836,151.84255981445312,57.88372802734375
2021-11-15,,4745.3212890625,707.5774536132812,132.8090057373047,717.99365234375,84.09879302978516,150.5615234375,57.92641067504883
2021-11-16,,4745.3212890625,712.6820678710938,134.08474731445312,747.5430908203125,84.79900360107422,153.7517547607422,60.29528045654297
2021-11-17,,4745.3212890625,701.572021484375,133.8776397705078,723.903564453125,83.93047332763672,150.6276397705078,59.740394592285156
2021-11-18,,4745.3212890625,712.588134765625,134.59005737304688,740.3472290039062,83.33798217773438,149.92510986328125,59.65504455566406
2021-11-19,,4745.3212890625,715.5814819335938,135.64215087890625,754.267822265625,84.73838806152344,149.6193084716797,59.96803665161133
2021-11-22,,4745.3212890625,713.1324462890625,134.2007293701172,719.8490600585938,83.94393157958984,147.801025390625,59.71904754638672
2021-11-23,,4628.77734375,715.1968383789062,130.92855834960938,706.5272827148438,82.99462127685547,143.41238403320312,58.33901596069336
2021-11-24,,4628.77734375,708.440673828125,130.00071716308594,679.304443359375,80.89398956298828,138.26333618164062,58.45993423461914
2021-11-25,,4663.7353515625,687.8065795898438,128.2196807861328,668.64306640625,79.1300048828125,135.61859130859375,58.04736328125
2021-11-26,,4579.0947265625,692.1228637695312,129.0563507080078,680.6298217773438,80.40924835205078,136.37069702148438,57.17948532104492
2021-11-29,,4578.83544921875,692.4888305664062,132.17115783691406,712.4961547851562,84.26710510253906,145.84226989746094,58.616451263427734
2021-11-30,,4487.39306640625,702.9608154296875,130.85398864746094,700.0086669921875,83.04847717285156,148.3547821044922,60.416194915771484
2021-12-01,,4596.751953125,701.2061157226562,130.33212280273438,715.9124145507812,83.93721008300781,149.00770568847656,59.633689880371094
2021-12-02,,4453.9423828125,671.301025390625,128.04571533203125,662.22265625,80.46984100341797,142.72637939453125,56.617496490478516
2021-12-03,,4453.9423828125,662.2741088867188,127.20902252197266,636.0894775390625,82.94750213623047,144.80087280273438,56.73843765258789
2021-12-06,,4350.294921875,665.3707275390625,126.148681640625,639.6334838867188,81.74906158447266,146.22244262695312,57.65610122680664
2021-12-07,,4487.24267578125,669.527587890625,126.88594818115234,651.4533081054688,82.51658630371094,147.22250366210938,60.10318374633789
2021-12-08,,4370.69091796875,656.8411254882812,125.36998748779297,638.4161987304688,82.40885925292969,146.3877410888672,60.67940902709961
2021-12-09,,4412.31640625,647.4577026367188,121.84099578857422,619.3906860351562,81.1700439453125,147.25555419921875,61.6682014465332
2021-12-10,,4736.98876953125,647.4577026367188,123.9202651977539,622.5517578125,80.51021575927734,146.49517822265625,61.32674026489258
2021-12-13,,4459.1455078125,649.0528564453125,122.05638885498047,620.03857421875,80.31498718261719,144.30499267578125,59.79730987548828
2021-12-14,,4528.869140625,653.7727661132812,122.71908569335938,628.697265625,80.38231658935547,145.39596557617188,59.242431640625
2021-12-15,,4562.16796875,672.0704956054688,125.90843963623047,673.30615234375,80.08606719970703,153.55340576171875,60.82878494262695
2021-12-16,,4562.16796875,658.1641845703125,123.5557861328125,652.4055786132812,77.86426544189453,148.8010711669922,59.66925811767578
2021-12-17,,4537.19384765625,661.9082641601562,124.18538665771484,662.2423095703125,79.473388671875,149.47055053710938,60.32371520996094
2021-12-20,,4537.19384765625,669.0396118164062,124.06940460205078,681.0519409179688,79.81002044677734,150.90863037109375,60.70785140991211
2021-12-21,,4486.4111328125,669.90283203125,124.5830078125,678.4503784179688,79.23776245117188,148.08204650878906,60.1458740234375
2021-12-22,,4649.58251953125,672.0892944335938,124.458740234375,671.961181640625,79.43972778320312,147.24729919433594,61.66108703613281
2021-12-23,,4649.58251953125,674.622802734375,125.9167251586914,671.15625,79.0020980834961,147.3712615966797,61.67531204223633
2021-12-24,,4720.34619140625,705.306640625,127.01851654052734,665.943359375,78.6385269165039,146.7761993408203,61.39076232910156
2021-12-27,,4495.5673828125,694.3749389648438,123.729736328125,664.1468505859375,78.2076416015625,146.97454833984375,60.83591079711914
2021-12-28,,4578.81982421875,689.9646606445312,123.68832397460938,665.9630126953125,78.09990692138672,147.13986206054688,61.03508758544922
2021-12-29,,4537.19384765625,691.982177734375,122.87650299072266,668.3976440429688,77.4266357421875,151.0904541015625,61.0777587890625
2021-12-30,,4514.30712890625,682.307861328125,125.51081085205078,665.8746337890625,77.32564544677734,149.3135223388672,60.42330551147461
2021-12-31,,4766.54248046875,673.2715454101562,126.43862915039062,666.8563842773438,78.51734161376953,150.33009338378906,61.31962203979492
2022-01-03,,4766.54248046875,678.7608642578125,126.03269958496094,676.4869995117188,78.79338836669922,150.94171142578125,61.789119720458984
2022-01-04,,4766.54248046875,699.6671752929688,128.3770751953125,688.4441528320312,79.46665954589844,151.627685546875,62.543190002441406
2022-01-05,,4588.85107421875,704.2369384765625,127.98770904541016,681.1009521484375,79.18387603759766,155.36341857910156,62.57875442504883
2022-01-06,,4620.44482421875,699.3856811523438,126.3475112915039,675.6918334960938,78.57119750976562,151.79296875,61.9029541015625
2022-01-07,,4620.44482421875,694.3280029296875,126.81139373779297,675.9960327148438,79.63497161865234,152.02439880371094,62.2657470703125
2022-01-10,,4620.44482421875,704.8843994140625,127.01851654052734,683.9086303710938,81.0421142578125,154.68569946289062,62.564517974853516
2022-01-11,,4736.99658203125,705.8414306640625,126.0906982421875,677.4097290039062,82.2540054321289,153.83441162109375,62.09502410888672
2022-01-12,,4587.19482421875,706.2825927734375,126.60429382324219,672.7269897460938,81.86351776123047,154.93365478515625,62.93443298339844
2022-01-13,,4495.5673828125,694.3749389648438,126.69542694091797,667.5043334960938,81.80292510986328,153.4542236328125,62.792144775390625
2022-01-14,,4599.0068359375,699.620361328125,126.35578918457031,662.5761108398438,82.90035247802734,154.01625061035156,63.09803771972656
2022-01-17,,4503.89306640625,695.913818359375,125.9167251586914,670.1744995117188,82.24053955078125,153.74349975585938,62.88462829589844
2022-01-18,,4578.81982421875,693.9808349609375,125.87530517578125,662.252197265625,82.14629364013672,153.8674774169922,63.176273345947266
2022-01-19,,4578.81982421875,685.7703247070312,122.98419952392578,648.0859985351562,81.85005187988281,148.5531463623047,62.66409683227539
2022-01-20,,4495.5673828125,686.8494262695312,121.8575668334961,652.111083984375,82.16650390625,150.00778198242188,62.84193420410156
2022-01-21,,4537.19384765625,684.9915161132812,124.11910247802734,655.4881591796875,82.22709655761719,150.6276397705078,62.46492385864258
2022-01-24,,4537.19384765625,679.3519897460938,123.01731872558594,653.053466796875,81.76253509521484,152.98313903808594,62.592979431152344
2022-01-25,,4537.19384765625,679.3614501953125,123.4397964477539,672.4030151367188,81.85678100585938,154.15675354003906,62.2657470703125
2022-01-26,,4537.19384765625,677.175048828125,122.82678985595703,676.7617797851562,81.47303009033203,153.8592071533203,61.8317985534668
2022-01-27,,4537.19384765625,672.7930297851562,122.97592163085938,682.475341796875,81.47303009033203,154.14846801757812,61.853153228759766
2022-01-28,,4662.0703125,673.2621459960938,124.20194244384766,668.3387451171875,81.15658569335938,153.33851623535156,61.362308502197266
2022-01-31,,4662.0703125,675.5892944335938,124.18538665771484,670.6261596679688,81.59420013427734,155.25596618652344,61.91718292236328
2022-02-01,,4752.2568359375,670.0248413085938,124.7735366821289,671.8630981445312,81.92411804199219,155.71054077148438,62.69256591796875
2022-02-02,,4752.2568359375,675.5986328125,125.1214599609375,680.5217895507812,83.96412658691406,158.72723388671875,63.7382698059082
2022-02-03,,4752.2568359375,674.5758666992188,125.51081085205078,672.8546752929688,83.18312072753906,157.34698486328125,62.84193420410156
2022-02-04,,4703.69580078125,671.8546142578125,124.67412567138672,676.1334838867188,83.41204833984375,161.35543823242188,63.67423629760742
2022-02-07,,4703.69580078125,670.916259765625,125.82560729980469,670.783203125,83.43224334716797,160.64466857910156,65.11119842529297
2022-02-08,,4703.69580078125,691.2595825195312,125.32025909423828,671.9219360351562,83.20333099365234,160.22315979003906,64.89779663085938
2022-02-09,,4703.69580078125,693.8682250976562,126.16526794433594,675.5248413085938,83.63423156738281,161.54556274414062,65.2107925415039
2022-02-10,,4578.828125,685.92041015625,125.5853500366211,670.8912353515625,82.36172485351562,162.69436645507812,64.65592956542969
2022-02-11,,4662.154296875,679.1925048828125,125.17945098876953,679.2946166992188,82.96768188476562,155.15679931640625,64.00147247314453
2022-02-14,,4662.154296875,676.9498291015625,124.17707824707031,669.8604125976562,82.54352569580078,151.47891235351562,63.709808349609375
2022-02-15,,4662.154296875,675.2233276367188,124.25992584228516,668.4368896484375,82.15302276611328,151.99131774902344,63.31145095825195
2022-02-16,,4745.3212890625,668.3170776367188,124.2102279663086,664.5100708007812,81.73560333251953,151.05740356445312,63.190513610839844
2022-02-17,,4703.69580078125,666.6563110351562,123.5557861328125,663.1651000976562,82.06549835205078,149.19781494140625,63.09092712402344
2022-02-18,,4786.115234375,670.2782592773438,124.32620239257812,669.2124633789062,82.09243774414062,151.46237182617188,64.13662719726562
2022-02-21,,4787.779296875,673.7313232421875,124.2102279663086,660.8777465820312,81.96451568603516,151.3632049560547,64.1579818725586
2022-02-22,,4782.70166015625,675.8425903320312,123.58061218261719,649.7255249023438,81.66152954101562,149.62757873535156,63.48927688598633
2022-02-23,,4662.0703125,672.3237915039062,124.0942611694336,653.19091796875,81.74232482910156,148.7680206298828,63.2260856628418
2022-02-24,,4495.5673828125,655.9027709960938,119.16529083251953,623.5629272460938,78.39616394042969,143.5776824951172,62.02388381958008
2022-02-25,,4495.5673828125,647.4765014648438,118.55225372314453,621.9235229492188,78.31536102294922,145.8670654296875,61.24848937988281
2022-02-28,,4495.5673828125,655.9027709960938,119.24811553955078,637.1105346679688,78.21436309814453,149.8176727294922,62.457801818847656
2022-03-01,,4578.81982421875,656.831787109375,119.28125762939453,629.8948974609375,78.30189514160156,149.7928924560547,65.17522430419922
2022-03-02,,4782.78466796875,653.9323120117188,117.54988098144531,613.4414672851562,77.73633575439453,147.05718994140625,66.14979553222656
2022-03-03,,4612.1201171875,642.0621948242188,115.91793823242188,605.4012451171875,77.53436279296875,144.84222412109375,67.5654067993164
2022-03-04,,4612.1201171875,654.2607421875,116.6883544921875,607.9439086914062,78.28169250488281,143.03219604492188,67.43024444580078
2022-03-07,,4612.1201171875,642.2968139648438,122.57827758789062,564.6701049804688,76.08008575439453,136.29632568359375,66.01319122314453
2022-03-08,,4495.5673828125,655.1145629882812,124.33448028564453,551.5249633789062,75.6290054321289,132.58535766601562,64.9013442993164
2022-03-09,,4470.5927734375,655.1145629882812,125.86701965332031,542.4932250976562,75.60206604003906,131.82501220703125,64.9013442993164
2022-03-10,,4537.19384765625,655.1239624023438,127.55695343017578,579.533203125,76.7802963256836,135.18881225585938,65.18475341796875
2022-03-11,,4537.19384765625,655.1145629882812,127.73092651367188,564.5621948242188,76.84087371826172,133.63502502441406,64.6688003540039
2022-03-14,,4537.19384765625,655.1145629882812,127.97115325927734,560.0462646484375,76.70623779296875,132.3539581298828,63.62235641479492
2022-03-15,,4537.19384765625,656.8411254882812,132.33682250976562,572.8182983398438,77.44009399414062,134.93260192871094,62.888389587402344
2022-03-16,,4552.80322265625,656.8411254882812,138.58294677734375,575.9401245117188,76.68601989746094,136.32110595703125,62.99740219116211
2022-03-17,,4662.0703125,656.8411254882812,136.36285400390625,573.8883666992188,76.88800048828125,135.0070037841797,62.40876388549805
2022-03-18,,4695.37060546875,637.8865356445312,131.04454040527344,557.2483520507812,74.49114227294922,129.0975799560547,59.94526672363281
2022-03-21,,4695.37060546875,651.7553100585938,130.3817901611328,567.0164184570312,76.01686096191406,130.2464141845703,60.62836837768555
2022-03-22,,4591.80615234375,656.634765625,130.8788604736328,561.5286254882812,75.63199615478516,129.5604248046875,60.279537200927734
2022-03-23,,4591.80615234375,656.634765625,130.8788604736328,561.5286254882812,75.63199615478516,129.5604248046875,60.279537200927734
2022-03-24,,4578.81982421875,654.8893432617188,129.3877410888672,574.3792114257812,76.9583969116211,130.18028259277344,60.51209259033203
2022-03-25,,4578.81982421875,655.8933715820312,128.94866943359375,586.7388916015625,78.00988006591797,129.46951293945312,60.03974151611328
2022-03-28,,4578.81982421875,655.8933715820312,127.4575424194336,606.4124755859375,78.14045715332031,131.69276428222656,61.093448638916016
2022-03-29,,4654.9921875,655.8558959960938,128.38534545898438,618.3696899414062,77.84493255615234,137.1641387939453,61.52220916748047
2022-03-30,,4654.9921875,652.1494140625,128.0540008544922,620.13671875,78.09234619140625,134.8003692626953,60.37400817871094
2022-03-31,,4927.29150390625,654.9550170898438,129.3628692626953,624.7114868164062,77.59752655029297,137.75091552734375,60.41034698486328
2022-04-01,,4986.791015625,656.64404296875,129.26345825195312,631.8681640625,78.28478240966797,137.56910705566406,60.35221481323242
2022-04-04,,4986.791015625,656.64404296875,128.03741455078125,586.974609375,75.15779876708984,129.22157287597656,58.73895263671875
2022-04-05,,4986.791015625,656.747314453125,129.23033142089844,575.3216552734375,75.29524230957031,129.44471740722656,58.57907485961914
2022-04-06,,4654.9921875,643.704345703125,128.43504333496094,573.7411499023438,75.46018981933594,129.93234252929688,57.859642028808594
2022-04-07,,4654.9921875,643.704345703125,125.94158172607422,566.2800903320312,74.93099212646484,130.54393005371094,57.57623291015625
2022-04-08,,4654.9921875,643.704345703125,125.39482116699219,581.015625,76.65599822998047,133.54409790039062,58.29566192626953
2022-04-11,,4647.32421875,656.6535034179688,129.15579223632812,614.7667846679688,79.52869415283203,141.1973876953125,60.55568313598633
2022-04-12,,4701.54150390625,656.8411254882812,128.4019012451172,612.96044921875,79.96853637695312,139.44522094726562,60.25774383544922
2022-04-13,,4608.44189453125,655.9027709960938,128.327392578125,600.5515747070312,79.79674530029297,139.63531494140625,59.9379997253418
2022-04-14,,4697.3017578125,655.0020141601562,128.4019012451172,600.9148559570312,79.7554931640625,139.99072265625,59.61098098754883
2022-04-15,,4722.69287109375,667.8018188476562,128.34393310546875,598.4605712890625,79.8929443359375,141.37094116210938,59.50924301147461
2022-04-18,,4722.69287109375,670.7191772460938,127.57353210449219,591.1959228515625,79.411865234375,141.55276489257812,63.84762191772461
2022-04-19,,4725.0703125,661.6578979492188,129.10609436035156,585.8455810546875,78.99952697753906,140.0155029296875,62.525054931640625
2022-04-20,,4739.6279296875,657.8614501953125,127.63153076171875,579.7197265625,76.32611846923828,137.99063110351562,61.34052658081055
2022-04-21,,4655.837890625,657.8614501953125,127.6646499633789,576.0775756835938,76.50481414794922,136.77566528320312,61.362327575683594
2022-04-22,,4754.97265625,648.201171875,127.57353210449219,573.898193359375,78.07600402832031,138.15589904785156,62.08901596069336
2022-04-25,,4824.263671875,651.96875,127.46583557128906,575.302001953125,78.77742004394531,141.28004455566406,62.65584945678711
2022-04-26,,4951.2099609375,651.0993041992188,126.42203521728516,567.5072631835938,78.4126968383789,138.8336181640625,61.79105758666992
2022-04-27,,4908.9091796875,647.6891479492188,127.72261810302734,560.6744995117188,78.54869079589844,138.61048889160156,61.84922790527344
2022-04-28,,4972.3779296875,666.9130249023438,127.15933990478516,556.404052734375,77.91875457763672,140.16427612304688,61.44952392578125
2022-04-29,,4972.3779296875,666.9130249023438,127.15933990478516,556.404052734375,77.91875457763672,140.16427612304688,61.44952392578125
2022-05-02,,4972.3779296875,666.9130249023438,127.15933990478516,556.404052734375,77.91875457763672,140.16427612304688,61.44952392578125
2022-05-03,,4972.3779296875,666.9130249023438,127.15933990478516,556.404052734375,77.91875457763672,140.16427612304688,61.44952392578125
2022-05-04,,4972.3779296875,666.9130249023438,127.15933990478516,556.404052734375,77.91875457763672,140.16427612304688,61.44952392578125
2022-05-05,,4972.3779296875,666.9130249023438,127.15933990478516,556.404052734375,77.91875457763672,140.16427612304688,61.44952392578125
2022-05-06,,4908.900390625,661.7255249023438,128.13682556152344,550.1702270507812,76.61592864990234,140.20559692382812,60.344947814941406
2022-05-09,,4829.55419921875,645.8441162109375,124.24336242675781,509.3900146484375,73.673828125,133.17218017578125,58.01951217651367
2022-05-10,,4908.9091796875,649.3604125976562,124.25992584228516,506.3368835449219,73.12981414794922,134.72596740722656,57.932308197021484
2022-05-11,,4866.58203125,622.7658081054688,120.6480941772461,500.02447509765625,73.20854949951172,131.91592407226562,58.086856842041016
2022-05-12,,4753.0341796875,635.6331787109375,124.18538665771484,505.12933349609375,73.01526641845703,134.6598663330078,57.65266036987305
2022-05-13,,4899.59033203125,641.7095336914062,122.79365539550781,513.7586059570312,73.56646728515625,135.7012481689453,59.96348190307617
2022-05-16,,4823.7900390625,614.390380859375,120.46583557128906,492.985595703125,72.25647735595703,131.13075256347656,58.35177230834961
2022-05-17,,4825.10986328125,624.3597412109375,119.70372772216797,486.69287109375,72.80767059326172,132.12254333496094,58.21197509765625
2022-05-18,,4900.43701171875,618.8727416992188,120.05165100097656,496.3626403808594,73.13697052001953,133.32095336914062,57.95439910888672
2022-05-19,,4908.89208984375,619.1046142578125,120.03508758544922,492.69110107421875,72.60725402832031,132.75067138671875,57.807220458984375
2022-05-20,,4891.97314453125,619.626220703125,121.61731719970703,493.5942687988281,73.07969665527344,133.48623657226562,58.020626068115234
2022-05-23,,4891.96484375,619.945068359375,120.0765151977539,470.4847717285156,73.05821990966797,130.8166961669922,56.695945739746094
2022-05-24,,4891.97314453125,614.6705322265625,120.06822967529297,459.50927734375,73.25149536132812,129.90753173828125,56.62972640991211
2022-05-25,,4891.888671875,618.9307250976562,120.4906997680664,461.12908935546875,73.45194244384766,130.01499938964844,55.31976318359375
2022-05-26,,4887.7412109375,620.1865234375,120.93806457519531,472.7034606933594,74.02460479736328,132.71762084960938,55.33448028564453
2022-05-27,,4887.7412109375,616.3900756835938,120.13450622558594,476.964111328125,74.2393569946289,133.52757263183594,56.68123245239258
2022-05-30,,4886.39599609375,618.2545166015625,120.6563720703125,479.70306396484375,74.04608154296875,135.3376007080078,58.881656646728516
2022-05-31,,4832.72802734375,618.2545166015625,119.45518493652344,463.6029968261719,74.01744842529297,136.10621643066406,59.66910171508789
2022-06-01,,4891.97314453125,648.2591552734375,119.28953552246094,455.7198791503906,73.02958679199219,133.77552795410156,58.6093635559082
2022-06-02,,4803.10498046875,652.1039428710938,119.82797241210938,443.7430114746094,71.32589721679688,133.75897216796875,57.33622360229492
2022-06-03,,4790.4091796875,634.55126953125,118.05520629882812,428.19268798828125,69.23564147949219,128.62649536132812,56.489891052246094
2022-06-06,,4790.4091796875,628.3397827148438,118.70966339111328,436.7728576660156,70.2879409790039,131.3208465576172,57.36564636230469
2022-06-07,,4781.96337890625,627.9146728515625,118.38658905029297,440.0713806152344,69.49335479736328,131.1224822998047,57.71154022216797
2022-06-08,,4908.900390625,625.4803466796875,119.16529083251953,456.5444641113281,68.64152526855469,132.0150909423828,57.6894645690918
2022-06-09,,4887.826171875,626.2724609375,119.27296447753906,456.2794189453125,68.25495910644531,133.60194396972656,58.131019592285156
2022-06-10,,4887.826171875,646.9646606445312,119.48004150390625,458.6355285644531,68.16905975341797,135.1640167236328,59.33057403564453
2022-06-13,,4887.826171875,636.2708740234375,119.6540298461914,442.7710876464844,64.7402114868164,132.82505798339844,57.03448486328125
2022-06-14,,4887.826171875,645.940673828125,119.1487045288086,440.002685546875,66.9163589477539,134.2383575439453,57.910247802734375
2022-06-15,,4887.826171875,637.6522216796875,119.28953552246094,445.3824157714844,68.2048568725586,135.4202423095703,58.955265045166016
2022-06-16,,4976.60986328125,635.0343017578125,119.49662017822266,449.9670104980469,67.99010467529297,139.5526885986328,59.9413948059082
2022-06-17,,4976.60986328125,635.4207763671875,120.03508758544922,455.30755615234375,68.5269775390625,142.91647338867188,60.72883224487305
2022-06-20,,4976.60986328125,633.730224609375,119.47178649902344,444.9112548828125,68.29074096679688,141.59410095214844,60.11801528930664
2022-06-21,,4976.60986328125,639.3427734375,119.97711944580078,456.25982666015625,69.40745544433594,142.9247589111328,61.14095687866211
2022-06-22,,4993.6044921875,638.8694458007812,120.05165100097656,451.2923889160156,69.2428207397461,142.00735473632812,61.06001663208008
2022-06-23,,4993.6044921875,627.798828125,121.45164489746094,453.4521179199219,68.22632598876953,144.57772827148438,61.0673713684082
2022-06-24,,4824.263671875,615.462646484375,118.75933837890625,428.19268798828125,66.47969818115234,138.88320922851562,58.43273162841797
2022-06-27,,4824.263671875,642.2117919921875,120.10136413574219,438.90313720703125,68.17620086669922,143.66859436035156,58.12364959716797
2022-06-28,,5069.7099609375,641.777099609375,119.62916564941406,452.0482482910156,67.98294830322266,141.36268615722656,57.733612060546875
2022-06-29,,4908.900390625,632.5130004882812,119.19013977050781,449.1424255371094,64.48250579833984,141.65196228027344,57.085994720458984
2022-06-30,,4908.900390625,632.3970947265625,119.93567657470703,450.6444396972656,65.38447570800781,142.0238800048828,57.89551544189453
2022-07-01,,4908.900390625,643.37109375,119.35581970214844,444.4105529785156,65.24130249023438,142.50323486328125,57.43925476074219
2022-07-04,,4908.900390625,637.574951171875,119.14044189453125,432.26678466796875,65.94281768798828,140.80067443847656,57.10807800292969
2022-07-05,,4790.4091796875,637.574951171875,118.82562255859375,427.3484191894531,64.90484619140625,139.99072265625,56.695945739746094
2022-07-06,,4790.4091796875,637.574951171875,119.72857666015625,429.12530517578125,65.64217376708984,139.96591186523438,56.94615936279297
2022-07-07,,4951.21923828125,639.5745849609375,119.58775329589844,427.4367980957031,65.72807312011719,142.44540405273438,59.21282958984375
2022-07-08,,4951.21923828125,639.5745849609375,119.58775329589844,427.4367980957031,65.72807312011719,142.44540405273438,59.21282958984375
2022-07-11,,4951.21923828125,639.5745849609375,119.58775329589844,427.4367980957031,65.72807312011719,142.44540405273438,59.21282958984375
2022-07-12,,4951.21923828125,639.5745849609375,119.58775329589844,427.4367980957031,65.72807312011719,142.44540405273438,59.21282958984375
2022-07-13,,4951.21923828125,630.8321533203125,120.90491485595703,436.6943054199219,66.61570739746094,145.13975524902344,61.54571533203125
2022-07-14,,5078.1728515625,620.572998046875,121.5593490600586,448.0919494628906,67.13826751708984,147.131591796875,61.876895904541016
2022-07-15,,5029.50634765625,612.2941284179688,121.31083679199219,443.0263671875,66.4725341796875,150.6441650390625,60.86867141723633
2022-07-18,,5029.50634765625,622.8527221679688,120.00196838378906,428.14361572265625,65.09095764160156,146.97454833984375,59.5587158203125
2022-07-19,,5061.24560546875,626.4656982421875,118.54397583007812,419.87762451171875,63.40875244140625,141.98255920410156,57.63794708251953
2022-07-20,,5061.24560546875,620.1865234375,118.15464782714844,420.31939697265625,63.229801177978516,143.74298095703125,58.99205780029297
2022-07-21,,4995.2294921875,611.36669921875,116.83745574951172,415.4599304199219,61.9412841796875,140.32957458496094,57.969112396240234
2022-07-22,,4995.2294921875,605.3677368164062,118.03865051269531,411.2974548339844,60.58836364746094,140.44528198242188,58.9478874206543
2022-07-25,,4995.2294921875,598.0066528320312,116.80432891845703,407.2037353515625,59.82242965698242,139.6683807373047,58.45480728149414
2022-07-26,,5076.58984375,600.09326171875,116.79603576660156,406.8306579589844,60.07296371459961,142.23049926757812,58.881656646728516
2022-07-27,,4985.07275390625,599.9000244140625,116.80432891845703,408.07745361328125,60.445213317871094,141.4783935546875,58.99940872192383
2022-07-28,,4985.07275390625,601.7161865234375,117.4587631225586,408.6272277832031,61.884029388427734,143.50331115722656,59.61023712158203
2022-07-29,,4985.07275390625,604.0733032226562,118.33687591552734,404.39605712890625,61.7408561706543,142.519775390625,59.183387756347656
2022-08-01,,5323.6181640625,597.697509765625,119.25640869140625,406.2318115234375,61.54042434692383,142.8173065185547,59.242279052734375
2022-08-02,,5073.5166015625,599.9097290039062,118.90019226074219,409.4911193847656,60.88186264038086,142.18917846679688,58.97732925415039
2022-08-03,,5222.05419921875,603.76416015625,120.5404052734375,433.4742736816406,61.92697525024414,145.98277282714844,59.97820281982422
2022-08-04,,5205.0419921875,601.812744140625,122.03982543945312,443.90008544921875,63.01968765258789,149.37135314941406,60.485992431640625
2022-08-05,,5370.09619140625,601.8224487304688,123.9285659790039,457.6243591308594,64.60045623779297,154.6443634033203,60.85395431518555
2022-08-08,,5370.09619140625,601.8224487304688,123.9285659790039,457.6243591308594,64.60045623779297,154.6443634033203,60.85395431518555
2022-08-09,,5370.09619140625,601.8224487304688,123.9285659790039,457.6243591308594,64.60045623779297,154.6443634033203,60.85395431518555
2022-08-10,,5257.22412109375,597.9293823242188,131.17709350585938,453.0495910644531,66.50175476074219,155.39646911621094,62.362606048583984
2022-08-11,,5296.29443359375,599.8904418945312,128.791259765625,455.9947509765625,64.17066192626953,156.44610595703125,62.20804214477539
2022-08-12,,5122.64599609375,601.0785522460938,130.17471313476562,454.8265075683594,66.23949432373047,159.36361694335938,64.36434173583984
2022-08-15,,5339.70654296875,601.7355346679688,134.05160522460938,465.3013610839844,69.45932006835938,159.33056640625,64.33489227294922
2022-08-16,,5339.70654296875,599.0306396484375,133.90249633789062,471.05413818359375,70.6248779296875,156.89242553710938,63.922767639160156
2022-08-17,,5209.470703125,598.5089721679688,133.3391876220703,489.1765441894531,70.23150634765625,156.8841552734375,63.38554763793945
2022-08-18,,5209.470703125,595.0699462890625,132.46937561035156,491.5228271484375,70.37718963623047,156.29733276367188,62.70848846435547
2022-08-19,,5209.470703125,597.7747802734375,132.25399780273438,483.8753356933594,70.2023696899414,154.92538452148438,62.38468551635742
2022-08-22,,5170.3994140625,598.9630737304688,131.26820373535156,481.5879211425781,69.00767517089844,153.04098510742188,61.118892669677734
2022-08-23,,5380.513671875,600.8660888671875,130.99481201171875,508.59478759765625,68.89112091064453,154.34683227539062,62.34053421020508
2022-08-24,,5270.24755859375,598.8084716796875,131.00308227539062,500.2600402832031,68.48319244384766,153.652587890625,62.009368896484375
2022-08-25,,5270.24755859375,600.18017578125,130.6385955810547,511.2846984863281,69.41561889648438,151.81777954101562,61.86217498779297
2022-08-26,,5296.29443359375,600.4120483398438,129.14747619628906,509.2917785644531,68.31563568115234,142.77598571777344,60.912811279296875
2022-08-29,,5027.15625,580.49267578125,128.12855529785156,502.2136535644531,67.33948516845703,141.56105041503906,60.213687896728516
2022-08-30,,5035.8125,578.0389404296875,126.62913513183594,500.5644226074219,66.21763610839844,139.93287658691406,59.838375091552734
2022-08-31,,5035.8125,579.6135864257812,129.18064880371094,507.2694396972656,66.0428237915039,140.75933837890625,60.49333953857422
2022-09-01,,4974.17578125,573.5276489257812,131.9060516357422,513.7979125976562,65.74415588378906,140.6849822998047,60.206329345703125
2022-09-02,,5005.42529296875,577.2371215820312,133.6871337890625,511.21600341796875,65.46733856201172,139.28819274902344,59.77949523925781
2022-09-05,,5005.42529296875,578.3287353515625,132.79244995117188,507.65234375,64.4693374633789,136.7426300048828,58.9405403137207
2022-09-06,,5005.42529296875,577.8167724609375,132.0883026123047,502.9107360839844,64.43290710449219,140.6932373046875,59.109806060791016
2022-09-07,,5001.091796875,579.7488403320312,132.5107879638672,498.91510009765625,64.09053039550781,142.32968139648438,58.756561279296875
2022-09-08,,5001.091796875,583.26611328125,132.60191345214844,505.1588439941406,63.77729034423828,141.23045349121094,58.99940872192383
2022-09-09,,5001.091796875,585.5152587890625,122.66111755371094,505.12933349609375,63.76272201538086,140.39569091796875,58.6093635559082
2022-09-12,,5001.091796875,580.8486328125,117.26822662353516,502.9107360839844,63.478607177734375,139.93287658691406,58.16780090332031
2022-09-13,,5001.091796875,581.5917358398438,118.47770690917969,504.0102233886719,64.09780883789062,139.7758331298828,57.85871887207031
2022-09-14,,4948.9970703125,580.0361938476562,115.04812622070312,503.4309997558594,63.2017936706543,139.9989776611328,58.40330505371094
2022-09-15,,4914.26708984375,580.491943359375,115.44577026367188,501.6246643066406,61.59916687011719,139.3625946044922,57.54963302612305
2022-09-16,,4914.26708984375,577.3908081054688,113.23391723632812,498.8758544921875,60.572025299072266,138.92453002929688,57.69681167602539
2022-09-19,,4914.26708984375,581.5718994140625,112.41381072998047,492.80889892578125,59.654170989990234,136.9657745361328,57.38772964477539
2022-09-20,,4905.58447265625,579.8082885742188,109.9286117553711,483.767333984375,59.763450622558594,136.17233276367188,55.83491516113281
2022-09-21,,4905.58447265625,582.532958984375,108.28836822509766,474.58831787109375,59.66873550415039,134.1226348876953,53.35483932495117
2022-09-22,,4905.58447265625,571.6045532226562,104.8091049194336,479.300537109375,59.595890045166016,133.5358428955078,54.28211212158203
2022-09-23,,4953.33837890625,571.5253295898438,104.5274429321289,470.8774719238281,58.96211242675781,132.3787384033203,53.96566390991211
2022-09-26,,4862.1728515625,575.528076171875,109.042236328125,477.0426025390625,59.0422477722168,135.61859130859375,54.223228454589844
2022-09-27,,4948.9970703125,579.6002197265625,112.48835754394531,484.5134582519531,59.04953384399414,137.1641387939453,56.357425689697266
2022-09-28,,4948.9970703125,579.610107421875,111.85050964355469,486.9185791015625,59.34821319580078,137.1889190673828,56.23967742919922
2022-09-29,,4948.9970703125,580.06591796875,112.9108657836914,493.79058837890625,54.89727020263672,135.92440795898438,55.78339767456055
2022-09-30,,4948.9970703125,577.5492553710938,112.95228576660156,487.4781799316406,50.78143310546875,134.24661254882812,55.72453689575195
2022-10-03,,4948.9970703125,571.2578125,112.96056365966797,485.1908264160156,49.674163818359375,136.85008239746094,55.297691345214844
2022-10-04,,4948.9970703125,564.134033203125,113.43274688720703,496.67681884765625,50.53376007080078,135.4615478515625,55.00331497192383
2022-10-05,,4948.9970703125,570.1481323242188,112.25640869140625,507.30877685546875,50.70857620239258,136.24671936035156,54.89293670654297
2022-10-06,,4992.4091796875,575.121826171875,112.10730743408203,503.6567687988281,51.815853118896484,137.6186981201172,56.099853515625
2022-10-07,,4992.4091796875,577.3511352539062,111.83393859863281,502.4983215332031,52.1436767578125,138.6848602294922,55.540550231933594
2022-10-10,,5079.23388671875,574.6561889648438,111.40316772460938,505.1784362792969,52.09995651245117,137.8170623779297,56.195533752441406
2022-10-11,,5018.45654296875,582.0474853515625,110.25169372558594,504.0494689941406,52.09995651245117,136.97401428222656,56.61500549316406
2022-10-12,,5192.10546875,582.0474853515625,109.97624969482422,504.1083679199219,52.187374114990234,137.4451446533203,56.423667907714844
2022-10-13,,5192.10546875,582.0474853515625,109.89017486572266,503.1954040527344,52.107242584228516,139.1559600830078,56.32063293457031
2022-10-14,,5209.470703125,580.5810546875,109.89017486572266,503.03826904296875,52.1218147277832,139.0154571533203,56.22932815551758
2022-10-17,,5209.470703125,587.6057739257812,108.71098327636719,501.084716796875,52.09267044067383,138.07521057128906,55.06534194946289
2022-10-18,,5079.23388671875,588.5272216796875,109.43399810791016,500.3680725097656,52.1218147277832,136.82740783691406,54.78384780883789
2022-10-19,,5209.470703125,588.0317993164062,110.26029968261719,504.3243408203125,52.107242584228516,137.28436279296875,55.46856689453125
2022-10-20,,5209.470703125,579.610107421875,107.69529724121094,502.71435546875,52.078102111816406,136.47592163085938,54.99687194824219
2022-10-21,,5209.470703125,574.6561889648438,105.85333251953125,503.5193786621094,52.078102111816406,134.89419555664062,55.50658416748047
2022-10-24,,5215.98193359375,575.7163696289062,105.94801330566406,501.68353271484375,52.08538818359375,134.63059997558594,55.69679260253906
2022-10-25,,5218.1533203125,575.2705078125,104.5966567993164,498.7187805175781,51.78672409057617,135.0611572265625,55.70439910888672
2022-10-26,,5218.1533203125,564.7483520507812,103.0731430053711,488.4795227050781,50.883419036865234,131.87136840820312,54.48714828491211
2022-10-27,,5192.10546875,565.6796875,105.01841735839844,484.06182861328125,50.832427978515625,130.5181121826172,54.266517639160156
2022-10-28,,5192.10546875,564.4609985351562,102.89240264892578,471.8591613769531,50.66487503051758,124.35820770263672,53.58942413330078
2022-10-31,,5020.3564453125,566.86865234375,102.52228546142578,476.4045104980469,50.79600143432617,123.2509994506836,53.30033493041992
2022-11-01,,5108.4326171875,579.0453491210938,103.40023040771484,483.3648376464844,50.97084045410156,127.2580337524414,53.96220779418945
2022-11-02,,5082.009765625,578.6193237304688,104.54500579833984,480.6651306152344,50.4754753112793,130.47418212890625,54.37303161621094
2022-11-03,,4976.31787109375,589.5180053710938,105.09587097167969,480.9497985839844,50.34435272216797,129.9821014404297,54.97404479980469
2022-11-04,,4976.31787109375,546.7655639648438,103.47769165039062,474.3821716308594,50.20287322998047,128.3037109375,54.849300384521484
2022-11-07,,4977.19921875,548.8462524414062,105.30245971679688,474.78466796875,50.37413787841797,129.85028076171875,55.26252365112305
2022-11-08,,4977.19921875,540.701904296875,105.21639251708984,480.40985107421875,50.336910247802734,130.4390411376953,55.87844467163086
2022-11-09,,4977.19921875,540.701904296875,105.21639251708984,480.40985107421875,50.336910247802734,130.4390411376953,55.87844467163086
2022-11-10,,4977.19921875,559.2593994140625,105.66397094726562,481.89227294921875,51.841064453125,132.3458709716797,57.734046936035156
2022-11-11,,5196.50927734375,557.3867797851562,106.6882553100586,481.627197265625,51.74425506591797,136.0541229248047,60.79032897949219
2022-11-14,,5196.50927734375,553.7506103515625,105.8447265625,480.135009765625,52.064449310302734,133.33885192871094,59.4415168762207
2022-11-15,,5196.50927734375,553.7506103515625,105.57789611816406,476.86590576171875,51.9453125,133.4003448486328,59.88592529296875
2022-11-16,,5196.50927734375,556.4158325195312,105.4573745727539,478.0832214355469,51.49852752685547,132.95220947265625,59.29337692260742
2022-11-17,,5068.798828125,551.6204223632812,104.83765411376953,478.8686218261719,50.992183685302734,130.1578369140625,58.529300689697266
2022-11-18,,5068.798828125,550.8773193359375,104.06298828125,479.00604248046875,50.850704193115234,129.542724609375,57.99913787841797
2022-11-21,,5108.4326171875,553.9190673828125,103.27973175048828,476.73828125,50.73155975341797,129.49000549316406,58.10830307006836
2022-11-22,,5108.4326171875,553.3443603515625,103.4088363647461,478.61334228515625,50.835811614990234,128.59368896484375,57.718467712402344
2022-11-23,,5108.4326171875,557.2183837890625,103.72731018066406,478.24029541015625,50.9102783203125,129.44606018066406,57.68727111816406
2022-11-24,,5145.4248046875,559.2098388671875,103.60680389404297,478.2599182128906,50.39647674560547,130.84324645996094,57.710670471191406
2022-11-25,,5078.486328125,564.0944213867188,105.6553726196289,475.3736877441406,50.634761810302734,131.1332244873047,57.90556716918945
2022-11-28,,5152.47119140625,547.161865234375,102.70303344726562,449.780517578125,49.845455169677734,128.3037109375,56.315067291259766
2022-11-29,,5196.50927734375,541.0090942382812,102.93543243408203,458.6944580078125,50.78368377685547,131.1508026123047,56.62693786621094
2022-11-30,,5117.24072265625,536.431640625,103.288330078125,464.1429443359375,49.5848274230957,131.94166564941406,56.57236099243164
2022-12-01,,5073.20263671875,532.3396606445312,103.64984893798828,460.2847900390625,50.575191497802734,133.51458740234375,56.494388580322266
2022-12-02,,5091.69873046875,518.36962890625,101.74761962890625,449.46636962890625,51.08153533935547,131.7219696044922,56.47099685668945
2022-12-05,,5091.69873046875,509.1949157714844,100.7663803100586,434.0044250488281,50.470943450927734,128.83094787597656,55.85506820678711
2022-12-06,,5091.69873046875,496.43359375,100.26715850830078,435.2610168457031,50.58263397216797,128.46188354492188,55.70692825317383
2022-12-07,,5091.69873046875,491.59857177734375,100.18107604980469,445.2940979003906,50.262451171875,129.34939575195312,55.457435607910156
2022-12-08,,5091.69873046875,488.5865783691406,99.91425323486328,443.6644287109375,49.815670013427734,128.84854125976562,55.52760696411133
2022-12-09,,5091.69873046875,485.3367919921875,100.18968200683594,444.8523254394531,48.97423553466797,127.52162170410156,56.065582275390625
2022-12-12,,4976.31787109375,493.39190673828125,99.52691650390625,445.078125,48.82530975341797,125.73780822753906,56.213706970214844
2022-12-13,,4976.31787109375,498.61334228515625,98.87277221679688,444.9897766113281,49.123165130615234,125.33360290527344,55.81608581542969
2022-12-14,,4844.21240234375,498.71240234375,98.58010864257812,445.47076416015625,49.0338134765625,124.79756927490234,56.96218490600586
2022-12-15,,4827.46875,496.2453308105469,95.06829833984375,442.5256652832031,47.909420013427734,123.08404541015625,56.25269317626953
2022-12-16,,4827.46875,492.8271484375,96.54016876220703,442.28021240234375,48.021114349365234,121.94169616699219,56.54116439819336
2022-12-19,,4703.52734375,500.0697937011719,93.96656036376953,433.582275390625,48.22960662841797,121.62535095214844,55.93302917480469
2022-12-20,,4624.01220703125,474.21026611328125,87.85533142089844,414.4290771484375,46.8818359375,112.74136352539062,54.68556594848633
2022-12-21,,4712.0888671875,474.4876708984375,88.42342376708984,423.09765625,46.61376190185547,109.3143081665039,54.39708709716797
2022-12-22,,4624.1005859375,478.0743103027344,88.67304229736328,430.89239501953125,46.866943359375,114.1736831665039,56.330665588378906
2022-12-23,,4284.91796875,472.47637939453125,88.3631820678711,422.0668029785156,46.204219818115234,116.52870178222656,56.899818420410156
2022-12-26,,4606.28271484375,465.6498718261719,90.56666564941406,427.2993469238281,46.67333221435547,121.14203643798828,59.932708740234375
2022-12-27,,4912.68310546875,452.63092041015625,88.05330657958984,426.63177490234375,46.6361083984375,120.7817611694336,58.560489654541016
2022-12-28,,4769.33935546875,451.045654296875,85.8498306274414,423.5884704589844,46.1297607421875,123.54097747802734,58.68524169921875
2022-12-29,,5091.90966796875,458.92242431640625,85.32476806640625,438.78533935546875,44.61814880371094,123.2509994506836,59.61302947998047
2022-12-30,,5170.08642578125,459.04132080078125,85.5485610961914,438.41229248046875,47.45519256591797,126.52867889404297,62.10797119140625
2023-01-02,,5152.47119140625,456.28692626953125,87.36470794677734,431.21636962890625,48.036006927490234,127.38982391357422,62.544586181640625
2023-01-03,,5152.47119140625,446.0521240234375,86.74498748779297,423.5099182128906,47.36583709716797,125.82568359375,62.32626724243164
2023-01-04,,5064.39453125,445.85394287109375,86.6761245727539,424.6977844238281,47.49242401123047,126.11568450927734,61.24253845214844
2023-01-05,,4941.08740234375,440.5928649902344,86.85688781738281,422.86199951171875,48.065792083740234,124.94695281982422,62.193729400634766
2023-01-06,,4756.21533203125,433.9645080566406,86.64170837402344,425.18865966796875,47.686031341552734,127.44255065917969,64.174072265625
2023-01-09,,4932.2802734375,429.4861755371094,85.61742401123047,415.8427429199219,46.15953826904297,128.39158630371094,66.13882446289062
2023-01-10,,4932.36865234375,427.8909912109375,86.43512725830078,428.7326354980469,46.531856536865234,128.0312957763672,65.82696533203125
2023-01-11,,4932.36865234375,408.8678894042969,86.50399017333984,425.8954772949219,47.060543060302734,129.63937377929688,68.27509307861328
2023-01-12,,5152.47119140625,397.2360534667969,86.65030670166016,427.6527404785156,46.837158203125,128.98910522460938,67.6513671875
2023-01-13,,4976.31787109375,393.6692199707031,85.8498306274414,420.34881591796875,46.442501068115234,125.11390686035156,63.96357345581055
2023-01-16,,4755.24609375,385.911376953125,85.61742401123047,412.58349609375,45.99571990966797,121.18597412109375,61.6011848449707
2023-01-17,,4927.8759765625,374.0318298339844,84.7222671508789,384.56549072265625,45.72020721435547,112.1789779663086,57.8120231628418
2023-01-18,,4675.09619140625,366.6207580566406,86.08222961425781,392.3995361328125,46.15953826904297,114.04188537597656,59.324562072753906
2023-01-19,,4632.8203125,366.09564208984375,85.65185546875,384.791259765625,46.30846405029297,115.8257064819336,61.936439514160156
2023-01-20,,4676.85888671875,359.3979187011719,84.98908996582031,376.878662109375,45.943599700927734,110.69391632080078,61.79609680175781
2023-01-23,,4571.17578125,366.4721374511719,85.22148895263672,382.0425109863281,45.95848846435547,109.95577239990234,63.71406555175781
2023-01-24,,4571.16748046875,363.58892822265625,85.64324951171875,386.6172790527344,47.10521697998047,111.6429443359375,65.88152313232422
2023-01-25,,4591.42529296875,357.1785583496094,84.74808502197266,389.5623779296875,50.634761810302734,113.26859283447266,67.02761840820312
2023-01-26,,4690.0615234375,352.1057434082031,85.60881042480469,397.4258728027344,54.432369232177734,115.24574279785156,67.28492736816406
2023-01-27,,4650.435546875,345.22967529296875,85.16123962402344,390.6520690917969,56.859859466552734,114.45489501953125,67.55000305175781
2023-01-30,,4544.7431640625,342.8121337890625,84.69642639160156,387.9327392578125,54.4025764465332,114.40216827392578,67.26154327392578
2023-01-31,,4646.03076171875,350.6195373535156,86.32322692871094,401.2742004394531,53.82176971435547,115.3160400390625,68.45441436767578
2023-02-01,,4584.38720703125,371.4557800292969,91.19499206542969,397.6614990234375,53.918575286865234,114.92939758300781,68.06458282470703
2023-02-02,,4668.05029296875,376.74658203125,89.92971801757812,409.1474914550781,54.343017578125,114.37580108642578,67.8462905883789
2023-02-03,,4724.4189453125,383.18670654296875,88.63860321044922,406.0256652832031,54.5589485168457,114.39337158203125,67.0042495727539
2023-02-06,,4668.04150390625,385.7825622558594,89.49073791503906,415.6366271972656,54.968505859375,122.152587890625,72.02527618408203
2023-02-07,,4702.39208984375,394.5312194824219,90.98841857910156,411.9649963378906,55.25890350341797,120.13150787353516,77.4205551147461
2023-02-08,,4681.26220703125,419.4593811035156,90.85930633544922,413.2412414550781,55.943973541259766,120.33361053466797,77.7947769165039
2023-02-09,,4875.02197265625,428.9511413574219,90.96260070800781,422.32208251953125,58.4906005859375,123.5497817993164,82.60530090332031
2023-02-10,,4792.82861328125,427.51446533203125,90.6699447631836,406.63433837890625,58.50547790527344,117.45137023925781,78.7927474975586
2023-02-13,,4800.16552734375,419.855712890625,91.23802947998047,408.31304931640625,58.7139778137207,117.84679412841797,77.03071594238281
2023-02-14,,4755.24609375,401.06048583984375,89.51655578613281,403.9150085449219,56.785400390625,117.14381408691406,73.24154663085938
2023-02-15,,4716.44921875,401.98193359375,89.2841567993164,408.7057800292969,58.46080780029297,117.170166015625,74.67613983154297
2023-02-16,,4739.43603515625,398.60333251953125,87.88114929199219,402.4718933105469,57.180057525634766,115.99266815185547,72.79714965820312
2023-02-17,,4739.43603515625,400.76324462890625,89.58541107177734,403.4732360839844,57.29173278808594,112.51288604736328,73.74053192138672
2023-02-20,,4755.24609375,401.29827880859375,88.74188995361328,401.8043212890625,55.795040130615234,109.3055191040039,69.95136260986328
2023-02-21,,4755.24609375,402.7547302246094,87.82951354980469,405.7900695800781,55.4599609375,110.81694030761719,71.128662109375
2023-02-22,,4680.38134765625,390.9544677734375,87.48521423339844,408.00872802734375,56.15989303588867,110.58846282958984,70.7778091430664
2023-02-23,,4668.05029296875,377.9850769042969,88.5955810546875,406.4183349609375,54.64085388183594,108.50587463378906,69.1015396118164
2023-02-24,,4668.05029296875,376.4295349121094,86.28018951416016,408.1559753417969,51.796382904052734,106.52873229980469,68.34528350830078
2023-02-27,,4668.05029296875,374.7154846191406,85.60881042480469,406.3594665527344,52.22825622558594,103.83101654052734,66.9964370727539
2023-02-28,,4615.20556640625,371.5449523925781,84.97187042236328,406.09442138671875,51.6549072265625,99.02435302734375,64.41576385498047
2023-03-01,,4812.49658203125,370.54425048828125,83.63772583007812,400.4593811035156,52.138912200927734,99.13858032226562,63.03577423095703
2023-03-02,,4667.8564453125,373.9030456542969,84.22303009033203,389.532958984375,53.26329803466797,98.27742004394531,63.96357345581055
2023-03-03,,4756.12744140625,377.1032409667969,84.77389526367188,397.3375244140625,53.30796813964844,105.33365631103516,68.70391845703125
2023-03-06,,4638.13134765625,403.3591003417969,85.1095962524414,402.72711181640625,53.3675422668457,103.99797821044922,69.1999740600586
2023-03-07,,4637.22509765625,406.420654296875,86.09943389892578,405.7409973144531,54.737667083740234,103.1543960571289,68.24785614013672
2023-03-08,,4839.80029296875,409.1354064941406,85.5141372680664,409.3438720703125,55.6535530090332,101.8978042602539,69.03995513916016
2023-03-09,,4839.80029296875,401.98193359375,85.21287536621094,412.6129150390625,55.6982421875,103.42679595947266,69.7600326538086
2023-03-10,,4839.80029296875,397.2063293457031,86.22853088378906,413.6241149902344,56.04821014404297,105.16669464111328,69.51200866699219
2023-03-13,,4716.49267578125,396.354248046875,85.35059356689453,414.1444091796875,56.2343635559082,107.4601821899414,74.56858825683594
2023-03-14,,4663.6474609375,396.3641357421875,85.29033660888672,407.5178527832031,55.95140838623047,106.8626480102539,73.44845581054688
2023-03-15,,4663.6474609375,406.0441589355469,85.21287536621094,416.7361145019531,56.331172943115234,107.2053451538086,73.3924560546875
2023-03-16,,4505.1103515625,407.48077392578125,85.2300796508789,418.4737548828125,57.53746795654297,107.01202392578125,72.06430053710938
2023-03-17,,4505.1103515625,396.47314453125,85.21287536621094,412.3380432128906,56.30138397216797,105.91361236572266,71.75227355957031
2023-03-20,,4505.1103515625,396.31463623046875,85.44527435302734,408.07745361328125,55.921531677246094,104.12977600097656,69.47200775146484
2023-03-21,,4563.2392578125,396.4335021972656,85.1095962524414,405.9569396972656,56.14944076538086,105.4830322265625,70.48011779785156
2023-03-22,,4403.95361328125,395.3238220214844,84.45543670654297,398.9180603027344,55.442928314208984,103.98040008544922,68.79991912841797
2023-03-23,,4403.95361328125,395.3238220214844,84.45543670654297,398.9180603027344,55.442928314208984,103.98040008544922,68.79991912841797
2023-03-24,,4491.9853515625,394.6104736328125,84.26606750488281,395.5311584472656,55.07826614379883,101.45843505859375,67.7437973022461
2023-03-27,,4540.384765625,391.3606872558594,83.54305267333984,396.4736022949219,55.42013168334961,100.77302551269531,67.85580444335938
2023-03-28,,4609.65625,389.35931396484375,83.91316986083984,393.0965576171875,56.787601470947266,101.44964599609375,67.61579132080078
2023-03-29,,4494.98095703125,388.17034912109375,83.49140930175781,388.8555603027344,55.83036422729492,101.38813781738281,67.23974609375
2023-03-30,,4383.91650390625,408.1446228027344,83.33647155761719,390.7306213378906,55.40493392944336,101.07178497314453,67.07171630859375
2023-03-31,,4419.234375,409.45245361328125,82.63066864013672,395.0796203613281,55.670833587646484,103.59375762939453,66.69568634033203
2023-04-03,,4419.234375,405.9549865722656,82.69092559814453,392.6940612792969,55.564476013183594,101.15087890625,66.76769256591797
2023-04-04,,4505.1103515625,396.31463623046875,81.15882110595703,394.5691223144531,55.48090362548828,100.15791320800781,65.93560028076172
2023-04-05,,4513.91650390625,401.9324035644531,80.97805786132812,395.5409851074219,56.08107376098633,100.4654769897461,65.35153198242188
2023-04-06,,4664.859375,399.0095520019531,81.63220977783203,402.3638916015625,56.60527038574219,103.58496856689453,69.88005828857422
2023-04-07,,4551.005859375,394.7392883300781,80.79731750488281,396.984130859375,56.4305419921875,102.36353302001953,67.75982666015625
2023-04-10,,4508.2451171875,396.3047180175781,80.9608383178711,392.6351623535156,55.49610900878906,101.29147338867188,66.91170501708984
2023-04-11,,4576.82421875,388.3189697265625,80.88337707519531,391.8006591796875,55.45812225341797,101.0454330444336,66.76769256591797
2023-04-12,,4545.4150390625,392.2028503417969,80.90058898925781,391.08404541015625,56.544490814208984,100.92240905761719,68.2078628540039
2023-04-13,,4705.59912109375,394.1943359375,81.11576843261719,394.8537902832031,56.415348052978516,101.10694122314453,68.66390991210938
2023-04-14,,4705.59912109375,394.1943359375,81.11576843261719,394.8537902832031,56.415348052978516,101.10694122314453,68.66390991210938
2023-04-17,,4801.3984375,396.9685363769531,82.21751403808594,389.69000244140625,56.407737731933594,100.74666595458984,68.74391174316406
2023-04-18,,4892.85400390625,393.8277282714844,83.26762390136719,385.7828063964844,56.93952560424805,100.57970428466797,68.83193969726562
2023-04-19,,4753.08251953125,396.31463623046875,83.31925964355469,387.5204162597656,56.886348724365234,100.6587905883789,69.1119613647461
2023-04-20,,4755.6708984375,396.31463623046875,82.81140899658203,393.3321533203125,57.364959716796875,101.39692687988281,69.93606567382812
2023-04-21,,4755.6708984375,396.31463623046875,82.81140899658203,393.3321533203125,57.364959716796875,101.39692687988281,69.93606567382812
2023-04-24,,4755.6708984375,396.31463623046875,82.81140899658203,393.3321533203125,57.364959716796875,101.39692687988281,69.93606567382812
2023-04-25,,4755.6708984375,396.31463623046875,82.81140899658203,393.3321533203125,57.364959716796875,101.39692687988281,69.93606567382812
2023-04-26,,4755.6708984375,396.31463623046875,83.77544403076172,389.6998291015625,56.71922302246094,101.24754333496094,69.65601348876953
2023-04-27,,4878.20263671875,390.587890625,83.97340393066406,394.6770935058594,56.2102165222168,101.46723175048828,69.55201721191406
2023-04-28,,4823.6494140625,404.0031433105469,84.37796783447266,393.8328552246094,55.08586502075195,101.0630111694336,68.78390502929688
2023-05-01,,4823.6494140625,404.0031433105469,84.37796783447266,393.8328552246094,55.08586502075195,101.0630111694336,68.78390502929688
2023-05-02,,4810.5537109375,394.94732666015625,86.55561828613281,423.3627014160156,59.21103286743164,100.66757202148438,68.1198501586914
2023-05-03,,4833.4169921875,392.31182861328125,86.55561828613281,449.9179382324219,59.4389533996582,101.07178497314453,68.90394592285156
2023-05-04,,5195.91748046875,396.2452697753906,84.16278076171875,448.0330810546875,59.11227035522461,100.16669464111328,68.15986633300781
2023-05-05,,5386.7119140625,396.31463623046875,81.19324493408203,447.0710144042969,59.61579132080078,100.14033508300781,68.9439468383789
2023-05-08,,5283.111328125,387.952392578125,80.47021484375,438.883544921875,59.20523452758789,99.05949401855469,67.080810546875
2023-05-09,,5283.111328125,389.3791198730469,79.54922485351562,435.0941467285156,56.935550689697266,97.16143035888672,65.57723999023438
2023-05-10,,5304.40234375,388.39825439453125,78.33560180664062,436.22308349609375,55.649658203125,96.70449829101562,64.2534408569336
2023-05-11,,5212.947265625,395.30401611328125,79.34265899658203,449.12274169921875,56.71091079711914,96.79236602783203,64.49040222167969
2023-05-12,,5304.40234375,391.8758850097656,80.92640686035156,456.397216796875,56.46303176879883,97.41627502441406,63.93471908569336
2023-05-15,,5304.40234375,388.0712585449219,80.47882843017578,458.38031005859375,56.625701904296875,98.11046600341797,62.76620101928711
2023-05-16,,5304.39306640625,391.3606872558594,81.46868133544922,458.8318786621094,57.08274841308594,98.67285919189453,65.05424499511719
2023-05-17,,5441.5849609375,388.4180603027344,81.06413269042969,457.2709655761719,57.361602783203125,97.99623107910156,63.77131271362305
2023-05-18,,5715.95068359375,386.4067687988281,80.10010528564453,460.0491943359375,56.5792236328125,96.66934967041016,62.78253936767578
2023-05-19,,5867.99560546875,395.7300720214844,80.78008270263672,463.1121520996094,56.61796569824219,96.9856948852539,63.1666259765625
2023-05-22,,6023.85302734375,388.3883361816406,80.91780090332031,462.62127685546875,56.38557052612305,96.41452026367188,62.08796310424805
2023-05-23,,5944.5888671875,393.2828063964844,81.70967864990234,461.19781494140625,56.222900390625,94.91188049316406,61.385189056396484
2023-05-24,,6127.49951171875,393.2828063964844,83.97340393066406,460.5400695800781,56.648948669433594,93.1456298828125,61.41788864135742
2023-05-25,,6127.49951171875,392.3514709472656,83.99922943115234,469.1202087402344,56.18415832519531,92.89958190917969,61.83463668823242
2023-05-26,,6129.328125,393.2233581542969,83.5947036743164,498.0217590332031,55.92079162597656,89.12103271484375,60.55986022949219
2023-05-29,,5999.46142578125,387.0408630371094,82.24334716796875,504.0102233886719,55.91304016113281,88.26866149902344,60.96843719482422
2023-05-30,,6301.26416015625,387.0408630371094,82.59624481201172,527.1982421875,57.57075500488281,88.98921966552734,61.92451095581055
2023-05-31,,6301.26416015625,390.181640625,81.0383071899414,506.4153747558594,56.92780303955078,87.13510131835938,61.14004898071289
2023-06-01,,5981.1708984375,386.41668701171875,81.93347930908203,507.1712951660156,56.51725387573242,87.14388275146484,61.47509765625
2023-06-02,,5981.1708984375,386.41668701171875,83.80126953125,506.169921875,55.91304016113281,87.02086639404297,61.56496810913086
2023-06-05,,5935.42529296875,394.3330383300781,83.41394805908203,502.6260070800781,55.765846252441406,93.54985046386719,64.1063461303711
2023-06-06,,5935.42529296875,395.45263671875,83.43975830078125,505.54168701171875,55.51797866821289,98.99799346923828,64.12268829345703
2023-06-07,,5944.5888671875,393.4314270019531,86.0908203125,505.2078857421875,55.572200775146484,100.6500015258789,64.53126525878906
2023-06-08,,6036.0439453125,393.33233642578125,85.87564086914062,498.6697082519531,54.619407653808594,97.66231536865234,64.24526977539062
2023-06-09,,5898.861328125,389.32958984375,85.95310974121094,498.9053039550781,54.1081428527832,99.62189483642578,65.23402404785156
2023-06-12,,6301.26416015625,382.1959228515625,86.04779052734375,516.5859375,52.10184860229492,98.15440368652344,63.313697814941406
2023-06-13,,6301.26416015625,384.8215026855469,85.28173065185547,501.90936279296875,52.41170120239258,98.75193786621094,63.2728271484375
2023-06-14,,5990.31640625,384.8215026855469,85.41085815429688,502.7830810546875,53.07013702392578,97.65352630615234,63.460792541503906
2023-06-15,,5990.31640625,389.8547058105469,83.93038177490234,502.1449279785156,53.32576370239258,97.71503448486328,62.40664291381836
2023-06-16,,5990.31640625,381.898681640625,83.37090301513672,501.90936279296875,53.05464172363281,95.50062561035156,62.10429382324219
2023-06-19,,5990.31640625,371.0892028808594,86.18550872802734,502.29217529296875,53.10112762451172,92.59203338623047,60.21664810180664
2023-06-20,,6081.77197265625,371.0892028808594,84.61896514892578,503.3132019042969,52.73704147338867,93.52348327636719,61.29530715942383
2023-06-21,,6081.77197265625,350.50067138671875,84.28327941894531,503.38189697265625,52.75253677368164,90.94001007080078,60.4617919921875
2023-06-22,,5896.57470703125,350.98614501953125,84.36074829101562,503.7745666503906,52.558876037597656,89.2967758178711,60.85403823852539
2023-06-23,,5896.57470703125,366.4424133300781,84.1025161743164,503.3622741699219,52.80675506591797,89.04194641113281,60.82951736450195
2023-06-26,,5896.57470703125,369.9002380371094,84.81694793701172,515.7122192382812,54.17011260986328,95.39518737792969,63.150264739990234
2023-06-27,,5896.57470703125,366.5910339355469,84.69642639160156,512.5413208007812,56.72641372680664,97.54808044433594,63.73862075805664
2023-06-28,,5896.57470703125,366.5910339355469,84.69642639160156,512.5413208007812,56.72641372680664,97.54808044433594,63.73862075805664
2023-06-29,,5896.57470703125,366.5910339355469,84.69642639160156,512.5413208007812,56.72641372680664,97.54808044433594,63.73862075805664
2023-06-30,,5896.57470703125,366.5910339355469,84.69642639160156,512.5413208007812,56.72641372680664,97.54808044433594,63.73862075805664
2023-07-03,,6036.0439453125,379.0848388671875,91.01422882080078,550.9850463867188,60.9094123840332,104.86791229248047,68.51901245117188
2023-07-04,,5898.861328125,373.5265197753906,91.17777252197266,536.8975219726562,59.47635269165039,104.52520751953125,69.64669799804688
2023-07-05,,5898.861328125,376.4989013671875,94.02681732177734,532.9019775390625,60.25873565673828,105.88724517822266,68.55169677734375
2023-07-06,,5903.4345703125,396.2749938964844,94.68097686767578,548.2656860351562,61.30447769165039,108.39163970947266,70.39030456542969
2023-07-07,,5903.4345703125,395.66070556640625,92.79596710205078,545.9390258789062,61.23476791381836,107.4601821899414,69.60584259033203
2023-07-10,,6104.63525390625,403.51763916015625,94.45718383789062,547.097412109375,60.54534149169922,109.1737060546875,69.1727523803711
2023-07-11,,6154.935546875,421.68865966796875,98.20138549804688,557.1207275390625,61.45940399169922,109.34066772460938,69.93270874023438
2023-07-12,,6173.22705078125,421.08428955078125,99.60437774658203,568.06689453125,61.89321517944336,109.1561279296875,71.17479705810547
2023-07-13,,6127.49951171875,407.3222351074219,98.09810638427734,571.2279052734375,61.51364517211914,108.63768005371094,70.83158874511719
2023-07-14,,6127.49951171875,406.2918395996094,99.79374694824219,569.1171875,60.73900604248047,106.88899993896484,69.70389556884766
2023-07-17,,6127.49951171875,414.0496826171875,99.66463470458984,570.6978149414062,60.73900604248047,105.92239379882812,69.40155792236328
2023-07-18,,6127.49951171875,406.2026672363281,98.82972717285156,571.7874755859375,60.48337936401367,103.06652069091797,68.78868865966797
2023-07-19,,6218.95458984375,398.20703125,96.70370483398438,571.0021362304688,60.48337936401367,103.88373565673828,68.87039184570312
2023-07-20,,6127.49951171875,405.231689453125,97.09103393554688,572.6218872070312,60.444644927978516,105.70271301269531,70.09613800048828
2023-07-21,,6127.49951171875,397.7215576171875,99.12236785888672,572.3568725585938,61.23476791381836,105.16669464111328,69.6303482055664
2023-07-24,,6218.95458984375,397.7215576171875,97.63329315185547,572.2882080078125,61.56011962890625,105.43910217285156,69.70389556884766
2023-07-25,,6223.1162109375,394.8779602050781,96.65205383300781,572.2488403320312,66.17693328857422,106.6605224609375,71.33006286621094
2023-07-26,,6218.95458984375,405.231689453125,96.67788696289062,573.3582153320312,65.78186798095703,109.45490264892578,70.94598388671875
2023-07-27,,6218.95458984375,405.231689453125,96.67788696289062,573.3582153320312,65.78186798095703,109.45490264892578,70.94598388671875
2023-07-28,,6218.95458984375,405.231689453125,96.67788696289062,573.3582153320312,65.78186798095703,109.45490264892578,70.94598388671875
2023-07-31,,6356.1376953125,389.5673522949219,96.45408630371094,577.77587890625,75.3408432006836,120.79934692382812,80.53130340576172
2023-08-01,,6401.86474609375,399.2770690917969,95.748291015625,581.5260009765625,74.86833190917969,118.54098510742188,80.024658203125
2023-08-02,,6539.0478515625,395.3238220214844,98.36492919921875,581.6929931640625,79.16753387451172,119.0242919921875,85.05020904541016
2023-08-03,,6465.88330078125,405.80633544921875,96.6434555053711,588.36865234375,81.52242279052734,116.17720794677734,85.19729614257812
2023-08-04,,6492.70703125,405.7270812988281,96.83280944824219,592.4328002929688,82.36734008789062,117.46893310546875,87.97565460205078
2023-08-07,,6577.998046875,396.31463623046875,98.68341064453125,596.4775390625,82.0672607421875,114.31428527832031,86.26778411865234
2023-08-08,,6512.8603515625,391.3606872558594,96.43687438964844,591.3038940429688,79.68254852294922,106.11571502685547,79.95927429199219
2023-08-09,,6512.841796875,393.67913818359375,98.71781921386719,596.9192504882812,81.55400848388672,110.50938415527344,85.27083587646484
2023-08-10,,6601.3984375,396.31463623046875,97.58165740966797,599.972412109375,80.20372772216797,108.18074035644531,82.21465301513672
2023-08-11,,6681.27392578125,396.31463623046875,101.48078918457031,604.3998413085938,80.8828125,109.70973205566406,84.55172729492188
2023-08-14,,6681.27392578125,396.31463623046875,101.48078918457031,604.3998413085938,80.8828125,109.70973205566406,84.55172729492188
2023-08-15,,6791.06201171875,393.3422546386719,99.42363739013672,611.6940307617188,80.630126953125,109.55156707763672,82.75397491455078
2023-08-16,,6791.99267578125,392.3514709472656,98.04644775390625,615.1103515625,79.9747314453125,107.27565002441406,80.31065368652344
2023-08-17,,6791.99267578125,396.3047180175781,97.81405639648438,612.3124389648438,80.01421356201172,108.16316223144531,81.3239517211914
2023-08-18,,6885.033203125,391.3606872558594,98.12390899658203,602.7310791015625,79.9510269165039,107.8644027709961,81.13599395751953
2023-08-21,,6698.951171875,389.35931396484375,97.16851043701172,594.6514892578125,77.82691192626953,105.43031311035156,78.80708312988281
2023-08-22,,6698.951171875,386.4067687988281,97.2803955078125,591.598388671875,77.82691192626953,106.46720886230469,81.3157730102539
2023-08-23,,6698.951171875,382.5030517578125,96.96192169189453,589.87060546875,78.79816436767578,108.0401382446289,81.76519775390625
2023-08-24,,6603.89208984375,393.3422546386719,97.22875213623047,589.68408203125,78.88501739501953,108.56737518310547,82.2963638305664
2023-08-25,,6605.91064453125,388.17034912109375,96.99635314941406,589.2030639648438,78.78235626220703,107.68865203857422,81.05428314208984
2023-08-28,,6605.91064453125,379.8774719238281,96.2733383178711,579.4251708984375,78.11907196044922,105.9839096069336,79.30555725097656
2023-08-29,,6605.91064453125,384.91064453125,91.93522644042969,574.3694458007812,77.06095123291016,104.44612121582031,78.18604278564453
2023-08-30,,6605.33349609375,366.6009521484375,91.53067779541016,569.8633422851562,77.28205871582031,101.91537475585938,77.01750183105469
2023-08-31,,6430.06298828125,357.6739501953125,90.56666564941406,550.0328369140625,75.91597747802734,96.62541198730469,75.95518493652344
2023-09-01,,6512.86962890625,366.4820556640625,91.1864013671875,545.0457153320312,75.70277404785156,97.5568618774414,77.18909454345703
2023-09-04,,6512.86962890625,366.4820556640625,91.3929672241211,550.0033569335938,76.05020141601562,100.24578857421875,78.02261352539062
2023-09-05,,6512.86962890625,356.68316650390625,90.80766296386719,545.222412109375,77.10832977294922,98.69921875,76.70697021484375
2023-09-06,,6512.86962890625,356.68316650390625,91.75447082519531,543.3866577148438,77.1004409790039,100.0524673461914,77.6548843383789
2023-09-07,,6512.86962890625,356.68316650390625,93.46733856201172,528.6216430664062,76.97410583496094,102.71501922607422,77.64672088623047
2023-09-08,,6605.91064453125,356.68316650390625,88.35456085205078,533.765869140625,76.83985137939453,103.06652069091797,78.41484069824219
2023-09-11,,6605.91064453125,352.72991943359375,86.99459838867188,531.8809204101562,76.41344451904297,103.80464935302734,78.44754028320312
2023-09-12,,6605.91064453125,352.7200012207031,85.20427703857422,522.1914672851562,76.00283813476562,102.95228576660156,76.29021453857422
2023-09-13,,6605.91064453125,344.7937316894531,87.42497253417969,534.983154296875,75.69487762451172,104.29674530029297,76.6742935180664
2023-09-14,,6526.826171875,339.83978271484375,87.36470794677734,518.5389404296875,75.63959503173828,104.60429382324219,77.01750183105469
2023-09-15,,6533.8037109375,339.3741149902344,87.37334442138672,537.1572875976562,75.12633514404297,105.3863754272461,77.36071014404297
2023-09-18,,6512.86962890625,337.1151123046875,87.78646850585938,533.2734985351562,75.4500961303711,105.14032745361328,77.769287109375
2023-09-19,,6605.91064453125,342.5743713378906,87.36470794677734,530.8226928710938,75.82122039794922,105.4742431640625,78.51290130615234
2023-09-20,,6600.02099609375,348.7568664550781,87.37334442138672,529.607177734375,75.41850280761719,104.59552001953125,77.63853454589844
2023-09-21,,6596.6064453125,347.8948974609375,87.29585266113281,543.6105346679688,76.0107421875,105.86966705322266,78.07164001464844
2023-09-22,,6512.86962890625,347.81561279296875,88.56976318359375,544.1539916992188,76.02652740478516,106.71324920654297,78.45569610595703
2023-09-25,,6512.86962890625,346.8248291015625,92.95951080322266,549.5399169921875,74.56570434570312,105.87845611572266,78.97050476074219
2023-09-26,,6689.6474609375,340.32525634765625,91.70282745361328,552.5935668945312,73.02589416503906,105.91361236572266,78.43936157226562
2023-09-27,,6645.72314453125,342.8220520019531,91.8749771118164,553.9771118164062,71.4703140258789,108.18952941894531,79.92658233642578
2023-09-28,,6645.72314453125,342.8220520019531,91.8749771118164,553.9771118164062,71.4703140258789,108.18952941894531,79.92658233642578
2023-09-29,,6645.72314453125,342.8220520019531,91.8749771118164,553.9771118164062,71.4703140258789,108.18952941894531,79.92658233642578
2023-10-02,,6605.91064453125,332.9141845703125,94.37110900878906,557.7719116210938,71.09127807617188,109.23522186279297,81.19319152832031
2023-10-03,,6605.91064453125,334.8858642578125,95.06829833984375,561.181396484375,71.07548522949219,109.14734649658203,80.53130340576172
2023-10-04,,6605.91064453125,332.904296875,95.70526123046875,563.0886840820312,75.11843872070312,108.83978271484375,80.1390609741211
2023-10-05,,6605.91064453125,337.85821533203125,93.78580474853516,574.9080200195312,76.0818099975586,109.2264404296875,79.56704711914062
2023-10-06,,6605.91064453125,344.4766540527344,93.08000946044922,573.3565063476562,74.96051025390625,108.16316223144531,78.3576431274414
2023-10-09,,6605.91064453125,344.7937316894531,93.22632598876953,573.455322265625,74.12349700927734,107.38109588623047,78.047119140625
2023-10-10,,6512.86962890625,345.7845153808594,94.16453552246094,575.8863525390625,74.26563262939453,109.72731018066406,78.0389633178711
2023-10-11,,6644.16015625,346.1114501953125,94.32308959960938,574.2261352539062,74.8183822631836,111.08056640625,79.13394165039062
2023-10-12,,6644.16015625,356.7921447753906,94.25261688232422,578.1988525390625,75.28426361083984,111.03662109375,79.49349975585938
2023-10-13,,6697.09033203125,374.25970458984375,95.52986907958984,585.4722900390625,76.7450942993164,113.05770111083984,80.71107482910156
2023-10-16,,6791.99267578125,371.49542236328125,97.82012939453125,580.7979125976562,76.65034484863281,115.01727294921875,80.62117767333984
2023-10-17,,6803.5390625,371.0396423339844,100.51557922363281,585.4722900390625,75.82911682128906,113.67498779296875,79.90666961669922
2023-10-18,,6791.99267578125,377.1825256347656,98.21652221679688,588.9212036132812,75.1500244140625,113.38602447509766,78.69622802734375
2023-10-19,,6875.7294921875,381.9482116699219,99.91658020019531,589.2374877929688,77.57421875,121.88717651367188,82.18468475341797
2023-10-20,,6698.951171875,381.45281982421875,98.37506866455078,598.1316528320312,78.83763885498047,122.09224700927734,81.61308288574219
2023-10-23,,6698.951171875,396.2749938964844,97.77608489990234,600.0982055664062,78.44281005859375,124.9073257446289,86.11865234375
2023-10-24,,6698.951171875,397.4342041015625,96.01435852050781,602.173583984375,78.26909637451172,126.26825714111328,84.9166030883789
2023-10-25,,6791.99267578125,406.37109375,94.19095611572266,599.3076782226562,76.95040893554688,132.83987426757812,84.7148666381836
2023-10-26,,6791.98388671875,406.51971435546875,95.13348388671875,602.1932983398438,75.82122039794922,130.7705078125,84.21051788330078
2023-10-27,,6629.1708984375,396.31463623046875,94.38475036621094,605.3656005859375,75.31584167480469,128.4401397705078,83.35311889648438
2023-10-30,,6758.5302734375,396.2948303222656,93.38056182861328,625.3280029296875,73.98136138916016,131.283203125,84.20209503173828
2023-10-31,,6758.5302734375,391.34088134765625,93.26605224609375,627.0178833007812,74.02874755859375,131.78656005859375,84.37022399902344
2023-11-01,,6749.15576171875,395.3238220214844,93.39817810058594,630.5458984375,75.37112426757812,133.79066467285156,84.42906188964844
2023-11-02,,6749.15576171875,400.27777099609375,95.57392120361328,649.2631225585938,76.65696716308594,133.091552734375,84.28617095947266
2023-11-03,,6842.89453125,420.2322082519531,98.10200500488281,656.8330688476562,75.57329559326172,133.36187744140625,85.32007598876953
2023-11-06,,6842.89453125,421.08428955078125,100.89435577392578,684.869384765625,76.22835540771484,133.35255432128906,85.4377670288086
2023-11-07,,6842.89453125,410.34417724609375,101.98661804199219,710.7216796875,76.05852508544922,130.1646270751953,85.33690643310547
2023-11-08,,6842.89453125,405.01373291015625,103.17579650878906,709.9705810546875,77.69210815429688,130.7518768310547,85.96736145019531
2023-11-09,,6842.89453125,405.01373291015625,103.17579650878906,709.9705810546875,77.69210815429688,130.7518768310547,85.96736145019531
2023-11-10,,6842.89453125,407.1934814453125,109.62372589111328,711.9866333007812,78.17732238769531,132.14076232910156,88.7426986694336
2023-11-13,,7356.111328125,406.34136962890625,106.82257080078125,731.7612915039062,78.81620025634766,135.70155334472656,88.41818237304688
2023-11-14,,7874.01611328125,410.1856384277344,107.95008850097656,721.91845703125,78.66254425048828,136.288818359375,88.44380950927734
2023-11-15,,7874.01611328125,401.43701171875,107.13968658447266,711.571533203125,78.91324615478516,146.27207946777344,91.16793060302734
2023-11-16,,8248.9677734375,397.8800354003906,108.44337463378906,708.5772094726562,78.89706420898438,153.78515625,97.2138900756836
2023-11-17,,8061.49169921875,399.3959655761719,108.43455505371094,689.9785766601562,78.46037292480469,155.58419799804688,95.06194305419922
2023-11-20,,7967.75341796875,406.3215637207031,110.67195892333984,673.712158203125,77.98324584960938,154.48426818847656,93.78955078125
2023-11-21,,7967.75341796875,417.22021484375,110.4253158569336,683.298095703125,78.24202728271484,156.02230834960938,92.50862121582031
2023-11-22,,8014.623046875,448.5092468261719,114.3803939819336,707.8558349609375,78.54124450683594,165.27850341796875,94.50686645507812
2023-11-23,,7967.75341796875,482.1464538574219,118.5909423828125,718.44970703125,78.37142181396484,163.64724731445312,92.243896484375
2023-11-24,,8031.02685546875,475.874755859375,116.96133422851562,709.249267578125,82.01866912841797,164.99884033203125,91.8852310180664
2023-11-27,,7920.884765625,472.0701599121094,125.33836364746094,721.4737548828125,88.17289733886719,163.330322265625,92.73064422607422
2023-11-28,,7967.75341796875,471.56488037109375,122.45794677734375,752.33642578125,92.79867553710938,163.06930541992188,93.06369018554688
2023-11-29,,7967.75341796875,467.97821044921875,118.95208740234375,747.5928955078125,89.91161346435547,164.73785400390625,92.31221008300781
2023-11-30,,7967.75341796875,468.64202880859375,116.03641510009766,777.7243041992188,90.30786895751953,162.4634246826172,92.90997314453125
2023-12-01,,7967.75341796875,476.8160400390625,119.20755767822266,808.8538208007812,90.20274353027344,166.63941955566406,94.25069427490234
2023-12-04,,8061.50146484375,474.69573974609375,124.91553497314453,804.8020629882812,90.17848205566406,171.30014038085938,98.53752899169922
2023-12-05,,8061.50146484375,475.5775451660156,134.2879638671875,793.99072265625,90.67987060546875,175.8303680419922,103.8576431274414
2023-12-06,,8155.23046875,486.9715881347656,133.9708251953125,799.3865356445312,94.58589935302734,177.40570068359375,105.12149047851562
2023-12-07,,8155.21142578125,495.3932800292969,129.5312957763672,788.4566040039062,97.92584228515625,190.53961181640625,104.0540542602539
2023-12-08,,8342.70703125,495.8193054199219,130.46499633789062,784.7605590820312,104.74322509765625,202.48036193847656,107.0685043334961
2023-12-11,,8014.623046875,497.3748474121094,132.13864135742188,778.0010375976562,100.69971466064453,192.70217895507812,106.94895935058594
2023-12-12,,8155.23046875,489.0720520019531,135.30096435546875,798.477294921875,100.052734375,196.34686279296875,106.92333221435547
2023-12-13,,7973.3779296875,484.10821533203125,129.27584838867188,797.933837890625,99.38152313232422,191.37852478027344,104.60911560058594
2023-12-14,,7967.75341796875,468.64202880859375,125.10054779052734,803.25048828125,99.73734283447266,190.64215087890625,106.73545837402344
2023-12-15,,7967.75341796875,474.8344421386719,131.3018341064453,800.5328979492188,100.9342269897461,192.15220642089844,108.2384262084961
2023-12-18,,7967.75341796875,463.6881103515625,126.17520141601562,787.9624633789062,99.93952941894531,186.88560485839844,105.96690368652344
2023-12-19,,7592.80029296875,447.83551025390625,120.60812377929688,773.801025390625,97.05245208740234,174.0313262939453,100.35643005371094
2023-12-20,,7592.80029296875,438.91845703125,119.15470123291016,758.4734497070312,96.36505889892578,168.88587951660156,97.96537017822266
2023-12-21,,7410.94775390625,454.5728454589844,117.65723419189453,764.1261596679688,96.78558349609375,174.34825134277344,99.59642791748047
2023-12-22,,7410.94775390625,450.8078918457031,119.26039123535156,755.2814331054688,93.76911926269531,169.74346923828125,97.01748657226562
2023-12-25,,7410.94775390625,450.8078918457031,119.26039123535156,755.2814331054688,93.76911926269531,169.74346923828125,97.01748657226562
2023-12-26,,7311.58544921875,435.9460754394531,112.935791015625,734.834716796875,87.33993530273438,157.0103759765625,89.74181365966797
2023-12-27,,7311.58544921875,445.85394287109375,120.31742858886719,752.2079467773438,88.9815902709961,160.1516876220703,91.54365539550781
2023-12-28,,7499.0625,452.79937744140625,127.8136215209961,774.1468505859375,89.89543151855469,161.26095581054688,94.07135009765625
2023-12-29,,7689.35009765625,455.9698791503906,127.72549438476562,777.7243041992188,89.63663482666016,164.71922302246094,96.02690124511719
2024-01-01,,7689.35009765625,460.84454345703125,129.3815460205078,801.1455688476562,93.60739135742188,177.07012939453125,103.22571563720703
2024-01-02,,7686.53857421875,451.2240295410156,130.89663696289062,790.7097778320312,94.23816680908203,175.14059448242188,104.96778106689453
2024-01-03,,7686.53857421875,456.2572021484375,131.9536895751953,793.99072265625,95.17626953125,171.92469787597656,108.78494262695312
2024-01-04,,7686.53857421875,460.0321044921875,131.24899291992188,785.0471801757812,94.21390533447266,172.04586791992188,107.2649154663086
2024-01-05,,7874.01611328125,457.3272399902344,132.88739013671875,780.4617309570312,94.9498291015625,170.63832092285156,106.77815246582031
2024-01-08,,7733.40771484375,450.9961242675781,136.12014770507812,777.5562744140625,94.10069274902344,166.73263549804688,105.360595703125
2024-01-09,,7686.53857421875,450.9664001464844,141.42300415039062,775.7083129882812,93.46990203857422,164.74717712402344,104.61766052246094
2024-01-10,,7686.53857421875,450.0945129394531,138.78919982910156,771.5873413085938,93.03321075439453,164.1971893310547,104.7542953491211
2024-01-11,,7686.53857421875,450.75836181640625,139.49388122558594,780.5604858398438,94.95791625976562,167.73934936523438,108.5031509399414
2024-01-12,,7686.53857421875,450.8078918457031,140.97373962402344,778.7916259765625,95.80705261230469,169.10028076171875,108.90448760986328
2024-01-15,,7499.0625,444.8631591796875,139.61720275878906,770.747314453125,95.22478485107422,171.123046875,111.26140594482422
2024-01-16,,7686.53857421875,435.9460754394531,138.6746826171875,763.3751220703125,95.22478485107422,167.4876708984375,107.95660400390625
2024-01-17,,7686.53857421875,435.9460754394531,136.61346435546875,753.9966430664062,93.34050750732422,166.31317138671875,107.93099212646484
2024-01-18,,7686.53857421875,430.0013732910156,143.98629760742188,742.2958984375,92.71781158447266,166.84449768066406,106.06938171386719
2024-01-19,,7686.53857421875,422.0750732421875,141.73126220703125,740.6553955078125,92.70161437988281,167.1334686279297,106.06938171386719
2024-01-22,,7752.1552734375,417.3886413574219,140.16334533691406,741.8215942382812,93.0008544921875,172.62379455566406,114.0282211303711
2024-01-23,,7827.146484375,419.83587646484375,142.63856506347656,732.601318359375,93.81764221191406,169.109619140625,116.56443786621094
2024-01-24,,7780.2763671875,426.0382080078125,143.58990478515625,741.3472290039062,93.5912094116211,168.8672637939453,124.56596374511719
2024-01-25,,7780.2763671875,421.1833801269531,143.10543823242188,740.8530883789062,93.68016815185547,164.8403778076172,115.5482406616211
2024-01-26,,7780.2763671875,417.90386962890625,141.07943725585938,734.9730224609375,92.192138671875,162.5473175048828,120.72317504882812
2024-01-29,,7780.2763671875,414.1487731933594,141.92506408691406,731.75146484375,90.59900665283203,156.2366943359375,117.51233673095703
2024-01-30,,7780.2763671875,401.2190246582031,141.6784210205078,724.6361083984375,89.80648040771484,150.998046875,114.66866302490234
2024-01-31,,7686.53857421875,396.4136962890625,139.88145446777344,725.3377075195312,89.91161346435547,152.53607177734375,115.52264404296875
2024-02-01,,7686.53857421875,398.29620361328125,143.0966033935547,718.5781860351562,90.34831237792969,153.3284149169922,123.19113159179688
2024-02-02,,7686.53857421875,411.7709045410156,141.8457794189453,732.7297973632812,90.46961975097656,153.319091796875,126.0433120727539
2024-02-06,,7686.53857421875,418.87481689453125,140.92086791992188,740.6751708984375,90.81735229492188,156.2366943359375,132.8493194580078
2024-02-07,,7686.53857421875,431.9829406738281,141.62554931640625,746.4366455078125,91.33492279052734,157.9518280029297,128.6649627685547
2024-02-08,,7686.53857421875,431.9829406738281,141.62554931640625,746.4366455078125,91.33492279052734,157.9518280029297,128.6649627685547
2024-02-09,,7686.53857421875,431.9829406738281,134.70196533203125,738.2244262695312,89.53960418701172,153.2351837158203,123.891357421875
2024-02-12,,7686.53857421875,431.9829406738281,127.45245361328125,713.3800659179688,87.6795883178711,143.5781707763672,114.60035705566406
2024-02-13,,7686.53857421875,422.0750732421875,131.9624786376953,714.210205078125,88.95732879638672,137.81753540039062,106.04376220703125
2024-02-14,,7686.53857421875,426.0382080078125,137.60003662109375,721.7406005859375,90.49388122558594,144.5382843017578,104.19068908691406
2024-02-15,,7686.53857421875,417.1211242675781,137.51193237304688,714.7339477539062,88.66620635986328,137.96665954589844,97.44446563720703
2024-02-16,,7686.53857421875,411.1764221191406,140.60374450683594,695.1766967773438,89.005859375,131.60011291503906,92.16704559326172
2024-02-19,,7414.7998046875,410.23516845703125,139.88145446777344,702.2623901367188,89.41021728515625,135.6269989013672,98.65707397460938
2024-02-20,,7414.7998046875,440.9991149902344,139.3529510498047,691.6586303710938,88.95732879638672,140.57666015625,96.50511932373047
2024-02-21,,7414.7998046875,474.0715637207031,140.09286499023438,717.1847534179688,90.3644790649414,147.17625427246094,100.08316802978516
2024-02-22,,7414.7998046875,463.6484680175781,140.04002380371094,707.95458984375,91.34300994873047,150.4014892578125,99.64766693115234
2024-02-23,,7414.7998046875,474.1706237792969,140.99134826660156,719.9913940429688,92.00615692138672,152.3776092529297,106.92333221435547
2024-02-26,,7105.361328125,485.4754943847656,141.81935119628906,725.0017700195312,92.79867553710938,151.9861297607422,106.75253295898438
2024-02-27,,7292.837890625,477.5591125488281,139.0182342529297,727.6897583007812,93.14641571044922,148.0151824951172,103.38796997070312
2024-02-28,,7292.837890625,473.5365295410156,137.64405822753906,751.9312744140625,92.83912658691406,149.8981170654297,105.18126678466797
2024-02-29,,7292.837890625,468.8897399902344,138.1637725830078,743.53125,93.7853012084961,153.2351837158203,106.84647369384766
2024-03-01,,7377.2021484375,457.7532958984375,137.32693481445312,738.28369140625,94.66678619384766,156.94512939453125,105.31790924072266
2024-03-04,,7377.2021484375,465.669677734375,137.41502380371094,754.8959350585938,93.34050750732422,160.00254821777344,112.8668441772461
2024-03-05,,7196.7568359375,452.4129638671875,140.49807739257812,754.7576293945312,93.56694793701172,156.56295776367188,109.28878021240234
2024-03-06,,7686.53857421875,455.7618103027344,139.08865356445312,749.85595703125,93.76911926269531,159.1170196533203,109.85238647460938
2024-03-07,,7395.94970703125,454.7710266113281,139.13314819335938,744.0352783203125,92.94424438476562,160.28219604492188,112.1666030883789
2024-03-08,,7545.931640625,450.8078918457031,137.35450744628906,749.0653686523438,92.56415557861328,162.510009765625,112.39293670654297
2024-03-11,,7103.2705078125,467.6512451171875,138.94639587402344,754.0856323242188,92.7339859008789,160.9999542236328,111.31349182128906
2024-03-12,,7011.623046875,456.7525939941406,136.0828094482422,749.7868041992188,91.93336486816406,155.8731689453125,107.58766174316406
2024-03-13,,6965.5791015625,455.3456726074219,135.1757049560547,746.071044921875,91.213623046875,149.14308166503906,105.80309295654297
2024-03-14,,7030.37109375,452.3931579589844,136.162841796875,756.1016235351562,91.90911102294922,156.82394409179688,110.38203430175781
2024-03-15,,7030.37109375,452.3931579589844,137.0166015625,765.9840087890625,91.86058044433594,154.27919006347656,107.67471313476562
2024-03-18,,7030.37109375,445.9629211425781,137.19442749023438,752.7910766601562,91.03074645996094,154.92236328125,107.361328125
2024-03-19,,6955.3798828125,448.38043212890625,138.24383544921875,753.9275512695312,90.7289810180664,157.29934692382812,107.13497924804688
2024-03-20,,7039.74462890625,450.8078918457031,139.50665283203125,753.3345336914062,90.70384979248047,157.40188598632812,106.29928588867188
2024-03-21,,7039.74462890625,446.3493347167969,139.49777221679688,742.2366943359375,89.6895980834961,156.75869750976562,104.6017837524414
2024-03-22,,6749.15576171875,444.8631591796875,138.0926513671875,738.5603637695312,88.0047607421875,157.345947265625,102.71273803710938
2024-03-26,,6936.6328125,444.5560302734375,144.9314727783203,741.9896240234375,87.35095977783203,158.31536865234375,106.54303741455078
2024-03-27,,7156.91748046875,448.0237731933594,144.06886291503906,751.4371948242188,87.56050872802734,159.05177307128906,106.78678131103516
2024-03-28,,7124.41845703125,465.669677734375,144.49569702148438,760.6574096679688,88.5579833984375,161.3541717529297,106.90865325927734
2024-03-29,,7124.41845703125,474.4183044433594,145.07376098632812,755.9829711914062,87.5269775390625,160.83216857910156,105.89884948730469
2024-04-01,,7124.41845703125,474.3687744140625,144.06886291503906,747.7510375976562,88.0047607421875,159.60174560546875,104.26226806640625
2024-04-02,,7124.41845703125,451.36273193359375,144.36231994628906,753.225830078125,87.6778564453125,157.51373291015625,103.66161346435547
2024-04-03,,7124.41845703125,460.2203674316406,145.73184204101562,789.2669067382812,89.24533081054688,157.7001495361328,106.33411407470703
2024-04-04,,7093.072265625,494.7393493652344,145.18048095703125,781.7760620117188,91.24030303955078,158.995849609375,109.07625579833984
2024-04-05,,7093.072265625,,,,,,
2024-04-08,,7110.927734375,518.8055419921875,145.74961853027344,790.2354736328125,92.4557113647461,161.9787139892578,111.55722045898438
2024-04-09,,7110.927734375,540.27587890625,145.41168212890625,787.21142578125,91.91088104248047,168.13084411621094,111.60074615478516
2024-04-10,,7110.927734375,,,,,,
2024-04-15,,7071.5615234375,525.1168823242188,144.43344116210938,790.2156372070312,93.00894927978516,172.88478088378906,115.8402099609375
2024-04-16,,7071.5615234375,530.3977661132812,143.1795196533203,790.620849609375,97.07431030273438,170.42393493652344,116.12745666503906
2024-04-17,,7142.0419921875,527.0984497070312,142.93051147460938,794.6923828125,96.7474136352539,166.91908264160156,114.24715423583984
2024-04-18,,7092.7060546875,535.0247192382812,142.2902069091797,782.4580078125,95.85051727294922,168.39186096191406,114.54310607910156
2024-04-19,,7142.0419921875,542.9510498046875,145.5540008544922,779.2462158203125,96.46241760253906,170.7781524658203,116.510498046875
2024-04-22,,7190.91845703125,544.9326171875,145.8296661376953,796.7775268554688,96.00138854980469,170.4425811767578,118.1209716796875
2024-04-23,,7217.560546875,544.8930053710938,144.37120056152344,816.47314453125,97.18328857421875,167.9910430908203,116.81519317626953
2024-04-24,,7241.65478515625,549.8270874023438,144.17555236816406,849.7866821289062,99.0776596069336,168.4757537841797,116.96316528320312
2024-04-25,,7227.4375,569.45458984375,143.20620727539062,837.5424194335938,98.6836929321289,168.1588134765625,118.81739044189453
2024-04-26,,7351.23828125,572.298095703125,153.94911193847656,853.601318359375,98.81781005859375,167.41310119628906,119.39190673828125
2024-04-29,,7033.22021484375,560.2105102539062,162.19305419921875,836.7122802734375,97.80355834960938,164.85902404785156,116.84129333496094
2024-04-30,,7033.97119140625,560.220458984375,151.53907775878906,827.7984008789062,97.62754821777344,165.53018188476562,116.27546691894531
2024-05-02,,7033.97119140625,554.4243774414062,147.35040283203125,826.88916015625,94.39201354980469,162.75238037109375,115.34400939941406
2024-05-03,,7128.04931640625,554.6819458007812,150.66754150390625,838.8270874023438,93.96451568603516,166.54620361328125,120.42784118652344
2024-05-06,,7104.453125,596.2553100585938,157.79983520507812,849.8855590820312,93.88069915771484,166.97500610351562,119.2352294921875
2024-05-07,,7076.26025390625,609.1355590820312,156.4036102294922,843.6497192382812,94.61833190917969,165.84710693359375,117.38101959228516
2024-05-08,,7048.068359375,604.5284423828125,150.29405212402344,832.2059326171875,95.35595703125,165.77252197265625,118.10560607910156
2024-05-09,,7048.068359375,628.802734375,152.41949462890625,826.2764282226562,95.18830871582031,165.94964599609375,117.92886352539062
2024-05-10,,7036.3212890625,635.9957885742188,152.13491821289062,852.0892944335938,94.68538665771484,169.08164978027344,118.32649993896484
2024-05-13,,6955.03369140625,658.3875732421875,156.14573669433594,856.5264282226562,95.079345703125,170.7222137451172,119.1305923461914
2024-05-14,,6866.30322265625,663.8269653320312,154.98960876464844,869.225341796875,96.31153106689453,171.2535400390625,123.18647003173828
2024-05-15,,6935.298828125,663.80712890625,158.360107421875,882.556640625,96.47917175292969,168.2240753173828,123.10693359375
2024-05-16,,6841.32470703125,662.3308715820312,156.0211944580078,881.4498291015625,97.2168197631836,166.43435668945312,121.92284393310547
2024-05-17,,6982.1171875,663.0938110351562,155.78111267089844,876.251708984375,96.78092956542969,166.91908264160156,122.02005004882812
2024-05-20,,6970.83984375,659.8638305664062,153.0153350830078,873.6823120117188,95.38111114501953,165.05477905273438,120.29698181152344
2024-05-21,,6880.1171875,673.1998291015625,153.8601837158203,871.7255859375,95.31404876708984,165.76321411132812,119.54589080810547
2024-05-22,,6766.14501953125,683.5733642578125,154.58053588867188,865.588623046875,94.66024780273438,163.33963012695312,120.04956817626953
2024-05-23,,6766.14501953125,683.3554077148438,153.8601837158203,862.1693115234375,94.96199798583984,165.0081787109375,123.31898498535156
2024-05-24,,6758.740234375,673.9924926757812,152.52621459960938,880.0070190429688,95.80021667480469,165.4742431640625,122.96554565429688
2024-05-27,,6766.13671875,670.5543823242188,150.9788055419922,877.5166625976562,97.04916381835938,162.85491943359375,121.03923034667969
2024-05-28,,6766.13671875,670.5543823242188,150.9788055419922,877.5166625976562,97.04916381835938,162.85491943359375,121.03923034667969
2024-05-29,,6728.37744140625,668.7809448242188,148.73776245117188,876.0540771484375,95.40625762939453,160.17965698242188,117.16895294189453
2024-05-30,,6761.916015625,669.623046875,151.06773376464844,887.408935546875,95.33081817626953,158.86532592773438,116.74479675292969
2024-05-31,,6761.0234375,672.9818725585938,151.04994201660156,888.278564453125,95.53199005126953,157.8213348388672,117.93770599365234
2024-06-03,,6906.34521484375,668.2855224609375,150.32070922851562,890.7788696289062,94.78598022460938,156.3392333984375,116.78898620605469
2024-06-04,,6860.03515625,661.1023559570312,148.90670776367188,898.0918579101562,93.86392974853516,156.3392333984375,114.43853759765625
2024-06-05,,6860.1201171875,668.7809448242188,148.52427673339844,899.1097412109375,91.24030303955078,156.07823181152344,111.94670867919922
2024-06-06,,6849.068359375,668.7809448242188,147.6883544921875,904.2979125976562,91.21514892578125,153.80380249023438,110.57708740234375
2024-06-07,,6573.80859375,683.6427001953125,145.3494415283203,900.177001953125,89.56385803222656,151.50140380859375,109.37535858154297
2024-06-10,,6577.6513671875,683.7120971679688,149.13792419433594,891.6583862304688,88.4155044555664,152.93690490722656,107.11326599121094
2024-06-11,,6576.30810546875,673.7744750976562,152.20606994628906,885.89697265625,88.01315307617188,150.79296875,104.9925537109375
2024-06-12,,6573.498046875,674.1509399414062,151.1300048828125,880.0465698242188,87.81197357177734,152.72250366210938,105.25765228271484
2024-06-13,,6586.3544921875,705.994873046875,154.50938415527344,945.9917602539062,91.79352569580078,159.9932403564453,114.20879364013672
2024-06-14,,6670.21630859375,722.51123046875,155.7989044189453,935.3088989257812,94.19082641601562,160.02120971679688,115.94071960449219
2024-06-20,,6670.55419921875,718.785888671875,155.7277374267578,939.8646850585938,102.19584655761719,158.6229705810547,118.72412109375
2024-06-21,,6656.8818359375,715.3082885742188,153.8512725830078,906.6301879882812,105.32240295410156,155.901123046875,118.18511199951172
2024-06-24,,6762.38623046875,703.4584350585938,153.44219970703125,889.7609252929688,106.31150817871094,155.7706298828125,116.3206558227539
2024-06-25,,6725.12548828125,702.2496948242188,152.99754333496094,893.7534790039062,105.8756332397461,156.3392333984375,114.03207397460938
2024-06-26,,6497.37890625,703.953857421875,153.4244384765625,891.3816528320312,103.69625091552734,157.1035919189453,119.5900650024414
2024-06-27,,6509.52001953125,708.4124145507812,155.31866455078125,892.3599853515625,103.90580749511719,156.17144775390625,121.20711517333984
2024-06-28,,6723.0771484375,726.2266845703125,155.37200927734375,896.0658569335938,103.9644775390625,154.93170166015625,119.61659240722656
2024-07-01,,6579.08935546875,752.8689575195312,153.78903198242188,888.4169921875,104.83624267578125,153.3470458984375,119.7579574584961
2024-07-02,,6513.35498046875,760.7754516601562,156.33245849609375,891.0457153320312,105.64092254638672,156.3392333984375,119.94353485107422
2024-07-03,,6634.9677734375,792.8175048828125,158.12887573242188,902.43017578125,111.08097839355469,160.2542266845703,120.83601379394531
2024-07-04,,6578.5634765625,786.2485961914062,167.86688232421875,915.23779296875,111.24024963378906,162.30494689941406,119.52822875976562
2024-07-05,,6578.2626953125,772.8135375976562,168.00027465820312,908.2608032226562,116.51264953613281,161.04656982421875,117.47819519042969
2024-07-08,,6630.0234375,785.08935546875,173.29168701171875,917.2537231445312,119.8487548828125,162.7803497314453,118.0172119140625
2024-07-09,,6578.15966796875,781.21533203125,177.6048583984375,913.0142211914062,117.81189727783203,166.29452514648438,118.58274841308594
2024-07-10,,6615.2509765625,782.7213745117188,175.9507293701172,899.7421875,115.64089965820312,163.18116760253906,117.63726806640625
2024-07-11,,6623.19140625,769.801513671875,171.7709503173828,895.7299194335938,117.30895233154297,160.6737060546875,117.22196197509766
2024-07-12,,6620.48486328125,790.6080322265625,171.93104553222656,892.616943359375,122.90826416015625,156.59092712402344,115.60491943359375
2024-07-15,,6719.15771484375,789.6172485351562,171.6731414794922,913.6071166992188,124.70205688476562,159.34072875976562,117.2838134765625
2024-07-16,,6719.15771484375,789.6172485351562,171.6731414794922,913.6071166992188,124.70205688476562,159.34072875976562,117.2838134765625
2024-07-17,,6719.15771484375,789.6172485351562,171.6731414794922,913.6071166992188,124.70205688476562,159.34072875976562,117.2838134765625
2024-07-18,,6717.720703125,785.6937255859375,173.65631103515625,916.7200927734375,124.1739730834961,160.30084228515625,120.81831359863281
2024-07-19,,6582.89501953125,759.9134521484375,170.17018127441406,916.789306640625,118.77583312988281,156.7120819091797,118.41484832763672
2024-07-22,,6576.3173828125,718.052734375,165.0299835205078,898.9713134765625,119.38773345947266,150.30825805664062,114.64177703857422
2024-07-23,,6531.20947265625,711.8504028320312,164.15841674804688,896.97509765625,118.44893646240234,151.4361572265625,116.52389526367188
2024-07-24,,6596.9921875,730.705078125,165.91038513183594,901.876708984375,118.59981536865234,152.0140838623047,116.50624084472656
2024-07-25,,6537.75048828125,717.0619506835938,164.38966369628906,892.7553100585938,117.13292694091797,153.8131103515625,116.02022552490234
2024-07-26,,6484.22265625,705.4895629882812,162.6643829345703,890.1265869140625,114.76914978027344,151.05397033691406,114.02323150634766
2024-07-29,,6531.14453125,728.90185546875,163.39361572265625,892.033935546875,114.09019470214844,151.79969787597656,117.24847412109375
2024-07-30,,6439.86669921875,743.0899047851562,158.9292755126953,884.8099365234375,112.01139831542969,150.38282775878906,116.33834075927734
2024-07-31,,6545.77587890625,739.5429077148438,155.37200927734375,860.7561645507812,110.52776336669922,148.7049560546875,114.19111633300781
2024-08-01,,6484.22265625,731.2005004882812,154.34043884277344,870.3815307617188,111.68450927734375,147.05506896972656,113.52839660644531
2024-08-02,,6606.0791015625,734.2719116210938,165.7769775390625,875.6785278320312,113.89740753173828,150.42010498046875,115.30448913574219
2024-08-05,,6539.0986328125,735.4113159179688,167.69790649414062,859.4615478515625,110.29305267333984,148.08973693847656,114.20879364013672
2024-08-06,,6681.0703125,735.4014282226562,168.80955505371094,845.359375,111.05583190917969,145.47975158691406,114.58873748779297
2024-08-07,,6599.701171875,737.7297973632812,166.7285614013672,846.39697265625,112.40536499023438,144.37982177734375,114.11158752441406
2024-08-08,,6612.123046875,729.803466796875,172.17117309570312,859.5900268554688,114.17401123046875,148.15501403808594,122.42652130126953
2024-08-09,,6588.25244140625,733.578369140625,172.94483947753906,869.1166381835938,115.55706787109375,150.30825805664062,120.01422119140625
2024-08-12,,6494.68017578125,733.1820678710938,172.98931884765625,850.4883422851562,115.18826293945312,147.93128967285156,117.99955749511719
2024-08-13,,6538.12451171875,728.6541748046875,173.41619873046875,858.2262573242188,114.83621215820312,147.49317932128906,118.27348327636719
2024-08-15,,6492.7705078125,738.135986328125,173.3895263671875,838.1254272460938,115.64927673339844,147.744873046875,116.8685073852539
2024-08-16,,6532.6728515625,731.2401123046875,177.97837829589844,854.5895385742188,115.1463394165039,146.93389892578125,116.03789520263672
2024-08-19,,6508.67822265625,713.80224609375,176.8756103515625,842.9876708984375,115.12120056152344,146.11361694335938,116.48855590820312
2024-08-20,,6562.8837890625,722.8283081054688,172.4557342529297,839.52880859375,114.7607650756836,146.1229248046875,117.38986206054688
2024-08-21,,6536.99755859375,723.274169921875,170.52590942382812,839.8746337890625,113.98960876464844,145.44247436523438,118.4678955078125
2024-08-22,,6588.25244140625,720.7179565429688,168.00917053222656,851.6741943359375,112.23772430419922,148.9752960205078,119.23662567138672
2024-08-23,,6659.8642578125,792.7877197265625,168.16925048828125,839.963623046875,112.3802261352539,148.49989318847656,119.31614685058594
2024-08-26,,6575.98291015625,717.2105712890625,169.3609161376953,830.0812377929688,108.18912506103516,148.36940002441406,118.91852569580078
2024-08-27,,6553.44970703125,727.7822265625,166.17718505859375,824.675537109375,107.69456481933594,150.2150421142578,117.61076354980469
2024-08-28,,6509.146484375,724.2451171875,167.40443420410156,820.337158203125,107.22515869140625,149.85150146484375,117.18660736083984
2024-08-29,,6583.46923828125,740.5634155273438,165.69696044921875,819.9320068359375,106.48751831054688,150.6717987060547,117.39869689941406
2024-08-30,,6588.25244140625,715.5559692382812,165.51907348632812,820.0209350585938,105.1296157836914,149.78627014160156,117.43402099609375
2024-09-02,,6550.85302734375,731.9733276367188,164.32740783691406,817.8961791992188,103.29390716552734,150.15911865234375,117.6549301147461
2024-09-03,,6683.734375,734.6286010742188,163.63375854492188,817.7084350585938,103.59712982177734,151.6785125732422,118.45020294189453
2024-09-04,,6605.1240234375,733.1820678710938,165.76809692382812,832.0082397460938,103.92633819580078,152.61996459960938,121.68427276611328
2024-09-05,,6602.5751953125,724.55224609375,164.13177490234375,831.5240478515625,102.6874771118164,151.2404022216797,121.23362731933594
2024-09-06,,6681.34765625,725.2062377929688,154.8384246826172,832.7692260742188,103.52781677246094,151.5386962890625,120.8271713256836
2024-09-09,,6683.72509765625,733.0037231445312,153.36216735839844,843.4817504882812,101.04142761230469,150.23367309570312,120.49137878417969
2024-09-10,,6664.63818359375,759.6954956054688,155.62991333007812,865.7566528320312,103.73574829101562,151.16583251953125,120.23513793945312
2024-09-11,,6655.09033203125,749.1634521484375,156.3235626220703,868.6422729492188,101.3792953491211,149.73965454101562,121.10990905761719
2024-09-12,,6683.2578125,762.9552001953125,154.75839233398438,848.47265625,100.86815643310547,151.81832885742188,122.4000244140625
2024-09-13,,6669.24951171875,761.7860717773438,155.21192932128906,844.5458374023438,100.06245422363281,154.1114044189453,125.51036834716797
2024-09-16,,6664.63818359375,757.9616088867188,156.6348419189453,838.7646484375,100.4956283569336,154.9037322998047,124.617919921875
2024-09-17,,6664.63818359375,757.9616088867188,156.6348419189453,838.7646484375,100.4956283569336,154.9037322998047,124.617919921875
2024-09-18,,6589.7900390625,765.5411376953125,158.96485900878906,848.2743530273438,100.72088623046875,156.80531311035156,125.713623046875
2024-09-19,,6647.4990234375,773.269287109375,158.20892333984375,859.24169921875,103.67509460449219,157.47645568847656,128.88584899902344
2024-09-20,,6647.97607421875,773.0612182617188,158.19114685058594,883.7943115234375,110.76177215576172,156.27398681640625,124.84765625
2024-09-23,,6643.69873046875,756.93115234375,157.65753173828125,879.7285766601562,111.16028594970703,155.17405700683594,122.47954559326172
2024-09-24,,6594.0009765625,762.7074584960938,154.8295440673828,877.7255249023438,111.26425170898438,153.2258758544922,123.51338195800781
2024-09-25,,6594.0009765625,756.5547485351562,155.62103271484375,888.6829833984375,112.14791107177734,154.19529724121094,127.48970031738281
2024-09-26,,6555.36865234375,774.2501831054688,155.51429748535156,883.3579711914062,111.58480072021484,152.49880981445312,126.85350036621094
2024-09-27,,6577.2626953125,768.6324462890625,153.7623748779297,888.3656616210938,110.77043914794922,150.25233459472656,127.10977172851562
2024-09-30,,6492.7705078125,758.1795654296875,152.9619903564453,876.6347045898438,110.06002807617188,150.34555053710938,126.73863983154297
2024-10-01,,6503.51220703125,758.031005859375,151.14779663085938,881.9696655273438,108.24072265625,152.0140838623047,129.05372619628906
2024-10-02,,6494.93798828125,759.665771484375,152.4105987548828,887.6119995117188,109.69617462158203,153.8876953125,130.5647430419922
2024-10-03,,6494.71826171875,755.2468872070312,151.35232543945312,893.3634033203125,111.05633544921875,156.84259033203125,132.13758850097656
2024-10-04,,6491.13818359375,753.18603515625,155.2030487060547,924.4309692382812,112.1392593383789,164.5793914794922,137.00637817382812
2024-10-07,,6492.67529296875,781.7008666992188,162.47764587402344,918.0350341796875,111.84469604492188,174.09658813476562,147.49501037597656
2024-10-08,,6555.06396484375,789.6370239257812,162.15750122070312,897.2605590820312,119.33854675292969,177.470947265625,152.1075439453125
2024-10-09,,6555.06396484375,789.6370239257812,162.15750122070312,897.2605590820312,119.33854675292969,177.470947265625,152.1075439453125
2024-10-10,,6471.52587890625,793.1444702148438,159.2863006591797,866.4705810546875,119.2432632446289,183.1756591796875,150.62307739257812
2024-10-11,,6618.28173828125,782.1367797851562,156.56143188476562,838.040771484375,117.86578369140625,192.6276092529297,150.2165985107422
2024-10-14,,6485.1318359375,777.7575073242188,154.6869354248047,837.5053100585938,117.27666473388672,193.00047302246094,147.6187286376953
2024-10-15,,6492.7705078125,767.8595581054688,153.17820739746094,837.108642578125,118.90538024902344,189.6409454345703,150.52589416503906
2024-10-16,,6588.25244140625,766.3238525390625,152.8124237060547,833.4990844726562,116.81749725341797,199.83702087402344,153.43051147460938
2024-10-17,,6492.7705078125,762.965087890625,154.129150390625,833.5784301757812,116.1590805053711,197.72140502929688,152.01890563964844
2024-10-18,,6490.29833984375,786.2783203125,154.59548950195312,830.7225952148438,116.10709381103516,192.96128845214844,149.91961669921875
2024-10-21,,6491.84375,793.6200561523438,155.43673706054688,837.3961791992188,117.1467056274414,195.56661987304688,150.99639892578125
2024-10-22,,6491.85400390625,792.728271484375,155.90306091308594,859.271484375,117.19868469238281,192.43238830566406,151.08688354492188
2024-10-23,,6475.48828125,803.4189453125,151.36770629882812,856.365966796875,120.19624328613281,191.3060302734375,153.05047607421875
2024-10-24,,6325.638671875,810.512939453125,152.80328369140625,882.58447265625,123.32736206054688,201.02215576171875,158.64259338378906
2024-10-25,,6268.5029296875,891.5691528320312,153.7451171875,901.7625122070312,123.79125213623047,220.35647583007812,158.8959503173828
2024-10-28,,6350.7890625,889.3101806640625,152.6935577392578,908.3865356445312,124.76358032226562,229.16172790527344,157.88247680664062
2024-10-29,,6376.283203125,946.8550415039062,152.9038848876953,911.0341186523438,124.68330383300781,225.80221557617188,158.60641479492188
2024-10-30,,6352.17333984375,933.6478881835938,151.38597106933594,893.1849365234375,122.19444274902344,218.8775177001953,157.36671447753906
2024-10-31,,6279.59228515625,916.1406860351562,151.55059814453125,875.8018188476562,116.63690948486328,217.23204040527344,155.75604248046875
2024-11-01,,6290.94970703125,903.7261352539062,150.5447540283203,914.6832885742188,119.47366333007812,232.14906311035156,162.41592407226562
2024-11-04,,6344.74609375,909.6609497070312,154.51319885253906,950.6395874023438,117.76982879638672,236.71327209472656,163.45651245117188
2024-11-05,,6325.57763671875,915.6156005859375,153.65365600585938,978.4943237304688,116.36038208007812,234.25486755371094,165.87254333496094
2024-11-06,,6331.33740234375,899.386474609375,153.15989685058594,993.2297973632812,117.2345962524414,232.31556701660156,164.24424743652344
2024-11-07,,6323.74658203125,891.9655151367188,153.53480529785156,1007.5984497070312,115.59320068359375,230.699462890625,168.54953002929688
2024-11-08,,6320.14306640625,889.0327758789062,154.7235107421875,993.5372314453125,115.03118896484375,241.74766540527344,176.08377075195312
2024-11-11,,6315.552734375,975.6472778320312,154.9795379638672,985.4058837890625,113.68418884277344,244.29421997070312,181.81492614746094
2024-11-12,,6291.70703125,987.4872436523438,159.11256408691406,981.4196166992188,111.94466400146484,241.26773071289062,179.1011199951172
2024-11-13,,6280.2919921875,1010.3843383789062,157.64039611816406,1009.8196411132812,111.81978607177734,241.00326538085938,174.87864685058594
2024-11-14,,6308.326171875,984.7724609375,159.08514404296875,1032.58740234375,116.44064331054688,242.41368103027344,179.2667236328125
2024-11-15,,6325.5869140625,999.5352172851562,160.7950439453125,1036.38525390625,119.42012786865234,249.9358367919922,178.6319580078125
2024-11-18,,6285.6591796875,991.4404296875,163.11758422851562,1049.4251708984375,123.41657257080078,249.97503662109375,178.5583953857422
2024-11-19,,6325.57763671875,1060.99365234375,163.55650329589844,1037.267822265625,123.3451919555664,256.77239990234375,179.81866455078125
2024-11-20,,6412.95703125,1038.562255859375,160.73101806640625,1019.3292846679688,119.61638641357422,251.58131408691406,179.33111572265625
2024-11-21,,6341.208984375,1074.8250732421875,162.28549194335938,1032.4486083984375,120.33895111083984,260.6118469238281,183.6731719970703
2024-11-22,,6421.41943359375,1013.6737060546875,158.90225219726562,1018.2881469726562,129.08114624023438,263.6775207519531,179.1011199951172
2024-11-25,,6421.41943359375,989.280517578125,158.0244598388672,990.4136352539062,131.29345703125,268.22216796875,177.380859375
2024-11-26,,6327.49462890625,909.4132690429688,151.40428161621094,940.12841796875,137.83226013183594,256.3316345214844,165.1549835205078
2024-11-27,,6326.04736328125,983.3656005859375,156.96376037597656,987.369384765625,151.61459350585938,279.9951477050781,173.2135772705078
2024-11-28,,6310.11865234375,1011.9200439453125,160.25555419921875,1011.1286010742188,158.2872314453125,285.12744140625,178.11680603027344
2024-11-29,,6297.466796875,1082.2955322265625,160.11839294433594,1011.0096435546875,161.4629364013672,286.71417236328125,179.61627197265625
2024-12-02,,6357.0810546875,1108.3731689453125,164.36114501953125,1031.387451171875,162.7475128173828,286.54766845703125,176.4057159423828
2024-12-03,,6403.57373046875,1112.7523193359375,165.90646362304688,1049.325927734375,159.0008544921875,295.86224365234375,176.50692749023438
2024-12-04,,6423.29736328125,1107.025634765625,164.40687561035156,1058.08203125,155.0133514404297,301.6605529785156,177.48204040527344
2024-12-05,,6432.3642578125,1101.754638671875,167.57980346679688,1109.507568359375,155.68240356445312,303.4627380371094,181.60333251953125
2024-12-06,,6436.6875,1104.7667236328125,171.0361785888672,1105.322998046875,155.3612518310547,296.56744384765625,179.1839141845703
2024-12-09,,7080.35302734375,1120.559814453125,171.75856018066406,1157.3533935546875,149.08116149902344,299.0650329589844,181.29055786132812
2024-12-10,,7026.0009765625,1112.3065185546875,168.71363830566406,1192.466796875,146.1195068359375,292.5321044921875,178.24559020996094
2024-12-11,,6857.759765625,1103.726318359375,173.1758575439453,1208.3228759765625,146.4228057861328,303.5900573730469,188.4476318359375
2024-12-12,,7049.3671875,1144.9034423828125,182.16427612304688,1214.8179931640625,151.12399291992188,333.0029296875,196.3222198486328
2024-12-13,,7114.44384765625,1171.1097412109375,178.53414916992188,1246.877197265625,144.54055786132812,356.2844543457031,205.0983428955078
2024-12-16,,7270.9248046875,1231.616943359375,173.6696014404297,1228.462646484375,142.3996124267578,378.7334289550781,214.6103973388672
2024-12-17,,7199.15869140625,1217.6568603515625,170.4143829345703,1172.6739501953125,145.896484375,368.0769958496094,204.83155822753906
2024-12-18,,7120.10791015625,1216.408447265625,167.00372314453125,1126.1767578125,144.26402282714844,386.9411926269531,203.08367919921875
2024-12-19,,6940.27978515625,1178.87744140625,167.38778686523438,1075.0982666015625,137.81442260742188,372.86651611328125,194.26158142089844
2024-12-20,,7007.63720703125,1171.0997314453125,167.39694213867188,1098.153564453125,139.65206909179688,388.8902893066406,197.4813232421875
2024-12-23,,7024.6015625,1221.342529296875,173.88906860351562,1122.6466064453125,142.90809631347656,427.78424072265625,213.96644592285156
2024-12-24,,6931.298828125,1206.9068603515625,173.19415283203125,1106.4434814453125,141.19532775878906,423.64117431640625,211.7034454345703
2024-12-26,,7121.84326171875,1188.94384765625,173.77935791015625,1055.0872802734375,139.91969299316406,410.4675598144531,201.8509979248047
2024-12-27,,7070.94140625,1200.9521484375,171.27392578125,1062.2269287109375,139.32200622558594,418.92022705078125,203.39646911621094
2024-12-30,,7092.31396484375,1238.701171875,178.2598419189453,1089.7445068359375,152.98837280273438,435.4826965332031,207.40736389160156
