Date,KSE100,Nestle_PK,Abbott_PK,Lucky_Cement,HBL_Bank
2010-01-01,,562.9599609375,47.50067138671875,50.97492980957031,21.34019660949707
2010-01-04,9437.849609375,562.9599609375,47.50067138671875,50.97492980957031,21.34019660949707
2010-01-05,9657.3798828125,562.9599609375,47.50067138671875,50.97492980957031,21.34019660949707
2010-01-06,9727.3603515625,562.9599609375,47.50067138671875,50.97492980957031,21.34019660949707
2010-01-07,9737.4697265625,562.9599609375,47.50067138671875,50.97492980957031,21.34019660949707
2010-01-08,9776.2099609375,562.9599609375,47.50067138671875,50.97492980957031,21.34019660949707
2010-01-11,9797.0,562.9599609375,47.50067138671875,50.97492980957031,21.34019660949707
2010-01-12,9778.3603515625,562.9599609375,47.50067138671875,50.97492980957031,21.34019660949707
2010-01-13,9784.849609375,562.9599609375,47.50067138671875,50.97492980957031,21.34019660949707
2010-01-14,9802.4501953125,562.9599609375,47.50067138671875,50.97492980957031,21.34019660949707
2010-01-15,9923.1396484375,562.9599609375,47.50067138671875,50.97492980957031,21.34019660949707
2010-01-18,,562.9599609375,47.50067138671875,50.97492980957031,21.34019660949707
2010-01-19,9954.41015625,562.9599609375,47.50067138671875,50.97492980957031,21.34019660949707
2010-01-20,9904.740234375,562.9599609375,47.50067138671875,50.97492980957031,21.34019660949707
2010-01-21,9753.83984375,562.9599609375,47.50067138671875,50.97492980957031,21.34019660949707
2010-01-22,9774.0703125,562.9599609375,47.50067138671875,50.97492980957031,21.34019660949707
2010-01-25,9689.2001953125,562.9599609375,47.50067138671875,50.97492980957031,21.34019660949707
2010-01-26,9666.48046875,562.9599609375,47.50067138671875,50.97492980957031,21.34019660949707
2010-01-27,9603.5498046875,562.9599609375,47.50067138671875,50.97492980957031,21.34019660949707
2010-01-28,9579.8095703125,562.9599609375,47.50067138671875,50.97492980957031,21.34019660949707
2010-01-29,9614.1904296875,562.9599609375,47.50067138671875,50.97492980957031,21.34019660949707
2010-02-01,9591.5,562.9599609375,47.50067138671875,50.97492980957031,21.34019660949707
2010-02-02,9595.240234375,562.9599609375,47.50067138671875,50.97492980957031,21.34019660949707
2010-02-03,9627.6298828125,562.9599609375,47.50067138671875,50.97492980957031,21.34019660949707
2010-02-04,9769.73046875,562.9599609375,47.50067138671875,50.97492980957031,21.34019660949707
2010-02-05,,562.9599609375,47.50067138671875,50.97492980957031,21.34019660949707
2010-02-08,9809.98046875,562.9599609375,47.50067138671875,50.97492980957031,21.34019660949707
2010-02-09,9786.4599609375,562.9599609375,47.50067138671875,50.97492980957031,21.34019660949707
2010-02-10,9733.3603515625,562.9599609375,47.50067138671875,50.97492980957031,21.34019660949707
2010-02-11,9802.7998046875,562.9599609375,47.50067138671875,50.97492980957031,21.34019660949707
2010-02-12,9805.8701171875,562.9599609375,47.50067138671875,50.97492980957031,21.34019660949707
2010-02-15,,562.9599609375,47.50067138671875,50.97492980957031,21.34019660949707
2010-02-16,9769.6796875,562.9599609375,47.50067138671875,50.97492980957031,21.34019660949707
2010-02-17,9867.08984375,562.9599609375,47.50067138671875,50.97492980957031,21.34019660949707
2010-02-18,9889.2998046875,562.9599609375,47.50067138671875,50.97492980957031,21.34019660949707
2010-02-19,9902.6201171875,562.9599609375,47.50067138671875,50.97492980957031,21.34019660949707
2010-02-22,9953.0703125,712.3182983398438,57.478702545166016,67.14763641357422,29.789140701293945
2010-02-23,9823.5703125,699.0715942382812,56.82231140136719,65.87300872802734,29.53002166748047
2010-02-24,9686.1796875,701.3526000976562,56.30989074707031,65.07869720458984,29.176715850830078
2010-02-25,9667.169921875,711.512939453125,56.419281005859375,65.2911376953125,29.047163009643555
2010-02-26,9657.7900390625,711.512939453125,56.419281005859375,65.2911376953125,29.047163009643555
2010-03-01,9498.5595703125,710.9203491210938,56.29262924194336,63.074424743652344,28.95530891418457
2010-03-02,9546.3798828125,725.1388549804688,55.987449645996094,64.01652526855469,29.261510848999023
2010-03-03,9419.4296875,710.9203491210938,54.208351135253906,65.25418090820312,29.174362182617188
2010-03-04,9511.5302734375,711.2166748046875,55.02016830444336,65.78064727783203,28.988285064697266
2010-03-05,9626.2900390625,712.1051025390625,54.639732360839844,67.86804962158203,28.992998123168945
2010-03-08,9740.1904296875,712.1051025390625,54.639732360839844,67.86804962158203,28.992998123168945
2010-03-09,9787.0302734375,711.5186157226562,55.555152893066406,70.3895492553711,29.892763137817383
2010-03-10,9784.98046875,719.8068237304688,55.85238265991211,70.7220687866211,29.935171127319336
2010-03-11,9879.7001953125,720.9915771484375,55.89992904663086,71.57179260253906,30.361488342285156
2010-03-12,10025.990234375,712.6975708007812,55.32927322387695,71.19310760498047,27.831783294677734
2010-03-15,10088.4501953125,726.2643432617188,56.48246383666992,71.92278289794922,28.227046966552734
2010-03-16,10017.7099609375,717.5438232421875,56.02476501464844,70.67587280273438,27.92071533203125
2010-03-17,9981.48046875,718.029541015625,55.947479248046875,70.41726684570312,27.567440032958984
2010-03-18,10007.8701171875,718.029541015625,55.87615203857422,71.70110321044922,27.589685440063477
2010-03-19,10000.9296875,718.029541015625,55.87615203857422,71.70110321044922,27.589685440063477
2010-03-22,9963.349609375,728.7276611328125,55.64431381225586,71.1654052734375,27.20923614501953
2010-03-23,,728.7276611328125,55.64431381225586,71.1654052734375,27.20923614501953
2010-03-24,10146.26953125,731.7032470703125,57.82586669921875,72.58777618408203,28.044239044189453
2010-03-25,10127.0302734375,734.8959350585938,57.683204650878906,72.88335418701172,27.782377243041992
2010-03-26,10137.9296875,740.9196166992188,57.653480529785156,74.87836456298828,27.73544692993164
2010-03-29,10056.4599609375,737.9078979492188,58.253841400146484,73.52989196777344,27.61686134338379
2010-03-30,10073.759765625,752.9672241210938,58.09334945678711,73.21585083007812,27.31793212890625
2010-03-31,10178.4296875,771.0385131835938,58.253841400146484,75.0815658569336,27.31546401977539
2010-04-01,10246.76953125,807.1564331054688,57.938804626464844,76.67945098876953,27.164762496948242
2010-04-02,,809.7168579101562,57.956634521484375,77.0396728515625,27.40192985534668
2010-04-05,10447.83984375,807.1928100585938,59.442718505859375,76.18991088867188,27.713199615478516
2010-04-06,10419.8203125,783.0858154296875,62.41485595703125,75.34942626953125,28.143056869506836
2010-04-07,10523.009765625,806.1569213867188,61.33893966674805,76.88264465332031,28.09611701965332
2010-04-08,10533.5703125,824.8366088867188,60.17980194091797,75.59880065917969,27.95530891418457
2010-04-09,10586.4599609375,824.8366088867188,60.17980194091797,75.59880065917969,27.95530891418457
2010-04-12,10557.1904296875,909.373779296875,59.48431396484375,74.70288848876953,27.62179183959961
2010-04-13,10506.2001953125,954.8406982421875,59.43675231933594,74.08406066894531,27.43405532836914
2010-04-14,10570.8798828125,993.4168090820312,60.007408142089844,74.43504333496094,27.646501541137695
2010-04-15,10677.4697265625,955.8406372070312,60.037147521972656,75.04463195800781,27.68851089477539
2010-04-16,10659.2099609375,955.3644409179688,60.732608795166016,76.06983947753906,27.8120174407959
2010-04-19,10669.8798828125,955.3644409179688,60.80394744873047,75.02617645263672,27.782377243041992
2010-04-20,10641.51953125,963.7855224609375,60.42946243286133,74.64747619628906,27.599567413330078
2010-04-21,10590.2099609375,963.19580078125,60.42946243286133,74.3703842163086,27.006668090820312
2010-04-22,10615.150390625,955.3644409179688,60.245182037353516,71.90430450439453,27.33769989013672
2010-04-23,10607.0302734375,955.401123046875,60.5661735534668,71.6826400756836,27.27840232849121
2010-04-26,10556.3701171875,961.3887329101562,60.05498123168945,70.47268676757812,27.103002548217773
2010-04-27,10556.3798828125,955.3644409179688,59.84693145751953,70.26025390625,27.367340087890625
2010-04-28,10519.01953125,948.1362915039062,58.919620513916016,68.7270278930664,27.300643920898438
2010-04-29,10454.6298828125,955.244384765625,58.34302520751953,68.95793151855469,26.98937225341797
2010-04-30,10428.1201171875,964.2738037109375,58.72939682006836,66.9074935913086,26.98689842224121
2010-05-03,10389.4599609375,947.8350219726562,58.699676513671875,65.1618423461914,26.7398624420166
2010-05-04,10467.759765625,951.8468627929688,58.776954650878906,66.31636047363281,27.07830047607422
2010-05-05,10561.740234375,957.0335693359375,58.74723815917969,66.84284210205078,26.952322006225586
2010-05-06,10553.1201171875,957.0335693359375,58.74723815917969,66.84284210205078,26.952322006225586
2010-05-07,10271.4697265625,978.8634033203125,59.12765884399414,67.01831817626953,26.804086685180664
2010-05-10,10288.1396484375,951.756591796875,58.89584732055664,64.76467895507812,26.27295684814453
2010-05-11,10208.8095703125,951.7506713867188,58.8482780456543,66.96290588378906,26.680578231811523
2010-05-12,10222.0400390625,946.3474731445312,58.919620513916016,64.42293548583984,26.048139572143555
2010-05-13,10279.51953125,958.5272216796875,58.93745040893555,64.66307067871094,26.23095703125
2010-05-14,10271.7099609375,963.19580078125,58.8482780456543,64.67229461669922,26.485397338867188
2010-05-17,10033.759765625,929.1612548828125,58.28951644897461,64.28439331054688,26.43352699279785
2010-05-18,10082.0400390625,923.1134643554688,57.956634521484375,64.39521789550781,25.24030876159668
2010-05-19,10050.0400390625,921.228515625,57.66537857055664,64.4136962890625,25.143964767456055
2010-05-20,9993.400390625,928.4083862304688,57.80803680419922,64.16431427001953,25.141494750976562
2010-05-21,9871.16015625,910.80126953125,57.36221694946289,63.914920806884766,24.92656135559082
2010-05-24,9687.41015625,916.5538940429688,56.61916732788086,59.97105026245117,24.420120239257812
2010-05-25,9428.4404296875,926.1497802734375,53.31416702270508,57.54191589355469,23.263965606689453
2010-05-26,9611.5498046875,936.6070556640625,55.28172302246094,59.12132263183594,24.086626052856445
2010-05-27,9439.9697265625,927.1077270507812,53.49843978881836,57.48649597167969,23.48137092590332
2010-05-28,9521.150390625,891.3928833007812,52.695960998535156,57.606563568115234,23.718524932861328
2010-05-31,,895.1336669921875,52.3095703125,55.7408447265625,22.90329360961914
2010-06-01,9294.1796875,895.1336669921875,52.3095703125,55.7408447265625,22.90329360961914
2010-06-02,9499.0595703125,919.878662109375,50.526302337646484,57.10781478881836,23.5703067779541
2010-06-03,9621.2998046875,894.2056274414062,52.3095703125,59.897151947021484,23.95075225830078
2010-06-04,9636.8798828125,906.84375,51.429832458496094,58.78881072998047,23.6864070892334
2010-06-07,9791.6396484375,918.6199951171875,53.7956428527832,60.968570709228516,24.205204010009766
2010-06-08,9763.169921875,933.679443359375,53.49843978881836,61.790592193603516,23.965572357177734
2010-06-09,9678.3798828125,891.3928833007812,52.695960998535156,57.606563568115234,23.718524932861328
2010-06-10,9379.7802734375,929.7337036132812,52.25609588623047,57.54191589355469,23.469011306762695
2010-06-11,9471.1201171875,964.5208129882812,53.3260612487793,58.87194061279297,23.219499588012695
2010-06-14,9229.599609375,961.3822631835938,51.74488067626953,57.44955062866211,22.999637603759766
2010-06-15,9250.5498046875,938.6973876953125,53.96208572387695,56.52592849731445,23.068811416625977
2010-06-16,9436.8798828125,937.6973876953125,54.21175765991211,58.32699966430664,24.123680114746094
2010-06-17,9676.7099609375,960.7861938476562,54.09881591796875,59.426109313964844,25.008092880249023
2010-06-18,9645.7099609375,946.2689819335938,53.59355545043945,58.77033996582031,24.35342025756836
2010-06-21,9651.3095703125,955.5213623046875,56.268463134765625,58.8442268371582,24.405305862426758
2010-06-22,9682.3203125,945.4736328125,54.74673843383789,58.65950393676758,24.472007751464844
2010-06-23,9715.3896484375,992.7420043945312,54.68134307861328,59.40763473510742,24.464599609375
2010-06-24,9791.8896484375,1042.3775634765625,54.11664581298828,59.38916778564453,24.704235076904297
2010-06-25,9796.849609375,1040.456298828125,54.09286117553711,59.84174346923828,24.190385818481445
2010-06-28,9671.5498046875,1016.7284545898438,52.428466796875,58.63179397583008,23.84204864501953
2010-06-29,9702.0302734375,1032.619140625,53.0526123046875,58.798038482666016,24.002626419067383
2010-06-30,9721.91015625,1014.999755859375,55.073673248291016,57.39413833618164,24.02486228942871
2010-07-01,9730.990234375,1023.6138916015625,54.9845085144043,57.920597076416016,24.291675567626953
2010-07-02,9697.650390625,1024.0477294921875,54.39007568359375,57.39413833618164,24.027332305908203
2010-07-05,,982.935546875,53.504390716552734,57.28329849243164,23.98287010192871
2010-07-06,9575.2001953125,939.1009521484375,52.3095703125,56.98773956298828,23.972991943359375
2010-07-07,9789.6904296875,986.0558471679688,53.37361145019531,58.613319396972656,24.136030197143555
2010-07-08,9860.990234375,1022.3970336914062,53.11800765991211,61.31954574584961,25.158788681030273
2010-07-09,9974.400390625,1036.9263916015625,53.40332794189453,62.05845642089844,25.361352920532227
2010-07-12,9979.0703125,1028.6011962890625,53.21311950683594,60.913143157958984,25.116783142089844
2010-07-13,10114.650390625,1047.6126708984375,54.086910247802734,63.259159088134766,25.074792861938477
2010-07-14,10187.0,1063.79833984375,55.28172302246094,63.527000427246094,26.159305572509766
2010-07-15,10095.7998046875,1048.6785888671875,55.216339111328125,62.224700927734375,25.67510986328125
2010-07-16,10153.849609375,1032.474609375,54.9845085144043,62.972835540771484,25.848033905029297
2010-07-19,10201.849609375,1071.0206298828125,55.50759506225586,64.82933044433594,26.30999755859375
2010-07-20,10251.5302734375,1063.4786376953125,55.50759506225586,64.03501892089844,26.087669372558594
2010-07-21,10234.0302734375,1060.6717529296875,56.76779556274414,63.49005126953125,25.890031814575195
2010-07-22,10228.8603515625,1050.654052734375,54.40790939331055,63.527000427246094,25.704757690429688
2010-07-23,10296.0400390625,1103.18115234375,54.9845085144043,63.55471420288086,25.959205627441406
2010-07-26,10297.6796875,1074.8333740234375,54.18202590942383,62.668033599853516,26.507640838623047
2010-07-27,10386.8203125,1074.1107177734375,54.94884490966797,64.50605010986328,26.374244689941406
2010-07-28,10436.2900390625,1066.2012939453125,54.9845085144043,65.76219177246094,26.223533630371094
2010-07-29,10427.2802734375,1069.8580322265625,55.10934066772461,64.17354583740234,26.082719802856445
2010-07-30,10519.01953125,1072.9117431640625,55.65620803833008,64.28439331054688,25.929567337036133
2010-08-02,10373.5302734375,1063.9124755859375,55.51948928833008,63.67479705810547,26.16424560546875
2010-08-03,10388.6396484375,1078.2432861328125,54.883453369140625,63.02824401855469,26.43352699279785
2010-08-04,10390.26953125,1077.646484375,55.816707611083984,64.65383911132812,26.952322006225586
2010-08-05,10351.7197265625,1065.195556640625,56.36333465576172,63.55471420288086,26.43846893310547
2010-08-06,10315.2001953125,1052.78662109375,55.780269622802734,62.788116455078125,26.54222869873047
2010-08-09,10026.2001953125,1059.581298828125,54.055355072021484,58.69644546508789,24.948808670043945
2010-08-10,9892.3203125,1059.581298828125,54.055355072021484,58.69644546508789,24.948808670043945
2010-08-11,9875.6796875,1071.0684814453125,53.933876037597656,58.16073989868164,24.854921340942383
2010-08-12,9792.8095703125,1042.1068115234375,54.055355072021484,59.102848052978516,24.832691192626953
2010-08-13,9823.3701171875,1039.6971435546875,53.447975158691406,60.87621307373047,24.89198112487793
2010-08-16,9537.1298828125,1091.6636962890625,52.38509750366211,59.38916778564453,23.64935302734375
2010-08-17,9677.8798828125,1048.1363525390625,50.60552215576172,60.497520446777344,24.21014976501465
2010-08-18,9705.0,1069.845947265625,50.89706802368164,60.137298583984375,24.180500030517578
2010-08-19,9847.6103515625,1082.465576171875,52.83454513549805,62.06768035888672,24.48189353942871
2010-08-20,9860.349609375,1072.153076171875,52.372947692871094,61.68899154663086,24.316381454467773
2010-08-23,9812.099609375,1114.391357421875,51.32221221923828,61.153297424316406,23.81240463256836
2010-08-24,9637.169921875,1073.8214111328125,51.32221221923828,60.52521896362305,23.431957244873047
2010-08-25,9553.8095703125,1085.393310546875,50.41117858886719,59.76784896850586,22.819293975830078
2010-08-26,9589.3701171875,1075.8394775390625,48.29146957397461,60.488277435302734,23.469011306762695
2010-08-27,9598.7099609375,1095.1156005859375,48.595157623291016,61.46731948852539,23.469011306762695
2010-08-30,9516.419921875,1063.190185546875,47.98171615600586,60.414398193359375,23.194793701171875
2010-08-31,9813.0498046875,1114.391357421875,49.135704040527344,63.43465805053711,24.35342025756836
2010-09-01,9735.3798828125,1059.443115234375,48.133544921875,63.70250701904297,24.18543815612793
2010-09-02,9762.8896484375,1082.5013427734375,49.19643783569336,63.406944274902344,23.86428451538086
2010-09-03,9703.0595703125,1106.0184326171875,47.93313217163086,63.000545501708984,23.713592529296875
2010-09-06,,1152.3712158203125,48.589080810546875,63.323822021484375,23.53818702697754
2010-09-07,9748.1396484375,1136.673583984375,47.97563552856445,63.68402099609375,23.543128967285156
2010-09-08,9891.1298828125,1144.3350830078125,48.589080810546875,65.4296875,23.888994216918945
2010-09-09,9879.330078125,1146.23486328125,49.19643783569336,64.94939422607422,23.55794906616211
2010-09-10,,1146.23486328125,49.19643783569336,64.94939422607422,23.55794906616211
2010-09-13,,1146.23486328125,49.19643783569336,64.94939422607422,23.55794906616211
2010-09-14,10091.25,1136.54296875,50.71485137939453,67.96041870117188,24.48189353942871
2010-09-15,10046.5703125,1131.0640869140625,50.593379974365234,66.75047302246094,24.689395904541016
2010-09-16,10017.1396484375,1126.2481689453125,51.02459716796875,66.31636047363281,24.281789779663086
2010-09-17,10052.9697265625,1144.8165283203125,53.526939392089844,66.2239990234375,24.133569717407227
2010-09-20,10063.580078125,1130.1143798828125,54.2132682800293,65.6975326538086,23.916154861450195
2010-09-21,9992.5,1114.103515625,54.44406509399414,64.60765075683594,23.41713523864746
2010-09-22,9946.419921875,1132.3363037109375,54.298301696777344,64.50605010986328,23.177505493164062
2010-09-23,9866.7998046875,1127.3807373046875,54.176822662353516,63.73945236206055,23.202213287353516
2010-09-24,9909.4404296875,1116.35595703125,53.60589599609375,63.5916633605957,23.214561462402344
2010-09-27,9936.7900390625,1119.9169921875,54.11608123779297,63.914920806884766,23.229381561279297
2010-09-28,9981.0703125,1126.1873779296875,53.903507232666016,64.19200897216797,23.963106155395508
2010-09-29,10022.25,1133.821533203125,53.75773239135742,64.45986938476562,23.72594451904297
2010-09-30,10013.3095703125,1156.80322265625,53.75773239135742,63.87799835205078,23.52336883544922
2010-10-01,10042.4404296875,1159.5792236328125,53.75166702270508,65.71600341796875,23.34549331665039
2010-10-04,10045.0302734375,1156.0789794921875,53.75166702270508,65.8083724975586,23.103395462036133
2010-10-05,10024.8603515625,1144.1103515625,53.75166702270508,65.60517883300781,23.100929260253906
2010-10-06,10029.3603515625,1163.71923828125,54.583763122558594,65.20801544189453,23.100929260253906
2010-10-07,10191.6796875,1173.447265625,55.81669998168945,66.95366668701172,23.501129150390625
2010-10-08,10260.48046875,1194.2010498046875,55.87744140625,67.73875427246094,24.192852020263672
2010-10-11,10322.5498046875,1252.8695068359375,58.549842834472656,68.34834289550781,25.08714485168457
2010-10-12,10292.330078125,1216.3240966796875,56.45442199707031,66.95366668701172,25.16372299194336
2010-10-13,10389.9697265625,1180.1322021484375,56.484806060791016,67.7664566040039,24.877159118652344
2010-10-14,10409.01953125,1187.230224609375,56.12038803100586,67.4339599609375,24.748695373535156
2010-10-15,10431.83984375,1181.647705078125,55.57375717163086,67.69257354736328,24.70669937133789
2010-10-18,10484.3896484375,1171.365478515625,56.181121826171875,65.55411529541016,24.909269332885742
2010-10-19,10464.8896484375,1172.515869140625,55.44620895385742,66.41323852539062,25.48240852355957
2010-10-20,10486.01953125,1169.4110107421875,55.336883544921875,66.5439682006836,25.272430419921875
2010-10-21,10558.740234375,1177.416748046875,55.87744140625,67.41242218017578,26.191421508789062
2010-10-22,10652.48046875,1182.3173828125,57.547691345214844,68.41160583496094,25.786277770996094
2010-10-25,10703.7099609375,1189.5679931640625,57.590206146240234,67.87933349609375,25.719568252563477
2010-10-26,10658.150390625,1187.10888671875,58.88388442993164,67.76727294921875,25.131610870361328
2010-10-27,10704.16015625,1184.0462646484375,60.60273361206055,67.76727294921875,25.050090789794922
2010-10-28,10634.990234375,1186.5546875,60.76670455932617,67.30036926269531,25.237838745117188
2010-10-29,10598.400390625,1201.421142578125,60.73635482788086,68.40225982666016,25.08714485168457
2010-11-01,10538.26953125,1201.037109375,59.977134704589844,67.05757904052734,24.89692497253418
2010-11-02,10681.8701171875,1205.3905029296875,60.280826568603516,68.19682312011719,25.200788497924805
2010-11-03,10617.650390625,1217.56591796875,59.44873809814453,66.77743530273438,25.29959487915039
2010-11-04,10702.1904296875,1211.47802734375,59.52162170410156,67.44043731689453,25.450294494628906
2010-11-05,10882.0,1202.0174560546875,60.42659378051758,69.24270629882812,25.815916061401367
2010-11-08,10992.2802734375,1210.2666015625,59.60664749145508,71.74532318115234,25.810976028442383
2010-11-09,,1210.2666015625,59.60664749145508,71.74532318115234,25.810976028442383
2010-11-10,10941.9404296875,1193.5189208984375,59.70383071899414,73.76238250732422,25.909799575805664
2010-11-11,10905.240234375,1185.0810546875,60.068241119384766,70.59674835205078,25.712160110473633
2010-11-12,10874.01953125,1183.10888671875,59.55197525024414,68.01940155029297,25.744279861450195
2010-11-15,10909.650390625,1176.5963134765625,60.068241119384766,67.89801025390625,25.754161834716797
2010-11-16,10965.990234375,1191.2432861328125,59.64308166503906,68.96255493164062,26.087669372558594
2010-11-17,,1191.2432861328125,59.64308166503906,68.96255493164062,26.087669372558594
2010-11-18,,1191.2432861328125,59.64308166503906,68.96255493164062,26.087669372558594
2010-11-19,,1191.2432861328125,59.64308166503906,68.96255493164062,26.087669372558594
2010-11-22,11205.83984375,1211.4344482421875,61.04003143310547,71.39048767089844,26.54222869873047
2010-11-23,11171.08984375,1219.044921875,61.343719482421875,71.19439697265625,26.463165283203125
2010-11-24,11154.830078125,1237.1395263671875,61.94499588012695,70.48467254638672,26.065425872802734
2010-11-25,,1238.058349609375,61.04003143310547,70.1578369140625,25.68498420715332
2010-11-26,11145.01953125,1230.330810546875,60.73635482788086,69.32673645019531,25.74674415588379
2010-11-29,11163.4296875,1264.1702880859375,60.43266296386719,69.5041732788086,25.704757690429688
2010-11-30,11234.759765625,1282.7703857421875,60.77279281616211,71.25041198730469,26.21365737915039
2010-12-01,11221.8095703125,1327.48828125,60.73635482788086,69.51351928710938,26.216135025024414
2010-12-02,11343.5498046875,1381.4449462890625,61.31942367553711,70.87689208984375,26.791736602783203
2010-12-03,11406.66015625,1348.9190673828125,60.76064682006836,71.39983367919922,28.022003173828125
2010-12-06,11440.0703125,1336.2703857421875,60.80314636230469,72.60443878173828,28.644550323486328
2010-12-07,11431.009765625,1338.2747802734375,60.317264556884766,71.10100555419922,27.856487274169922
2010-12-08,11629.9296875,1405.1884765625,60.73635482788086,70.83954620361328,28.90393829345703
2010-12-09,11569.08984375,1475.44482421875,60.73635482788086,69.56021118164062,28.501272201538086
2010-12-10,11620.150390625,1521.3223876953125,60.73635482788086,69.86835479736328,29.01265525817871
2010-12-13,11596.6904296875,1495.857666015625,60.67561721801758,69.80298614501953,28.647022247314453
2010-12-14,11672.6396484375,1511.3062744140625,62.55843734741211,70.774169921875,29.08922576904297
2010-12-15,11786.08984375,1572.6273193359375,62.10898208618164,71.33446502685547,29.536388397216797
2010-12-16,,1572.6273193359375,62.10898208618164,71.33446502685547,29.536388397216797
2010-12-17,,1572.6273193359375,62.10898208618164,71.33446502685547,29.536388397216797
2010-12-20,11843.650390625,1509.2344970703125,62.25475311279297,72.46438598632812,30.114459991455078
2010-12-21,11825.0595703125,1510.25244140625,65.29156494140625,72.32430267333984,29.113935470581055
2010-12-22,11848.6201171875,1510.955322265625,66.8889389038086,72.22158813476562,28.913829803466797
2010-12-23,11792.830078125,1510.955322265625,65.4312744140625,71.33446502685547,28.622314453125
2010-12-24,,1510.955322265625,65.4312744140625,71.33446502685547,28.622314453125
2010-12-27,11909.73046875,1510.955322265625,65.4312744140625,71.33446502685547,28.622314453125
2010-12-28,11848.0498046875,1510.955322265625,65.4312744140625,71.33446502685547,28.622314453125
2010-12-29,11886.01953125,1498.626953125,66.19046020507812,70.53138732910156,29.41285514831543
2010-12-30,12031.4599609375,1501.5013427734375,66.71281433105469,70.13917541503906,30.81606101989746
2010-12-31,12022.4599609375,1464.615478515625,66.65206909179688,70.774169921875,30.12433624267578
2011-01-03,11849.4599609375,1526.366943359375,66.4759292602539,70.45667266845703,29.892114639282227
2011-01-04,12110.259765625,1514.03857421875,66.71887969970703,70.5687255859375,30.213268280029297
2011-01-05,12140.83984375,1508.4945068359375,66.01432800292969,70.13917541503906,30.862993240356445
2011-01-06,12323.4697265625,1504.7880859375,66.2026138305664,70.08313751220703,30.87535285949707
2011-01-07,12389.0400390625,1524.313232421875,65.89892578125,70.1578369140625,30.87781524658203
2011-01-10,12306.7001953125,1509.759033203125,65.69244384765625,69.83100891113281,30.524551391601562
2011-01-11,12267.2099609375,1522.673095703125,65.6559829711914,69.19600677490234,30.3886661529541
2011-01-12,12281.240234375,1514.1005859375,65.0121841430664,69.73762512207031,31.84375
2011-01-13,12459.4404296875,1572.6273193359375,65.59525299072266,71.48387145996094,31.52259635925293
2011-01-14,12533.5400390625,1603.043212890625,65.14579772949219,71.9694595336914,31.30025291442871
2011-01-17,,1683.1917724609375,65.26119995117188,72.06285095214844,31.322498321533203
2011-01-18,12658.16015625,1730.9442138671875,64.99398040771484,71.0916748046875,31.023563385009766
2011-01-19,12577.6103515625,1742.6370849609375,64.48377990722656,70.28857421875,30.754291534423828
2011-01-20,12411.8701171875,1761.4222412109375,64.47164154052734,69.35475158691406,30.393611907958984
2011-01-21,12431.91015625,1763.63623046875,63.354087829589844,67.50579833984375,30.583826065063477
2011-01-24,12370.58984375,1787.5897216796875,63.16579818725586,66.30117797851562,30.529483795166016
2011-01-25,12455.75,1799.319580078125,60.73635482788086,67.851318359375,30.509719848632812
2011-01-26,12483.33984375,1851.32080078125,58.98713684082031,68.5983657836914,30.178691864013672
2011-01-27,12477.0,1942.6632080078125,58.90817642211914,69.3360824584961,30.90498924255371
2011-01-28,12481.4404296875,2039.48095703125,57.13468551635742,68.87850952148438,30.58877944946289
2011-01-31,12359.3603515625,2132.8701171875,58.786712646484375,67.552490234375,30.396076202392578
2011-02-01,12273.3798828125,2152.376953125,58.434444427490234,67.37507629394531,30.220691680908203
2011-02-02,12242.3896484375,2131.427978515625,58.246150970458984,65.36735534667969,30.808637619018555
2011-02-03,12359.0498046875,2099.920166015625,58.00321578979492,67.00151824951172,30.64064598083496
2011-02-04,12414.41015625,2100.1904296875,57.8878059387207,66.6747055053711,30.724655151367188
2011-02-07,12427.3603515625,2117.3974609375,58.732051849365234,66.91749572753906,30.845701217651367
2011-02-08,12360.9404296875,2127.517333984375,58.300819396972656,66.66535186767578,30.862993240356445
2011-02-09,12299.2802734375,2109.287841796875,58.67131423950195,65.99300384521484,30.830883026123047
2011-02-10,12187.4697265625,2103.09619140625,57.74811553955078,64.06000518798828,30.418317794799805
2011-02-11,11943.33984375,2066.67822265625,57.14076614379883,63.19154739379883,30.176218032836914
2011-02-14,11946.08984375,2114.171875,56.424068450927734,64.20942687988281,30.176218032836914
2011-02-15,12077.83984375,2145.94482421875,57.60842514038086,65.25530242919922,30.455368041992188
2011-02-16,,,,70.13917541503906,
2011-02-17,12061.76953125,2158.50732421875,58.063934326171875,62.59390640258789,30.87040138244629
2011-02-18,12041.150390625,2217.7119140625,57.942474365234375,63.144874572753906,30.425722122192383
2011-02-21,,2160.234375,58.592350006103516,62.911415100097656,30.072452545166016
2011-02-22,11649.3798828125,2158.69873046875,55.664878845214844,61.641414642333984,29.459794998168945
2011-02-23,11523.419921875,2158.50732421875,52.88313293457031,60.324729919433594,29.094165802001953
2011-02-24,11539.259765625,2118.106201171875,51.50442123413086,58.97069549560547,29.595672607421875
2011-02-25,11223.51953125,2101.4609375,47.75698471069336,56.32798385620117,28.8397159576416
2011-02-28,11289.2197265625,2131.0634765625,48.86238479614258,57.401878356933594,29.64508056640625
2011-03-01,11608.4296875,2096.98388671875,49.68233871459961,59.16679382324219,30.633241653442383
2011-03-02,11699.16015625,2087.029541015625,49.518333435058594,58.9146614074707,30.18362808227539
2011-03-03,11762.0,2137.619140625,49.48190689086914,59.12944793701172,30.386205673217773
2011-03-04,12000.0302734375,2103.13232421875,50.71485137939453,62.080322265625,31.90304183959961
2011-03-07,11974.5498046875,2105.87060546875,50.332218170166016,64.89112091064453,31.411434173583984
2011-03-08,11940.009765625,2098.519287109375,50.66019058227539,62.939430236816406,31.27308464050293
2011-03-09,12128.150390625,2096.897216796875,51.35258102416992,64.62028503417969,31.816570281982422
2011-03-10,12125.7900390625,2112.031982421875,52.488346099853516,64.42420196533203,31.30025291442871
2011-03-11,12045.240234375,2108.20703125,51.850624084472656,63.90126419067383,31.58188819885254
2011-03-14,12045.3798828125,2098.377685546875,54.055355072021484,63.63978958129883,31.618947982788086
2011-03-15,11829.240234375,2127.88134765625,53.259700775146484,62.45383834838867,30.820354461669922
2011-03-16,11794.5703125,2158.49462890625,53.13822937011719,62.18302536010742,30.690828323364258
2011-03-17,11858.26953125,2154.80712890625,53.11392593383789,63.312957763671875,32.224945068359375
2011-03-18,11606.6103515625,1990.4515380859375,52.20198059082031,59.88583755493164,31.948637008666992
2011-03-21,11375.1396484375,1894.8170166015625,51.6044921875,59.57767105102539,31.113933563232422
2011-03-22,11488.0595703125,1873.14208984375,51.04473114013672,61.11846923828125,30.51527214050293
2011-03-23,,1873.14208984375,51.04473114013672,61.11846923828125,30.51527214050293
2011-03-24,11564.25,1897.3626708984375,52.830909729003906,61.30524444580078,30.561317443847656
2011-03-25,11552.919921875,1911.356689453125,52.711421966552734,60.595542907714844,30.39149284362793
2011-03-28,11583.0302734375,2006.923828125,53.44728469848633,60.567527770996094,30.30802345275879
2011-03-29,11711.400390625,2107.264892578125,54.025901794433594,62.565887451171875,30.941234588623047
2011-03-30,11808.6103515625,2095.119873046875,54.05106735229492,63.527713775634766,31.41038703918457
2011-03-31,11809.5400390625,2177.51416015625,53.459842681884766,63.01414108276367,32.14147186279297
2011-04-01,11887.1298828125,2141.65185546875,53.459842681884766,64.80706024169922,33.74754333496094
2011-04-04,11873.2802734375,2222.334716796875,52.98186111450195,63.537078857421875,34.58224868774414
2011-04-05,11901.3701171875,2217.97705078125,53.00700378417969,63.079505920410156,34.959285736083984
2011-04-06,11933.169921875,2220.510498046875,53.2774543762207,64.74170684814453,35.106075286865234
2011-04-07,11848.83984375,2218.2138671875,53.18941116333008,65.92765045166016,34.89308166503906
2011-04-08,11905.8603515625,2189.889404296875,53.145389556884766,65.7128677368164,35.324832916259766
2011-04-11,11874.0703125,2196.66259765625,53.227149963378906,65.55411529541016,35.316192626953125
2011-04-12,11796.08984375,2182.823486328125,53.459842681884766,65.40470123291016,34.84416198730469
2011-04-13,11734.7197265625,2176.84228515625,54.25859451293945,65.09654998779297,35.12046813964844
2011-04-14,11652.5400390625,2163.078369140625,54.09508514404297,66.6747055053711,34.826881408691406
2011-04-15,11684.23046875,2210.737548828125,54.12653350830078,65.46074676513672,36.02424240112305
2011-04-18,11674.830078125,2194.708251953125,53.5919303894043,65.31131744384766,35.937896728515625
2011-04-19,11599.2802734375,2202.881591796875,54.21457290649414,65.33000183105469,35.83427047729492
2011-04-20,11745.0595703125,2171.79345703125,54.176849365234375,66.3105239868164,35.95804214477539
2011-04-21,11923.58984375,2280.227783203125,55.33409118652344,67.701904296875,35.74504852294922
2011-04-22,,2230.95654296875,56.29009246826172,68.15013122558594,35.9062385559082
2011-04-25,11916.01953125,2209.884765625,58.80583190917969,67.29102325439453,35.909122467041016
2011-04-26,11933.4599609375,2228.560302734375,57.90017318725586,67.4591064453125,35.71051788330078
2011-04-27,11947.4404296875,2198.3056640625,58.497650146484375,68.16880798339844,35.428436279296875
2011-04-28,11966.669921875,2262.797119140625,58.881309509277344,68.10345458984375,35.134864807128906
2011-04-29,12057.5400390625,2181.790771484375,58.17689895629883,68.54235076904297,35.131988525390625
2011-05-02,12035.8896484375,2181.018798828125,57.95047378540039,67.64588928222656,34.7923469543457
2011-05-03,11956.8896484375,2181.0439453125,57.86244583129883,65.6755142211914,34.68008804321289
2011-05-04,11672.0498046875,2138.43359375,57.23349380493164,62.818023681640625,34.547698974609375
2011-05-05,11906.6904296875,2191.2099609375,57.849853515625,64.5362548828125,34.55632781982422
2011-05-06,11879.9599609375,2171.9111328125,57.85613250732422,65.00315856933594,34.83839797973633
2011-05-09,11932.6796875,2116.035400390625,57.5479621887207,66.06770324707031,35.460121154785156
2011-05-10,12012.01953125,2156.03173828125,57.03223419189453,65.26463317871094,35.140621185302734
2011-05-11,12036.3603515625,2240.685791015625,57.7995491027832,65.91830444335938,35.22697830200195
2011-05-12,11962.1796875,2194.670654296875,57.68633270263672,66.6747055053711,35.16652297973633
2011-05-13,11967.33984375,2212.143798828125,57.61085891723633,66.20780181884766,35.114707946777344
2011-05-16,11902.1201171875,2185.61328125,55.84981918334961,65.26463317871094,34.8326416015625
2011-05-17,11930.240234375,2193.076171875,57.42216110229492,65.04985809326172,34.54194259643555
2011-05-18,11884.6103515625,2179.792724609375,57.85613250732422,65.15257263183594,33.81374740600586
2011-05-19,11878.8095703125,2204.20751953125,57.72406005859375,65.10588073730469,33.77632141113281
2011-05-20,11973.3798828125,2215.991455078125,57.648597717285156,65.35802459716797,34.213829040527344
2011-05-23,12030.6396484375,2211.1044921875,58.49137878417969,65.37670135498047,34.5333137512207
2011-05-24,12130.580078125,2213.395263671875,58.49137878417969,66.2824935913086,34.62541961669922
2011-05-25,12168.1201171875,2209.261962890625,58.49137878417969,66.12374114990234,34.714637756347656
2011-05-26,12198.1201171875,2209.697509765625,59.013389587402344,66.3572006225586,34.73477554321289
2011-05-27,12225.51953125,2207.045654296875,58.497650146484375,66.85211181640625,34.74053955078125
2011-05-30,,2202.893798828125,58.61715316772461,66.78675079345703,34.389381408691406
2011-05-31,12123.150390625,2110.166015625,58.18947219848633,66.3758773803711,33.76768493652344
2011-06-01,12264.0595703125,2073.406982421875,58.296390533447266,68.19682312011719,34.225341796875
2011-06-02,12179.8095703125,2098.3193359375,58.296390533447266,67.20698547363281,33.8482780456543
2011-06-03,12236.66015625,2149.053466796875,58.30267333984375,69.80298614501953,33.79071807861328
2011-06-06,12211.650390625,2178.75927734375,59.051124572753906,69.38277435302734,34.40666580200195
2011-06-07,12314.990234375,2175.422119140625,58.51652908325195,68.5983657836914,34.75492477416992
2011-06-08,12367.2900390625,2156.660888671875,58.931610107421875,68.66374206542969,35.039878845214844
2011-06-09,12330.1396484375,2165.612060546875,59.214656829833984,68.47697448730469,34.75492477416992
2011-06-10,12377.76953125,2237.137451171875,59.560569763183594,68.03807830810547,34.567848205566406
2011-06-13,12353.3603515625,2275.564208984375,59.05741500854492,67.25365447998047,34.79810333251953
2011-06-14,12337.9404296875,2243.412353515625,59.05741500854492,66.91749572753906,34.42680740356445
2011-06-15,12317.150390625,2263.6875,58.55427169799805,66.19844055175781,34.20805740356445
2011-06-16,12369.1201171875,2297.03466796875,58.49137878417969,66.74007415771484,33.99795913696289
2011-06-17,12361.3095703125,2404.180419921875,58.03224182128906,66.32919311523438,33.842529296875
2011-06-20,12165.98046875,2524.378173828125,57.23349380493164,65.04051971435547,33.81948471069336
2011-06-21,12326.1396484375,2614.910400390625,56.9253044128418,65.4513931274414,34.090049743652344
2011-06-22,12369.41015625,2725.28515625,57.27751922607422,65.95565795898438,33.733154296875
2011-06-23,12508.419921875,2855.008544921875,58.96307373046875,67.2349853515625,33.86845016479492
2011-06-24,12455.33984375,2988.604248046875,58.64860534667969,66.55329895019531,33.73889923095703
2011-06-27,12464.490234375,3102.1796875,58.49137878417969,66.29183959960938,33.45108413696289
2011-06-28,12362.4404296875,3257.288330078125,57.365570068359375,65.39537048339844,33.38777160644531
2011-06-29,12423.2998046875,3398.8642578125,58.56684875488281,66.88947296142578,33.67558670043945
2011-06-30,12496.0302734375,3408.258056640625,58.799537658691406,66.15177154541016,33.40502166748047
2011-07-01,12484.169921875,3433.1015625,58.799537658691406,66.2638168334961,33.39639663696289
2011-07-04,,3337.41796875,59.11402893066406,67.25365447998047,34.14761734008789
2011-07-05,12576.48046875,3293.039794921875,60.05742645263672,68.82247924804688,34.2454833984375
2011-07-06,12533.5498046875,3015.34765625,59.74924087524414,68.01007080078125,34.11595916748047
2011-07-07,12441.400390625,2867.246826171875,59.485103607177734,67.73926544189453,33.71875762939453
2011-07-08,12390.1201171875,2723.44921875,59.12030792236328,67.54315185546875,33.779205322265625
2011-07-11,12291.900390625,2701.661865234375,59.67376708984375,67.1976318359375,33.66695785522461
2011-07-12,12191.7802734375,2487.427001953125,59.27754211425781,66.55329895019531,33.64103698730469
2011-07-13,12262.51953125,2611.796875,60.0637092590332,66.64669799804688,33.96342086791992
2011-07-14,12267.330078125,2689.216796875,59.547996520996094,66.60933685302734,33.65256881713867
2011-07-15,12346.51953125,2736.396728515625,60.53542709350586,67.50579833984375,33.96342086791992
2011-07-18,12318.240234375,2636.236572265625,60.20208740234375,68.33689880371094,34.242591857910156
2011-07-19,12443.5400390625,2720.74853515625,60.00080490112305,68.40225982666016,34.34910202026367
2011-07-20,12433.169921875,2683.60302734375,60.0637092590332,67.79528045654297,34.54194259643555
2011-07-21,12474.759765625,2754.574462890625,60.44108200073242,68.05675506591797,34.56209945678711
2011-07-22,12476.76953125,2602.216796875,60.44108200073242,70.50336456298828,35.10894012451172
2011-07-25,12440.099609375,2609.724365234375,60.692649841308594,68.68241882324219,34.685855865478516
2011-07-26,12364.0595703125,2602.055419921875,60.53542709350586,68.45829772949219,35.02836990356445
2011-07-27,12265.5302734375,2576.619873046875,60.53542709350586,68.01940155029297,34.898841857910156
2011-07-28,12098.0498046875,2556.942626953125,59.74924087524414,68.11279296875,34.54194259643555
2011-07-29,12190.3701171875,2615.495361328125,58.65489196777344,68.2808837890625,34.539066314697266
2011-08-01,12253.3896484375,2615.214111328125,61.510276794433594,69.56953430175781,35.399662017822266
2011-08-02,12226.330078125,2613.97607421875,60.0637092590332,67.88866424560547,34.83839797973633
2011-08-03,11941.7197265625,2610.228515625,59.667476654052734,66.0116958618164,34.285770416259766
2011-08-04,11846.16015625,2560.3662109375,59.667476654052734,68.10345458984375,34.19942855834961
2011-08-05,11375.08984375,2469.941162109375,58.774375915527344,67.60852813720703,34.035369873046875
2011-08-08,11404.169921875,2488.231201171875,57.86244583129883,67.5338134765625,33.80509567260742
2011-08-09,11034.919921875,2437.90673828125,57.86244583129883,67.21631622314453,33.38777160644531
2011-08-10,11311.2900390625,2527.3603515625,59.12030792236328,68.63571166992188,34.035369873046875
2011-08-11,11264.9501953125,2459.53857421875,59.74924087524414,67.65520477294922,33.73602294921875
2011-08-12,11262.0400390625,2394.53759765625,59.780696868896484,68.62638854980469,34.829769134521484
2011-08-15,11166.099609375,2274.81201171875,59.43476486206055,67.99139404296875,34.35198211669922
2011-08-16,11233.75,2253.85791015625,62.40338134765625,67.627197265625,34.49301528930664
2011-08-17,11269.9501953125,2242.37841796875,60.96310043334961,67.4591064453125,34.71175003051758
2011-08-18,11128.51953125,2237.81005859375,60.944236755371094,67.16962432861328,34.68296813964844
2011-08-19,10879.8203125,2242.870849609375,60.120304107666016,66.66535186767578,33.661197662353516
2011-08-22,10894.150390625,2236.129150390625,61.25870895385742,66.27316284179688,33.55182647705078
2011-08-23,10842.259765625,2247.421875,60.692649841308594,66.30117797851562,33.459712982177734
2011-08-24,10941.080078125,2155.5771484375,63.72414779663086,66.06770324707031,33.81948471069336
2011-08-25,10901.759765625,2123.5927734375,61.6423454284668,66.48792266845703,33.54893493652344
2011-08-26,,2123.5927734375,61.6423454284668,66.48792266845703,33.54893493652344
2011-08-29,10903.8798828125,2219.3837890625,61.01342010498047,67.2349853515625,33.54606628417969
2011-08-30,11070.580078125,2291.66845703125,61.019718170166016,67.5338134765625,33.543190002441406
2011-08-31,,2291.66845703125,61.019718170166016,67.5338134765625,33.543190002441406
2011-09-01,,2291.66845703125,61.019718170166016,67.5338134765625,33.543190002441406
2011-09-02,,2291.66845703125,62.304073333740234,67.5338134765625,33.543190002441406
2011-09-05,,2278.359375,62.291229248046875,67.02954864501953,34.35198211669922
2011-09-06,11319.150390625,2213.55078125,61.68113708496094,68.01007080078125,33.92598342895508
2011-09-07,11329.76953125,2196.96728515625,62.291229248046875,68.82247924804688,33.75618362426758
2011-09-08,11348.419921875,2211.826904296875,62.27837371826172,70.05512237548828,33.67558670043945
2011-09-09,11286.2099609375,2173.4619140625,62.291229248046875,69.38277435302734,33.26398849487305
2011-09-12,11180.6396484375,2149.4765625,65.05900573730469,69.11197662353516,33.40502166748047
2011-09-13,11264.4296875,2121.02197265625,66.20849609375,68.70109558105469,33.97779846191406
2011-09-14,11297.01953125,2141.894287109375,65.39293670654297,69.55086517333984,33.96342086791992
2011-09-15,11302.2197265625,2141.173095703125,67.35799407958984,69.73762512207031,33.8223762512207
2011-09-16,11353.4599609375,2147.86474609375,66.13786315917969,68.7664566040039,33.75618362426758
2011-09-19,11356.6396484375,2135.42138671875,65.50210571289062,68.79446411132812,33.67558670043945
2011-09-20,11522.8701171875,2128.255859375,65.25807189941406,67.83151245117188,34.10157012939453
2011-09-21,11851.98046875,2178.75927734375,66.46537017822266,69.47420501708984,34.49877166748047
2011-09-22,11690.23046875,2173.125732421875,66.144287109375,68.83224487304688,34.40090560913086
2011-09-23,11606.8603515625,2141.72021484375,65.34156036376953,69.1249008178711,34.10444259643555
2011-09-26,11265.0302734375,2057.931640625,63.5755729675293,68.7283935546875,33.70437240600586
2011-09-27,11531.240234375,2101.05859375,63.5755729675293,68.91719818115234,34.16776657104492
2011-09-28,11625.6904296875,2150.510498046875,62.9398078918457,68.5018081665039,34.055511474609375
2011-09-29,11642.4599609375,2222.919677734375,64.20491027832031,70.75812530517578,33.96342086791992
2011-09-30,11761.9697265625,2333.13330078125,64.79569244384766,71.29624938964844,34.539066314697266
2011-10-03,11708.25,2328.159912109375,63.45356369018555,70.78646850585938,34.308815002441406
2011-10-04,11933.2802734375,2287.69677734375,63.581993103027344,70.72982788085938,34.32607650756836
2011-10-05,11868.169921875,2198.716796875,63.581993103027344,70.92806243896484,34.16489028930664
2011-10-06,11839.0,2208.00439453125,64.21775817871094,72.83509063720703,34.04113006591797
2011-10-07,11853.83984375,2178.75927734375,65.41219329833984,71.79662322998047,34.18503952026367
2011-10-10,12092.3203125,2174.869140625,65.59842681884766,75.38408660888672,34.225341796875
2011-10-11,12054.8203125,2179.14501953125,65.50210571289062,74.506103515625,33.86845016479492
2011-10-12,12059.0703125,2171.220703125,66.144287109375,75.58234405517578,33.914485931396484
2011-10-13,11966.2900390625,2064.921875,66.144287109375,75.46905517578125,33.52592086791992
2011-10-14,11988.08984375,2093.551513671875,66.13786315917969,77.70650482177734,33.67558670043945
2011-10-17,11975.5498046875,2147.634033203125,66.13786315917969,79.6701889038086,33.42229461669922
2011-10-18,11912.1904296875,2061.5791015625,66.144287109375,78.35791778564453,33.93464279174805
2011-10-19,11640.4599609375,2052.23583984375,66.8506851196289,75.70507049560547,33.425174713134766
2011-10-20,11685.150390625,2075.349609375,66.86993408203125,77.69705963134766,33.38777160644531
2011-10-21,11525.25,2069.198974609375,66.46537017822266,75.75228118896484,33.34746170043945
2011-10-24,,2069.198974609375,66.46537017822266,75.75228118896484,33.34746170043945
2011-10-25,11517.2900390625,2029.831787109375,66.13786315917969,75.85613250732422,33.67558670043945
2011-10-26,11387.2197265625,2074.73876953125,65.56632232666016,75.28968811035156,33.42805480957031
2011-10-27,11283.490234375,2056.181884765625,66.01585388183594,75.52569580078125,33.28125
2011-10-28,11561.669921875,2048.170654296875,65.82318878173828,77.43272399902344,34.25123596191406
2011-10-31,11868.8798828125,2049.901611328125,66.08007049560547,80.15164947509766,34.691200256347656
2011-11-01,11762.7197265625,1997.722900390625,65.82318878173828,76.55473327636719,34.70594787597656
2011-11-02,11746.08984375,1998.2332763671875,65.50210571289062,76.99845123291016,35.05732345581055
2011-11-03,11807.4599609375,1992.0086669921875,65.45071411132812,76.6491470336914,33.97663497924805
2011-11-04,11957.2998046875,1962.220947265625,67.42220306396484,78.35791778564453,34.221710205078125
2011-11-07,,1962.220947265625,67.42220306396484,78.35791778564453,34.221710205078125
2011-11-08,,1962.220947265625,67.42220306396484,78.35791778564453,34.221710205078125
2011-11-09,,1962.220947265625,67.42220306396484,78.35791778564453,34.221710205078125
2011-11-10,11969.0498046875,1968.3096923828125,66.78646850585938,77.55545806884766,34.124271392822266
2011-11-11,12019.3203125,1927.766357421875,66.78005981445312,79.25476837158203,34.118370056152344
2011-11-14,12008.48046875,1923.5333251953125,65.98371887207031,78.37680053710938,34.201045989990234
2011-11-15,11994.009765625,1909.7772216796875,65.82318878173828,78.5184097290039,34.162654876708984
2011-11-16,11992.76953125,1903.93994140625,66.78646850585938,78.16911315917969,34.15969467163086
2011-11-17,11913.419921875,1884.416259765625,66.144287109375,77.84811401367188,33.82013702392578
2011-11-18,11937.8095703125,1874.198974609375,65.82960510253906,77.83868408203125,33.93234634399414
2011-11-21,11894.7900390625,1869.8052978515625,65.9773178100586,78.03694152832031,33.80242919921875
2011-11-22,11767.0,1854.96337890625,65.50210571289062,77.57433319091797,33.96482467651367
2011-11-23,11633.9697265625,1764.11474609375,65.0140380859375,77.60265350341797,34.0770378112793
2011-11-24,,1732.0833740234375,64.41681671142578,77.48937225341797,33.24732208251953
2011-11-25,11648.1396484375,1818.68359375,64.45536041259766,76.65857696533203,33.31522750854492
2011-11-28,11494.150390625,1793.2037353515625,64.21775817871094,76.46977233886719,32.851654052734375
2011-11-29,11506.9404296875,1727.037841796875,63.90950393676758,76.6869125366211,33.06721496582031
2011-11-30,11532.830078125,1729.0775146484375,66.13786315917969,77.03622436523438,33.365421295166016
2011-12-01,11557.3701171875,1688.0146484375,64.69937133789062,77.3855209350586,33.1055793762207
2011-12-02,11372.2099609375,1617.3807373046875,64.62232208251953,75.58234405517578,33.0878791809082
2011-12-05,,1617.3807373046875,64.62232208251953,75.58234405517578,33.0878791809082
2011-12-06,,1617.3807373046875,64.62232208251953,75.58234405517578,33.0878791809082
2011-12-07,11283.8896484375,1610.62841796875,64.62232208251953,72.68405151367188,33.0406379699707
2011-12-08,11392.5703125,1539.1715087890625,65.14891052246094,74.97814178466797,32.76603317260742
2011-12-09,11464.6103515625,1581.501953125,65.18102264404297,74.91205596923828,32.73945999145508
2011-12-12,11477.1201171875,1579.317626953125,64.9305648803711,74.1379165649414,33.09968566894531
2011-12-13,11278.01953125,1540.708984375,64.9305648803711,73.06167602539062,32.78964614868164
2011-12-14,11300.990234375,1452.220703125,64.75077056884766,73.7602767944336,32.745361328125
2011-12-15,11139.51953125,1437.53515625,63.768226623535156,73.62811279296875,32.042625427246094
2011-12-16,11028.1396484375,1398.4185791015625,64.21775817871094,73.7319564819336,31.7886905670166
2011-12-19,11083.0302734375,1468.3365478515625,64.85992431640625,72.40082550048828,31.900903701782227
2011-12-20,11338.0400390625,1534.9039306640625,64.538818359375,73.93022155761719,32.205020904541016
2011-12-21,11268.5498046875,1611.6448974609375,63.92237091064453,74.31729125976562,32.042625427246094
2011-12-22,11306.099609375,1692.22607421875,64.21775817871094,74.46834564208984,31.906795501708984
2011-12-23,11301.08984375,1776.8363037109375,64.21775817871094,73.72252655029297,31.830028533935547
2011-12-26,,1865.6766357421875,64.79569244384766,73.31658935546875,31.741453170776367
2011-12-27,11311.3798828125,1957.045654296875,64.21775817871094,72.56130981445312,31.64400863647461
2011-12-28,11352.58984375,2054.8984375,64.19847869873047,71.6550064086914,31.593814849853516
2011-12-29,11435.669921875,2157.545166015625,64.1792221069336,72.68405151367188,32.184356689453125
2011-12-30,11347.66015625,2257.474609375,64.28196716308594,70.8431167602539,31.32217788696289
2012-01-02,,2167.34814453125,64.04436492919922,70.73925018310547,31.65286636352539
2012-01-03,11402.0400390625,2163.896728515625,64.29481506347656,73.39210510253906,32.78964614868164
2012-01-04,11361.9697265625,2002.3885498046875,64.21775817871094,73.90190124511719,32.14597702026367
2012-01-05,11187.8798828125,2009.1102294921875,65.18102264404297,73.74142456054688,31.84479331970215
2012-01-06,11125.349609375,1985.1500244140625,65.50210571289062,73.59034729003906,31.954044342041016
2012-01-09,11040.2998046875,1895.2857666015625,64.87276458740234,72.48579406738281,31.832977294921875
2012-01-10,10933.1796875,1873.326416015625,64.85992431640625,72.31584930419922,31.558364868164062
2012-01-11,10930.490234375,1784.9764404296875,65.18102264404297,73.23161315917969,31.4137020111084
2012-01-12,10909.1201171875,1795.88330078125,64.85992431640625,72.92949676513672,31.162721633911133
2012-01-13,11014.4599609375,1760.381103515625,64.85992431640625,74.7610092163086,31.682392120361328
2012-01-16,,1757.2493896484375,63.883811950683594,74.27008819580078,31.51408576965332
2012-01-17,11305.16015625,1844.3577880859375,65.33514404296875,74.2039794921875,31.903844833374023
2012-01-18,11547.7099609375,1936.574951171875,65.16175079345703,76.92292785644531,32.4648551940918
2012-01-19,11515.58984375,2024.74951171875,65.18102264404297,76.56417846679688,32.187313079833984
2012-01-20,11774.6796875,2108.66943359375,65.18745422363281,76.7152328491211,32.92252731323242
2012-01-23,12037.66015625,2067.09228515625,68.44328308105469,80.48206329345703,33.935298919677734
2012-01-24,11991.3798828125,2020.023681640625,66.78646850585938,80.22715759277344,34.372314453125
2012-01-25,11949.75,2109.629638671875,67.42864227294922,80.97299194335938,34.23054885864258
2012-01-26,11883.919921875,2061.95849609375,67.10755920410156,83.52198028564453,33.89101028442383
2012-01-27,11960.2099609375,2043.357666015625,66.77362060546875,82.16251373291016,33.90282440185547
2012-01-30,11883.009765625,2026.2359619140625,65.50210571289062,81.19013214111328,33.693172454833984
2012-01-31,11874.8896484375,1994.285888671875,65.07184600830078,80.05724334716797,33.72861099243164
2012-02-01,11930.5498046875,2074.152587890625,65.50210571289062,79.80235290527344,33.955970764160156
2012-02-02,11929.7802734375,2060.765869140625,65.42503356933594,79.25476837158203,33.885101318359375
2012-02-03,11982.6201171875,2083.961669921875,64.9498291015625,81.61495971679688,34.25715255737305
2012-02-06,12136.919921875,2094.2724609375,65.18102264404297,82.70063018798828,34.58784103393555
2012-02-07,12284.6201171875,2101.83544921875,67.74330139160156,83.69190979003906,35.16658020019531
2012-02-08,12263.25,2113.369873046875,66.49105834960938,85.91049194335938,35.19020462036133
2012-02-09,12213.240234375,2063.33349609375,66.79931640625,86.7790298461914,35.252201080322266
2012-02-10,12231.599609375,2132.517578125,66.49105834960938,84.84368133544922,35.987422943115234
2012-02-13,12250.0,2063.33349609375,66.78005981445312,84.79650115966797,36.008094787597656
2012-02-14,12261.849609375,2037.9283447265625,64.80854034423828,83.24820709228516,35.798439025878906
2012-02-15,12311.0400390625,2071.008056640625,61.57196807861328,83.34261322021484,35.20790481567383
2012-02-16,12404.240234375,2045.37158203125,60.0435905456543,86.7601547241211,34.714813232421875
2012-02-17,12495.6796875,2047.5306396484375,59.92157745361328,85.91991424560547,35.11933898925781
2012-02-20,,2069.991455078125,58.50236892700195,85.91049194335938,34.98645782470703
2012-02-21,12544.4501953125,2058.61376953125,59.080345153808594,89.26194763183594,35.52090072631836
2012-02-22,12603.669921875,2058.6884765625,59.72251892089844,88.0912857055664,36.761024475097656
2012-02-23,12515.919921875,2085.762939453125,59.31794357299805,88.43115234375,36.9588508605957
2012-02-24,12706.51953125,2108.28662109375,59.26655578613281,90.09272003173828,36.18820571899414
2012-02-27,12743.66015625,2098.540283203125,59.26655578613281,89.73397827148438,35.8456916809082
2012-02-28,12739.2197265625,2096.3623046875,59.06748962402344,93.46305847167969,35.57109069824219
2012-02-29,12877.8798828125,2201.175048828125,59.221614837646484,93.47248840332031,35.609474182128906
2012-03-01,12941.3798828125,2290.6240234375,59.72251892089844,93.2270278930664,35.435272216796875
2012-03-02,13088.9697265625,2400.488037109375,60.0435905456543,96.34247589111328,35.491371154785156
2012-03-05,13278.3095703125,2505.286865234375,59.8509407043457,96.4463119506836,35.57698059082031
2012-03-06,13324.33984375,2628.933349609375,59.75461959838867,95.7099380493164,35.506134033203125
2012-03-07,13244.9501953125,2641.718017578125,59.7867317199707,94.52985382080078,35.199058532714844
2012-03-08,13271.3896484375,2637.091796875,59.8509407043457,99.25021362304688,35.4234504699707
2012-03-09,13352.740234375,2524.8369140625,59.84452819824219,98.34391021728516,35.08094787597656
2012-03-12,13382.5400390625,2573.07861328125,59.76103973388672,97.85299682617188,35.579952239990234
2012-03-13,13283.650390625,2530.830322265625,59.72251892089844,97.37150573730469,35.02484130859375
2012-03-14,13360.669921875,2574.830078125,59.883052825927734,96.1819839477539,35.26106643676758
2012-03-15,13451.0703125,2697.968017578125,60.268348693847656,96.72954559326172,35.36735153198242
2012-03-16,13297.1201171875,2761.35302734375,60.48027420043945,95.58722686767578,35.02986145019531
2012-03-19,13077.7197265625,2674.853271484375,60.0435905456543,95.19071197509766,34.321773529052734
2012-03-20,13303.330078125,2808.4189453125,60.544498443603516,99.49566650390625,34.86464309692383
2012-03-21,13293.1201171875,2792.898193359375,61.61692428588867,97.32429504394531,34.763492584228516
2012-03-22,13273.2900390625,2789.470703125,62.24626541137695,97.51310729980469,33.954254150390625
2012-03-23,,2789.470703125,62.24626541137695,97.51310729980469,33.954254150390625
2012-03-26,13286.73046875,2763.330810546875,63.543460845947266,97.5320053100586,34.561187744140625
2012-03-27,13449.73046875,2835.92138671875,64.76361846923828,100.37364959716797,34.82754898071289
2012-03-28,13575.41015625,2797.015380859375,64.21775817871094,103.2813949584961,36.43590545654297
2012-03-29,13559.099609375,2787.4814453125,64.21775817871094,103.13978576660156,37.0428466796875
2012-03-30,13761.759765625,2817.28857421875,64.85992431640625,107.10488891601562,37.55198287963867
2012-04-02,13663.3203125,2807.266357421875,64.85992431640625,106.71781158447266,37.09004211425781
2012-04-03,13700.4697265625,2793.215576171875,64.8663558959961,107.95452880859375,38.040897369384766
2012-04-04,13945.2998046875,2791.0224609375,64.85992431640625,110.8150863647461,39.61890411376953
2012-04-05,13831.4697265625,2736.381103515625,64.85992431640625,115.56377410888672,37.949867248535156
2012-04-06,,2801.007080078125,65.48282623291016,120.43517303466797,37.70709991455078
2012-04-09,13864.6796875,2856.56787109375,65.88741302490234,116.6494369506836,37.66999053955078
2012-04-10,13903.1201171875,2842.420654296875,66.7607650756836,116.69664764404297,36.746116638183594
2012-04-11,13816.9599609375,2756.10986328125,66.3369369506836,117.38581085205078,37.40700912475586
2012-04-12,13693.740234375,2800.506103515625,65.47000885009766,113.74171447753906,36.73600387573242
2012-04-13,13799.419921875,2759.689208984375,67.32816314697266,114.17597198486328,37.127140045166016
2012-04-16,13770.7001953125,2712.738037109375,69.51382446289062,119.87816619873047,36.80345153808594
2012-04-17,13764.2197265625,2740.670654296875,71.4588851928711,120.07642364501953,36.48650360107422
2012-04-18,13937.9501953125,2774.748291015625,73.1098403930664,125.24991607666016,36.91134262084961
2012-04-19,13929.4697265625,2735.848876953125,76.60557556152344,124.32474517822266,36.773101806640625
2012-04-20,13936.48046875,2724.82568359375,77.41433715820312,125.83525848388672,36.68880081176758
2012-04-23,14083.4404296875,2724.255859375,76.58553314208984,129.94195556640625,37.17434310913086
2012-04-24,14132.58984375,2727.328125,76.12432098388672,126.11846160888672,39.01199722290039
2012-04-25,14217.740234375,2726.720458984375,77.53466033935547,125.8730239868164,39.45030975341797
2012-04-26,14066.08984375,2591.9189453125,76.86625671386719,120.16139221191406,38.36123275756836
2012-04-27,14042.76953125,2650.253173828125,76.0240707397461,123.18242645263672,38.24320983886719
2012-04-30,13990.3798828125,2632.4892578125,76.59890747070312,122.94639587402344,37.629547119140625
2012-05-01,,2632.4892578125,76.59890747070312,122.94639587402344,37.629547119140625
2012-05-02,14142.51953125,2658.90087890625,80.42884063720703,125.4387435913086,37.64302062988281
2012-05-03,14419.919921875,2717.824951171875,84.03153228759766,131.2259063720703,38.60399627685547
2012-05-04,14612.2802734375,2744.237060546875,86.67172241210938,125.67476654052734,39.70322036743164
2012-05-07,14617.9697265625,2672.769287109375,86.21720123291016,124.14537811279297,39.069305419921875
2012-05-08,14513.9599609375,2611.590087890625,83.88449096679688,124.66462707519531,38.49608612060547
2012-05-09,14613.58984375,2736.8310546875,81.95946502685547,125.63700866699219,38.873756408691406
2012-05-10,14420.1904296875,2644.336181640625,80.67613983154297,122.73870849609375,38.860260009765625
2012-05-11,14230.490234375,2635.77783203125,79.8072509765625,119.8498306274414,37.51152801513672
2012-05-14,14228.76953125,2635.461181640625,77.75523376464844,120.42573547363281,37.838592529296875
2012-05-15,14313.669921875,2589.853515625,77.55469512939453,122.4460220336914,38.4421501159668
2012-05-16,14081.0703125,2536.998046875,77.53466033935547,118.1977310180664,38.273563385009766
2012-05-17,14063.080078125,2550.461181640625,78.20305633544922,118.69806671142578,37.423858642578125
2012-05-18,13857.7802734375,2527.767333984375,77.53466033935547,114.72352600097656,36.77983093261719
2012-05-21,13875.740234375,2520.349365234375,77.48788452148438,115.2522201538086,36.92482376098633
2012-05-22,14142.080078125,2539.1708984375,79.50643157958984,121.01103973388672,37.84870529174805
2012-05-23,14032.8203125,2528.313232421875,78.20305633544922,118.71695709228516,37.76104736328125
2012-05-24,13936.919921875,2505.695556640625,78.15628051757812,120.90721893310547,37.767784118652344
2012-05-25,13925.0595703125,2476.29345703125,76.88631439208984,120.17083740234375,37.902652740478516
2012-05-28,,2424.1416015625,78.03595733642578,121.19042205810547,37.798133850097656
2012-05-29,14071.849609375,2515.09814453125,76.8729476928711,121.29425048828125,37.89254379272461
2012-05-30,13871.75,2457.091796875,77.03336334228516,121.02993774414062,37.730690002441406
2012-05-31,13786.6201171875,2444.141845703125,76.91304016113281,119.22676849365234,35.4918098449707
2012-06-01,13876.9697265625,2439.073486328125,77.81539154052734,121.32259368896484,36.05153274536133
2012-06-04,13757.91015625,2439.0361328125,77.8354263305664,119.47222137451172,35.859336853027344
2012-06-05,13708.23046875,2534.198486328125,76.9330825805664,117.83897399902344,35.454708099365234
2012-06-06,13745.73046875,2577.0244140625,79.4797134399414,119.4061279296875,35.474952697753906
2012-06-07,13717.2998046875,2564.151123046875,76.64567565917969,118.71695709228516,35.30636215209961
2012-06-08,13558.7001953125,2560.8056640625,76.86625671386719,115.3277587890625,35.03323745727539
2012-06-11,13601.4599609375,2574.015625,77.53466033935547,117.44245910644531,35.13438415527344
2012-06-12,13429.5595703125,2568.478271484375,77.53466033935547,110.8056411743164,34.91859436035156
2012-06-13,13368.8896484375,2567.4833984375,77.02667999267578,109.2479248046875,35.02986145019531
2012-06-14,13656.2001953125,2544.417236328125,77.15367889404297,112.23118591308594,35.909908294677734
2012-06-15,13665.7998046875,2596.82177734375,76.89299011230469,110.52242279052734,36.176273345947266
2012-06-18,13754.1298828125,2597.455810546875,76.69915771484375,110.56018829345703,36.33139419555664
2012-06-19,13682.990234375,2568.58544921875,76.69915771484375,110.46577453613281,36.44601821899414
2012-06-20,13667.1796875,2691.85107421875,77.49452209472656,108.2377700805664,36.62137222290039
2012-06-21,13600.599609375,2588.21240234375,76.86625671386719,106.84999084472656,36.21675109863281
2012-06-22,13730.8203125,2573.178955078125,76.86625671386719,107.92621612548828,36.260589599609375
2012-06-25,13642.1904296875,2530.942138671875,77.86885833740234,106.87830352783203,36.48312759399414
2012-06-26,13656.0400390625,2535.50341796875,80.06790161132812,107.27482604980469,36.584266662597656
2012-06-27,13799.1201171875,2577.765869140625,80.16149139404297,108.87974548339844,37.0057487487793
2012-06-28,13805.419921875,2587.47119140625,83.3764877319336,110.26752471923828,37.41037368774414
2012-06-29,13801.41015625,2543.510498046875,79.57328033447266,108.93638610839844,38.04765319824219
2012-07-02,14142.919921875,2582.339599609375,82.21347045898438,113.27909851074219,38.4421501159668
2012-07-03,14200.7900390625,2570.93603515625,81.71217346191406,113.48680877685547,38.455650329589844
2012-07-04,,2579.98291015625,82.82172393798828,113.46793365478516,38.27692413330078
2012-07-05,14170.91015625,2579.98291015625,83.1425552368164,113.55290222167969,38.169029235839844
2012-07-06,14310.1796875,2608.042236328125,84.1718978881836,115.45048522949219,38.59051513671875
2012-07-09,14379.5400390625,2597.455810546875,83.55028533935547,117.09314727783203,38.55005645751953
2012-07-10,14374.330078125,2576.643798828125,81.12399291992188,117.46135711669922,38.19600296020508
2012-07-11,14380.4599609375,2542.021728515625,80.39542388916016,116.99874877929688,38.09822463989258
2012-07-12,14401.740234375,2629.1318359375,82.8685073852539,119.6610336303711,38.118446350097656
2012-07-13,14332.2900390625,2619.629150390625,84.69324493408203,118.83967590332031,37.9700927734375
2012-07-16,14384.580078125,2608.22509765625,88.92423248291016,119.5477294921875,38.34436798095703
2012-07-17,14445.2802734375,2591.3359375,89.17154693603516,121.54917907714844,38.76921463012695
2012-07-18,14596.58984375,2597.455810546875,93.62979125976562,121.87017059326172,38.941184997558594
2012-07-19,14568.2099609375,2609.58154296875,97.90088653564453,122.23831939697266,38.7725944519043
2012-07-20,14564.48046875,2534.1025390625,100.21353912353516,121.55860900878906,38.78606414794922
2012-07-23,14527.25,2534.1025390625,100.17344665527344,121.388671875,38.77595520019531
2012-07-24,14512.0703125,2534.1025390625,97.68698120117188,121.39811706542969,38.185890197753906
2012-07-25,14564.6796875,2591.8486328125,101.26293182373047,123.05024719238281,38.60736846923828
2012-07-26,14553.2900390625,2591.8486328125,105.0862045288086,121.68134307861328,38.62760543823242
2012-07-27,14526.41015625,2591.8486328125,110.33984375,122.05896759033203,38.5062141418457
2012-07-30,14511.5400390625,2588.218994140625,114.59756469726562,121.31314849853516,38.192630767822266
2012-07-31,14577.0,2597.455810546875,110.92137145996094,117.54631042480469,38.4623908996582
2012-08-01,14716.8603515625,2597.455810546875,114.6309814453125,120.69950866699219,39.254756927490234
2012-08-02,14730.669921875,2597.455810546875,118.98896789550781,120.5767822265625,39.10641098022461
2012-08-03,14676.4296875,2597.455810546875,121.48209381103516,120.104736328125,39.29185485839844
2012-08-06,14673.76953125,2597.455810546875,125.49251556396484,120.32186889648438,40.232582092285156
2012-08-07,14672.240234375,2597.455810546875,128.3332061767578,119.63270568847656,40.4854736328125
2012-08-08,14744.1396484375,2597.455810546875,127.77843475341797,121.54917907714844,39.5211181640625
2012-08-09,14759.58984375,2591.120361328125,127.73170471191406,119.8498306274414,40.023536682128906
2012-08-10,14761.490234375,2660.8017578125,126.82930755615234,119.72711944580078,39.743675231933594
2012-08-13,14911.9697265625,2660.8017578125,129.01502990722656,121.31314849853516,38.371341705322266
2012-08-14,,2660.8017578125,129.01502990722656,121.31314849853516,38.371341705322266
2012-08-15,14970.919921875,2660.8017578125,131.73538208007812,121.87960815429688,38.79619598388672
2012-08-16,15000.080078125,2660.8017578125,127.6648178100586,121.68134307861328,38.72875213623047
2012-08-17,,2660.8017578125,127.6648178100586,121.68134307861328,38.72875213623047
2012-08-20,,2660.8017578125,127.6648178100586,121.68134307861328,38.72875213623047
2012-08-21,,2660.8017578125,127.6648178100586,121.68134307861328,38.72875213623047
2012-08-22,,2660.8017578125,127.6648178100586,121.68134307861328,38.72875213623047
2012-08-23,15080.5498046875,2660.80859375,126.99641418457031,125.89190673828125,39.21429443359375
2012-08-24,15039.1796875,2597.455810546875,131.3142852783203,124.19258880615234,39.359275817871094
2012-08-27,15171.66015625,2578.4501953125,129.4695587158203,126.11846160888672,40.20396041870117
2012-08-28,15234.48046875,2536.00341796875,135.93968200683594,128.4881134033203,39.93630599975586
2012-08-29,15151.3095703125,2565.779052734375,142.7305145263672,126.86429595947266,39.818119049072266
2012-08-30,15253.7099609375,2565.779052734375,147.20802307128906,129.19615173339844,39.95021438598633
2012-08-31,15391.580078125,2534.1025390625,145.05746459960938,127.6856460571289,39.967594146728516
2012-09-03,,2534.1025390625,142.513427734375,127.33634185791016,39.880699157714844
2012-09-04,15388.1298828125,2534.1025390625,137.41177368164062,126.86429595947266,39.73817825317383
2012-09-05,15293.3896484375,2534.1025390625,135.65472412109375,126.78878784179688,39.61997985839844
2012-09-06,15188.5302734375,2534.1025390625,138.05628967285156,124.76846313476562,39.27238845825195
2012-09-07,15253.9501953125,2534.1025390625,135.8650360107422,125.37268829345703,38.95259094238281
2012-09-10,15240.1904296875,2644.969482421875,135.67506408691406,123.89993286132812,38.70579147338867
2012-09-11,15214.01953125,2644.969482421875,140.98703002929688,123.27681732177734,38.598026275634766
2012-09-12,15278.48046875,2644.969482421875,133.9451141357422,125.70309448242188,38.58413314819336
2012-09-13,15306.509765625,2644.969482421875,134.17578125,126.6943588256836,38.11137771606445
2012-09-14,15449.599609375,2644.969482421875,136.27886962890625,126.00519561767578,37.37099075317383
2012-09-17,15398.6796875,2597.455810546875,134.49465942382812,124.30584716796875,37.22499465942383
2012-09-18,15517.1904296875,2597.455810546875,133.98580932617188,124.92894744873047,37.53783416748047
2012-09-19,15588.66015625,2597.455810546875,129.576171875,124.6834945678711,37.73945236206055
2012-09-20,15452.6396484375,2629.1318359375,128.19898986816406,123.40900421142578,37.41617202758789
2012-09-21,,2629.1318359375,128.19898986816406,123.40900421142578,37.41617202758789
2012-09-24,15375.51953125,2629.1318359375,129.87464904785156,124.52302551269531,36.988624572753906
2012-09-25,15373.4599609375,2629.1318359375,131.970947265625,125.5709228515625,37.162410736083984
2012-09-26,15399.419921875,2660.80859375,131.77423095703125,124.96669006347656,37.01643753051758
2012-09-27,15357.58984375,2660.80859375,136.74017333984375,125.11774444580078,37.36750411987305
2012-09-28,15444.8203125,2660.80859375,143.5717315673828,125.69363403320312,37.0929069519043
2012-10-01,15559.9404296875,2793.84912109375,141.7875213623047,127.17584991455078,37.17633056640625
2012-10-02,15648.2900390625,2803.35693359375,140.6002960205078,126.36395263671875,37.4717903137207
2012-10-03,15712.2099609375,2943.525146484375,140.26112365722656,126.8265380859375,37.10331726074219
2012-10-04,15788.9599609375,3040.923583984375,137.71705627441406,128.4881134033203,37.10331726074219
2012-10-05,15754.3896484375,3192.969482421875,136.7266082763672,127.65731811523438,37.06855773925781
2012-10-08,15652.009765625,3192.969482421875,136.7266082763672,127.65731811523438,37.71512222290039
2012-10-09,15688.240234375,3167.6279296875,135.68185424804688,126.32615661621094,37.3640251159668
2012-10-10,15753.8203125,3326.010498046875,140.98020935058594,133.01019287109375,37.22847366333008
2012-10-11,15845.2998046875,3459.05029296875,145.3152618408203,130.06471252441406,37.25627517700195
2012-10-12,15698.3603515625,3341.399169921875,142.71017456054688,130.0835723876953,37.134613037109375
2012-10-15,15746.900390625,3484.391357421875,149.3585968017578,129.02621459960938,37.17633056640625
2012-10-16,15674.2998046875,3357.68701171875,142.56771850585938,125.15935516357422,36.76615524291992
2012-10-17,15654.6201171875,3386.828125,142.79161071777344,125.24506378173828,36.825252532958984
2012-10-18,15679.1904296875,3217.4873046875,142.58123779296875,129.99769592285156,36.748779296875
2012-10-19,15792.75,3167.6279296875,142.92047119140625,134.2836456298828,36.56106185913086
2012-10-22,15848.6298828125,3167.6279296875,142.5405731201172,133.5121612548828,36.5958137512207
2012-10-23,15853.83984375,3167.6279296875,142.58123779296875,132.70262145996094,36.91563034057617
2012-10-24,15865.5302734375,3167.6279296875,142.4998779296875,132.49310302734375,36.981666564941406
2012-10-25,15812.7197265625,3167.6279296875,142.46595764160156,132.22640991210938,36.82872009277344
2012-10-26,,3167.6279296875,142.46595764160156,132.22640991210938,36.82872009277344
2012-10-29,,3167.6279296875,142.46595764160156,132.22640991210938,36.82872009277344
2012-10-30,,3040.923583984375,144.5011749267578,132.4550018310547,37.01990509033203
2012-10-31,15910.1103515625,3040.923583984375,142.64231872558594,137.53146362304688,36.748779296875
2012-11-01,15962.3701171875,3040.923583984375,145.92584228515625,139.00772094726562,36.75223922729492
2012-11-02,16101.5498046875,3040.923583984375,147.52688598632812,136.11233520507812,36.724430084228516
2012-11-05,16156.3603515625,3040.923583984375,149.2635955810547,134.61700439453125,36.86695098876953
2012-11-06,16051.1396484375,2888.877685546875,151.76695251464844,133.7502899169922,36.81135177612305
2012-11-07,16218.009765625,2977.56396484375,153.01519775390625,133.29312133789062,36.77657699584961
2012-11-08,16243.26953125,2977.56396484375,153.01519775390625,133.29312133789062,36.77657699584961
2012-11-09,,2977.56396484375,153.01519775390625,133.29312133789062,36.77657699584961
2012-11-12,16213.6796875,2976.9375,154.16848754882812,133.8074493408203,37.294517517089844
2012-11-13,16129.7197265625,2976.9375,154.17526245117188,132.70262145996094,38.23652648925781
2012-11-14,16120.51953125,2976.9375,153.78857421875,133.00738525390625,37.35013198852539
2012-11-15,16143.0703125,2976.9375,153.53759765625,133.3407440185547,38.54936599731445
2012-11-16,16197.740234375,2976.9375,153.3204803466797,135.91232299804688,38.00013732910156
2012-11-19,16251.3798828125,2976.9375,153.8021697998047,136.045654296875,37.975830078125
2012-11-20,16251.7900390625,2976.9375,153.8021697998047,136.045654296875,37.975830078125
2012-11-21,16256.9697265625,2976.9375,153.92428588867188,134.64559936523438,37.99319839477539
2012-11-22,,2976.9375,155.35569763183594,135.25515747070312,37.802024841308594
2012-11-23,16237.58984375,2976.9375,153.32728576660156,135.08370971679688,37.82634735107422
2012-11-26,16270.48046875,2976.9375,153.4019012451172,134.9217987060547,37.51002883911133
2012-11-27,16364.76953125,2976.9375,153.3204803466797,137.54100036621094,37.81940460205078
2012-11-28,16424.029296875,3104.27685546875,153.3204803466797,136.30284118652344,37.65602493286133
2012-11-29,16527.080078125,3104.27685546875,152.3029022216797,137.63623046875,38.37556457519531
2012-11-30,16573.859375,2952.23095703125,152.4250030517578,137.11241149902344,38.93171310424805
2012-12-03,16537.98046875,2802.085205078125,152.4250030517578,137.1599884033203,38.747493743896484
2012-12-04,16650.150390625,2802.085205078125,152.4250030517578,137.1599884033203,38.747493743896484
2012-12-05,16675.69921875,2802.085205078125,153.99888610839844,136.86473083496094,39.47399139404297
2012-12-06,16824.55078125,2802.085205078125,154.14813232421875,141.0554656982422,40.46119689941406
2012-12-07,16807.91015625,3040.923583984375,154.3380889892578,139.24583435058594,41.017364501953125
2012-12-10,16787.5390625,3066.264892578125,153.88357543945312,137.73147583007812,40.697547912597656
2012-12-11,16701.689453125,3040.923583984375,154.46702575683594,136.68377685546875,40.506385803222656
2012-12-12,16744.599609375,3104.27685546875,153.65972900390625,139.24583435058594,40.37429428100586
2012-12-13,16806.580078125,3104.27685546875,154.6772918701172,140.6744842529297,40.23871994018555
2012-12-14,16845.08984375,2978.20556640625,152.7098846435547,141.91265869140625,40.66976547241211
2012-12-17,16801.01953125,3072.599609375,153.99888610839844,141.5031280517578,40.65584945678711
2012-12-18,16858.6796875,2918.969970703125,153.9446258544922,141.35073852539062,41.23984146118164
2012-12-19,16869.830078125,2933.85791015625,154.06674194335938,141.10308837890625,41.13206481933594
2012-12-20,16908.01953125,2933.85791015625,152.64210510253906,141.24595642089844,41.06602478027344
2012-12-21,16865.33984375,2945.89501953125,152.6488800048828,141.68408203125,40.97564697265625
2012-12-24,16891.939453125,2945.89501953125,153.65972900390625,142.70318603515625,40.96175003051758
2012-12-25,,2945.89501953125,153.65972900390625,142.70318603515625,40.96175003051758
2012-12-26,16927.33984375,2945.89501953125,153.3204803466797,141.5792999267578,40.98955535888672
2012-12-27,16892.3203125,3104.27685546875,153.86322021484375,142.03648376464844,40.89222717285156
2012-12-28,16943.189453125,3104.27685546875,153.62576293945312,142.6746063232422,41.04168701171875
2012-12-31,16905.330078125,2977.571044921875,158.7477569580078,146.9986572265625,40.95130920410156
2013-01-01,,2977.571044921875,154.7722930908203,143.23651123046875,40.95130920410156
2013-01-02,16489.990234375,2939.559326171875,147.03842163085938,140.23638916015625,40.87831115722656
2013-01-03,16588.5390625,2914.218994140625,147.03842163085938,140.56019592285156,40.148338317871094
2013-01-04,16648.83984375,2914.218994140625,147.03842163085938,140.5030517578125,39.967594146728516
2013-01-07,16502.650390625,2914.218994140625,144.51475524902344,140.4840087890625,39.633888244628906
2013-01-08,16645.759765625,2914.218994140625,144.51475524902344,140.11256408691406,39.880699157714844
2013-01-09,16742.220703125,2914.218994140625,144.5011749267578,143.72225952148438,39.96063995361328
2013-01-10,16529.919921875,2914.218994140625,136.78765869140625,141.9602508544922,39.58522415161133
2013-01-11,16634.7109375,2914.218994140625,140.43072509765625,143.0841522216797,39.62346649169922
2013-01-14,16633.1796875,3025.085693359375,136.78765869140625,144.7318572998047,39.58522415161133
2013-01-15,16107.8896484375,2882.542236328125,134.4810333251953,144.62709045410156,38.358177185058594
2013-01-16,16181.4697265625,2882.542236328125,141.20411682128906,139.94110107421875,38.64320373535156
2013-01-17,16291.08984375,2882.542236328125,139.75228881835938,139.72206115722656,39.626953125
2013-01-18,16601.76953125,2882.542236328125,138.39549255371094,144.38900756835938,39.97455596923828
2013-01-21,,2854.032958984375,145.85800170898438,143.90322875976562,40.21788024902344
2013-01-22,16894.08984375,2914.218994140625,143.1443634033203,146.16050720214844,40.74623489379883
2013-01-23,16908.669921875,3059.9296875,143.1443634033203,145.4080810546875,40.666282653808594
2013-01-24,17056.359375,3040.923583984375,143.82276916503906,147.62725830078125,40.673240661621094
2013-01-25,,3040.923583984375,143.82276916503906,147.62725830078125,40.673240661621094
2013-01-28,17004.990234375,3040.923583984375,145.17958068847656,145.97003173828125,40.73928451538086
2013-01-29,17172.0390625,3009.247314453125,147.89320373535156,148.4463348388672,41.020843505859375
2013-01-30,17205.26953125,3122.287109375,145.85800170898438,147.76060485839844,41.22590255737305
2013-01-31,17242.740234375,3149.890625,145.24745178222656,149.98928833007812,41.243282318115234
2013-02-01,17266.23046875,3149.890625,145.1999053955078,150.09405517578125,41.0451774597168
2013-02-04,17288.0703125,3111.56201171875,145.17958068847656,149.7321319580078,41.434471130371094
2013-02-05,,3111.56201171875,145.17958068847656,149.7321319580078,41.434471130371094
2013-02-06,17408.51953125,2978.20556640625,149.2500457763672,150.9131622314453,41.36496353149414
2013-02-07,17383.3203125,3107.443359375,154.3380889892578,150.09405517578125,40.76362991333008
2013-02-08,17477.939453125,3135.951416015625,153.3204803466797,149.61781311035156,40.89569854736328
2013-02-11,17548.5390625,3135.951416015625,149.48748779296875,150.19882202148438,40.666282653808594
2013-02-12,17611.400390625,3326.010498046875,149.92840576171875,151.6846160888672,40.82271194458008
2013-02-13,17696.44921875,3139.119873046875,153.3476104736328,151.96084594726562,40.77404022216797
2013-02-14,17765.8203125,3139.119873046875,152.64210510253906,154.1418914794922,40.61064910888672
2013-02-15,17797.220703125,3139.119873046875,149.2500457763672,155.1800537109375,40.645423889160156
2013-02-18,,3139.119873046875,149.25685119628906,157.151611328125,40.56547927856445
2013-02-19,17817.7109375,3040.93017578125,150.2676544189453,156.5325164794922,40.4890022277832
2013-02-20,17947.0703125,3104.27685546875,149.2500457763672,161.66615295410156,40.468143463134766
2013-02-21,17921.01953125,3104.27685546875,149.2500457763672,159.26602172851562,40.57590866088867
2013-02-22,18074.26953125,3104.27685546875,149.2500457763672,160.408935546875,40.502899169921875
2013-02-25,18020.5,3104.27685546875,147.7439727783203,157.93258666992188,40.38471984863281
2013-02-26,17894.890625,3251.140380859375,148.53089904785156,156.0086669921875,40.224815368652344
2013-02-27,18080.900390625,3167.6279296875,148.53089904785156,157.39923095703125,40.224815368652344
2013-02-28,18173.669921875,3167.6279296875,150.23373413085938,156.93252563476562,40.38124084472656
2013-03-01,18185.189453125,3167.6279296875,142.19459533691406,159.29457092285156,40.01973342895508
2013-03-04,18133.130859375,3167.6279296875,143.50387573242188,158.86598205566406,40.12054443359375
2013-03-05,18035.970703125,3167.6279296875,142.46595764160156,157.3420867919922,39.88417053222656
2013-03-06,18000.44921875,3151.791259765625,142.46595764160156,157.40878295898438,39.804222106933594
2013-03-07,17992.91015625,3151.791259765625,142.46595764160156,160.2469940185547,39.80074691772461
2013-03-08,17964.1796875,3167.6279296875,142.45236206054688,157.25636291503906,39.553951263427734
2013-03-11,17522.560546875,3167.6279296875,138.39549255371094,153.4466094970703,39.29670715332031
2013-03-12,17872.849609375,3167.6279296875,138.39549255371094,156.24679565429688,39.71037292480469
2013-03-13,17760.439453125,3326.010498046875,141.9028778076172,153.5894775390625,39.626953125
2013-03-14,17740.689453125,3167.6279296875,142.2827606201172,153.35137939453125,39.31758117675781
2013-03-15,17664.830078125,3167.6279296875,141.04129028320312,153.3132781982422,39.4221076965332
2013-03-18,17492.0,3167.6279296875,141.8350372314453,156.71347045898438,38.789527893066406
2013-03-19,17693.369140625,3167.6279296875,142.05889892578125,158.30404663085938,38.36384582519531
2013-03-20,17753.970703125,3212.6044921875,143.8159637451172,161.43756103515625,38.184810638427734
2013-03-21,17913.619140625,3212.6044921875,143.8159637451172,162.77098083496094,38.49114990234375
2013-03-22,17963.109375,3212.6044921875,143.8159637451172,161.66615295410156,38.25244140625
2013-03-25,17961.91015625,3212.6044921875,141.65184020996094,162.14234924316406,38.88898468017578
2013-03-26,17872.150390625,3212.6044921875,141.7875213623047,162.104248046875,38.133079528808594
2013-03-27,17897.900390625,3373.23583984375,141.7875213623047,158.72312927246094,38.43147659301758
2013-03-28,17947.759765625,3533.223876953125,140.76992797851562,159.0850067138672,38.43147659301758
2013-03-29,,3709.884765625,141.7875213623047,159.61839294433594,38.395668029785156
2013-04-01,18272.109375,3709.884765625,147.32337951660156,160.67562866210938,38.614479064941406
2013-04-02,18345.740234375,3709.884765625,147.2147979736328,162.86619567871094,38.562744140625
2013-04-03,18575.880859375,3895.373046875,149.92840576171875,162.22805786132812,38.64234161376953
2013-04-04,18613.439453125,3919.378173828125,150.60684204101562,161.83758544921875,38.566734313964844
2013-04-05,18636.029296875,3919.378173828125,156.03414916992188,161.50424194335938,38.58264923095703
2013-04-08,18653.060546875,3919.378173828125,152.6488800048828,163.34242248535156,38.371795654296875
2013-04-09,18713.609375,3919.378173828125,160.2809600830078,166.5711669921875,38.24845886230469
2013-04-10,18723.349609375,3919.378173828125,160.1046142578125,167.866455078125,38.31211853027344
2013-04-11,18764.55078125,3887.251953125,156.04769897460938,166.08543395996094,38.292232513427734
2013-04-12,18714.279296875,3932.7548828125,150.54510498046875,166.52352905273438,38.12910842895508
2013-04-15,18524.5,3932.7548828125,155.19155883789062,166.19021606445312,36.450225830078125
2013-04-16,18361.869140625,3932.7548828125,160.17637634277344,166.50450134277344,36.203556060791016
2013-04-17,18394.119140625,3932.7548828125,160.17637634277344,164.0091094970703,35.754005432128906
2013-04-18,18614.359375,3932.7548828125,168.1852264404297,165.8759002685547,36.601409912109375
2013-04-19,18631.2109375,3932.7548828125,176.59445190429688,163.8091278076172,35.80175018310547
2013-04-22,18605.55078125,3932.7548828125,185.0313262939453,162.7899932861328,35.730133056640625
2013-04-23,18647.2890625,3916.503662109375,179.03160095214844,163.2090606689453,35.773887634277344
2013-04-24,18779.66015625,4030.260498046875,174.74412536621094,163.71388244628906,35.817649841308594
2013-04-25,18885.599609375,4231.77392578125,178.06503295898438,166.67591857910156,35.805721282958984
2013-04-26,18917.7109375,4231.77392578125,184.03713989257812,165.74256896972656,35.754005432128906
2013-04-29,18822.849609375,4231.77392578125,185.61819458007812,165.25682067871094,35.61077880859375
2013-04-30,18982.419921875,4277.27587890625,192.79849243164062,165.32347106933594,35.010040283203125
2013-05-01,,4277.27587890625,192.79849243164062,165.32347106933594,35.010040283203125
2013-05-02,19034.529296875,4335.7802734375,188.30389404296875,166.48545837402344,35.40789031982422
2013-05-03,19226.630859375,4538.91943359375,185.03823852539062,165.61874389648438,35.88528823852539
2013-05-06,19256.69921875,4647.80224609375,189.86424255371094,165.33297729492188,35.805721282958984
2013-05-07,19262.740234375,4647.80224609375,189.1737823486328,164.4567413330078,35.58689880371094
2013-05-08,19472.55078125,4485.29248046875,193.0263214111328,168.56175231933594,35.805721282958984
2013-05-09,19661.4609375,4485.29248046875,191.617919921875,170.29518127441406,36.688926696777344
2013-05-10,19916.26953125,4485.29248046875,192.89517211914062,168.60939025878906,37.695457458496094
2013-05-13,20244.8203125,4485.29248046875,200.2135772705078,173.34298706054688,39.06801223754883
2013-05-14,20474.619140625,4485.29248046875,196.76840209960938,172.39053344726562,39.75627899169922
2013-05-15,20566.689453125,4485.29248046875,196.7131805419922,170.23802185058594,40.40080261230469
2013-05-16,20416.599609375,4290.27880859375,200.22048950195312,170.18087768554688,40.50422668457031
2013-05-17,20537.029296875,4290.27880859375,207.7460174560547,169.64752197265625,40.23368835449219
2013-05-20,20814.140625,4322.7802734375,212.99317932128906,170.6761474609375,39.9830436706543
2013-05-21,21168.0,4290.27880859375,212.30274963378906,173.34298706054688,40.579803466796875
2013-05-22,21458.900390625,4355.2822265625,207.8150634765625,175.24783325195312,41.574440002441406
2013-05-23,21342.650390625,4322.7802734375,203.61041259765625,170.78089904785156,41.4630241394043
2013-05-24,21283.76953125,4290.27880859375,203.67250061035156,169.08558654785156,40.95377731323242
2013-05-27,,4355.2822265625,203.61729431152344,169.04750061035156,40.321205139160156
2013-05-28,21501.720703125,4290.27880859375,203.84515380859375,171.923828125,41.272056579589844
2013-05-29,21441.119140625,4290.27880859375,203.67250061035156,169.7237091064453,40.75885009765625
2013-05-30,21590.66015625,4252.57470703125,201.60130310058594,170.6761474609375,40.94582748413086
2013-05-31,21823.05078125,4290.27880859375,203.56898498535156,174.29539489746094,42.03193283081055
2013-06-03,22080.849609375,4290.27880859375,203.67250061035156,174.15255737304688,43.03449249267578
2013-06-04,22274.509765625,4257.77587890625,204.1074981689453,176.72412109375,42.96288299560547
2013-06-05,22092.419921875,4169.37060546875,207.1245880126953,184.6769256591797,42.77190399169922
2013-06-06,22276.69921875,4160.2705078125,214.02877807617188,184.49598693847656,44.53437423706055
2013-06-07,22358.9609375,3997.7607421875,223.43914794921875,182.2577362060547,45.66820526123047
2013-06-10,22150.740234375,3997.7607421875,230.0808868408203,180.08619689941406,44.12855911254883
2013-06-11,22209.0703125,4192.12158203125,227.14669799804688,184.01023864746094,46.33259201049805
2013-06-12,22324.5703125,4218.77490234375,220.6153564453125,183.5816192626953,45.393699645996094
2013-06-13,22757.720703125,4290.27880859375,227.6575469970703,191.10586547851562,47.66139221191406
2013-06-14,22541.640625,4322.4560546875,226.26988220214844,193.96316528320312,47.084537506103516
2013-06-17,22216.4609375,4322.4560546875,222.43115234375,191.5059051513672,46.730430603027344
2013-06-18,21919.619140625,4290.271484375,233.5468292236328,189.1152801513672,46.55141830444336
2013-06-19,22135.720703125,4277.27587890625,244.7246551513672,198.5634002685547,46.682701110839844
2013-06-20,22015.0390625,4277.27587890625,235.82518005371094,191.14393615722656,46.80204391479492
2013-06-21,21698.349609375,4277.27587890625,234.7412109375,191.06777954101562,46.81399154663086
2013-06-24,21048.080078125,4063.414306640625,227.83706665039062,191.7821044921875,46.55141830444336
2013-06-25,21110.33984375,4063.414306640625,227.47805786132812,193.3155059814453,46.0262565612793
2013-06-26,21002.5703125,4062.763671875,234.7412109375,202.8684539794922,46.074012756347656
2013-06-27,21015.33984375,4062.763671875,228.189208984375,198.78248596191406,46.10978698730469
2013-06-28,21005.689453125,4224.62548828125,226.5183563232422,199.7444305419922,47.4385986328125
2013-07-01,21363.16015625,4013.392578125,234.7412109375,198.73487854003906,48.715675354003906
2013-07-02,21644.169921875,4092.015625,235.43165588378906,208.440185546875,49.92908477783203
2013-07-03,21802.859375,4127.767578125,241.6454315185547,210.44029235839844,49.193077087402344
2013-07-04,,4153.77001953125,253.7277069091797,210.08786010742188,50.35080337524414
2013-07-05,22178.33984375,4153.77001953125,247.61746215820312,213.82142639160156,52.11722183227539
2013-07-08,22365.720703125,4153.77001953125,247.16873168945312,221.7075653076172,50.56962203979492
2013-07-09,22721.220703125,4153.77001953125,242.9296112060547,227.93649291992188,53.09592056274414
2013-07-10,22984.939453125,4153.77001953125,240.95497131347656,236.06076049804688,55.74950408935547
2013-07-11,22747.130859375,4153.77001953125,241.6454315185547,231.19381713867188,55.81315231323242
2013-07-12,23037.3203125,4153.77001953125,246.74066162109375,230.1556396484375,57.114112854003906
2013-07-15,23172.349609375,4153.77001953125,257.2902526855469,223.4886016845703,59.23460006713867
2013-07-16,23160.890625,4199.2724609375,269.26202392578125,221.89804077148438,61.2277717590332
2013-07-17,22994.720703125,4199.2724609375,269.26202392578125,215.17385864257812,59.302223205566406
2013-07-18,23114.970703125,4199.2724609375,275.1650390625,217.7359161376953,61.024871826171875
2013-07-19,23428.9296875,4199.2724609375,274.85443115234375,220.85989379882812,64.07231140136719
2013-07-22,23657.810546875,4199.2724609375,276.9808349609375,223.17434692382812,65.293701171875
2013-07-23,23683.26953125,4199.2724609375,276.1661682128906,225.05056762695312,65.97799682617188
2013-07-24,23776.220703125,4095.265625,274.59893798828125,232.7748565673828,68.42870330810547
2013-07-25,23573.6796875,4095.265625,274.094970703125,229.44131469726562,66.07746887207031
2013-07-26,23497.0703125,4095.265625,272.71405029296875,229.55564880371094,66.18090057373047
2013-07-29,23315.150390625,4030.260498046875,274.6817626953125,226.69833374023438,66.47929382324219
2013-07-30,23284.810546875,4030.260498046875,286.5224304199219,228.4412841796875,66.49517822265625
2013-07-31,23312.76953125,4030.260498046875,286.5224304199219,230.41278076171875,67.81207275390625
2013-08-01,23091.859375,4153.77001953125,284.09906005859375,227.27931213378906,66.60262298583984
2013-08-02,,4153.77001953125,284.09906005859375,227.27931213378906,66.60262298583984
2013-08-05,22701.30078125,4153.77001953125,282.37298583984375,225.555419921875,63.475582122802734
2013-08-06,22621.9296875,4095.265625,277.5469970703125,215.6595916748047,64.52192687988281
2013-08-07,23237.189453125,4095.265625,278.44451904296875,218.31690979003906,65.7114486694336
2013-08-08,,4095.265625,278.44451904296875,218.31690979003906,65.7114486694336
2013-08-09,,4095.265625,278.44451904296875,218.31690979003906,65.7114486694336
2013-08-12,23437.990234375,4062.763671875,283.0703125,226.23162841796875,64.5776138305664
2013-08-13,23613.19921875,4134.26806640625,273.7566833496094,224.12673950195312,64.39459228515625
2013-08-14,,4134.26806640625,273.7566833496094,224.12673950195312,64.39459228515625
2013-08-15,23687.890625,4134.26806640625,272.71405029296875,225.39346313476562,66.03368377685547
2013-08-16,23673.30078125,4134.26806640625,273.62542724609375,228.10792541503906,64.9555435180664
2013-08-19,23600.23046875,4199.2724609375,272.71405029296875,228.6412811279297,64.84813690185547
2013-08-20,23487.23046875,4095.265625,263.3520812988281,223.66957092285156,63.4954719543457
2013-08-21,23015.26953125,4095.265625,272.9557189941406,218.16452026367188,63.08967208862305
2013-08-22,22714.3203125,3893.75244140625,272.71405029296875,212.67852783203125,64.4861068725586
2013-08-23,22714.6796875,4069.263916015625,276.0970764160156,212.41180419921875,66.04167175292969
2013-08-26,22922.240234375,3900.25341796875,276.173095703125,223.03143310546875,64.45427703857422
2013-08-27,22523.7109375,3900.25341796875,276.1661682128906,222.41236877441406,64.29511260986328
2013-08-28,22236.330078125,3828.747802734375,275.77264404296875,221.91709899902344,61.86433029174805
2013-08-29,22214.73046875,4017.260009765625,274.7853698730469,210.40220642089844,63.25678253173828
2013-08-30,22160.849609375,4153.77001953125,269.26202392578125,212.38323974609375,63.5630989074707
2013-09-02,,4153.77001953125,275.7381896972656,213.84048461914062,62.14280700683594
2013-09-03,21808.48046875,4007.51025390625,272.7210388183594,224.5267791748047,62.461097717285156
2013-09-04,21875.830078125,3997.7607421875,274.80816650390625,217.47874450683594,62.850982666015625
2013-09-05,22451.4609375,3916.503662109375,274.8011169433594,223.47911071777344,64.84019470214844
2013-09-06,22765.869140625,3802.746826171875,272.0879211425781,229.06036376953125,64.50165557861328
2013-09-09,22838.83984375,3992.884521484375,281.0624084472656,232.07003784179688,63.97959899902344
2013-09-10,22992.169921875,4094.615478515625,288.5412292480469,243.6707000732422,63.37192153930664
2013-09-11,23231.6796875,3932.7548828125,285.2366027832031,253.7760467529297,62.613319396972656
2013-09-12,23222.2109375,3932.7548828125,292.1936340332031,243.575439453125,63.19245529174805
2013-09-13,23168.0390625,3932.7548828125,292.7153625488281,239.6418914794922,63.13536834716797
2013-09-16,23242.6796875,3932.7548828125,288.7151184082031,239.52761840820312,65.12565612792969
2013-09-17,23066.5,3874.250732421875,285.93231201171875,237.94656372070312,64.70967864990234
2013-09-18,22930.060546875,4020.510986328125,292.1936340332031,230.01278686523438,67.5442123413086
2013-09-19,23456.98046875,4019.86083984375,292.1936340332031,234.62257385253906,70.92121887207031
2013-09-20,23595.609375,4019.86083984375,293.58502197265625,237.022705078125,69.59571075439453
2013-09-23,23639.970703125,4030.260498046875,292.8893127441406,239.2609405517578,69.61202239990234
2013-09-24,23088.490234375,3900.25341796875,299.150634765625,233.80348205566406,67.58502197265625
2013-09-25,23060.900390625,3900.25341796875,294.28070068359375,230.74618530273438,68.33954620361328
2013-09-26,22780.8203125,3900.25341796875,295.6720886230469,223.3743438720703,67.47489166259766
2013-09-27,22387.310546875,4030.260498046875,293.58502197265625,219.52650451660156,65.45195007324219
2013-09-30,21832.6796875,4030.260498046875,298.1070251464844,220.2884521484375,63.828712463378906
2013-10-01,21980.419921875,4030.260498046875,298.1766052246094,222.76473999023438,61.895503997802734
2013-10-02,22189.669921875,4030.260498046875,292.2283935546875,221.3647003173828,61.210289001464844
2013-10-03,22152.349609375,4029.612060546875,299.150634765625,222.85047912597656,60.01937484741211
2013-10-04,22085.9609375,3900.25341796875,299.150634765625,223.09812927246094,59.44430160522461
2013-10-07,21864.849609375,4029.17626953125,306.10760498046875,220.6122589111328,58.23297882080078
2013-10-08,22080.470703125,4094.47265625,304.7161865234375,222.4790496826172,60.688236236572266
2013-10-09,21657.220703125,4095.265625,299.150634765625,222.45046997070312,61.11648178100586
2013-10-10,21674.98046875,4225.2734375,292.1936340332031,223.20289611816406,60.3007926940918
2013-10-11,21775.390625,4225.2734375,295.6720886230469,223.8029022216797,60.33342742919922
2013-10-14,21599.779296875,4225.2734375,295.6720886230469,218.70126342773438,59.644126892089844
2013-10-15,,4225.2734375,295.6720886230469,218.70126342773438,59.644126892089844
2013-10-16,,4225.2734375,295.6720886230469,218.70126342773438,59.644126892089844
2013-10-17,,4225.2734375,295.6720886230469,218.70126342773438,59.644126892089844
2013-10-18,,4225.2734375,295.6720886230469,218.70126342773438,59.644126892089844
2013-10-21,21754.94921875,4257.77587890625,295.6720886230469,225.3564453125,61.01454544067383
2013-10-22,22230.4296875,4160.2705078125,295.6720886230469,234.6488037109375,62.38492202758789
2013-10-23,22347.2890625,4160.2705078125,294.9834289550781,230.25674438476562,61.12055206298828
2013-10-24,22360.849609375,4095.265625,309.7322082519531,229.8347930908203,60.87586212158203
2013-10-25,22445.58984375,4300.029296875,301.9334411621094,232.328125,61.15727615356445
2013-10-28,22353.19921875,4300.029296875,301.9334411621094,232.328125,61.15727615356445
2013-10-29,22276.650390625,4300.029296875,298.44793701171875,229.1923065185547,60.084625244140625
2013-10-30,22310.58984375,4300.029296875,305.4119567871094,231.541748046875,59.97859191894531
2013-10-31,22775.849609375,4578.73486328125,304.7161865234375,241.39990234375,60.647464752197266
2013-11-01,22649.08984375,4615.29833984375,309.5860595703125,238.02435302734375,59.26893615722656
2013-11-04,22377.830078125,4615.29833984375,299.150634765625,237.05580139160156,59.260772705078125
2013-11-05,22790.69921875,4778.9619140625,299.150634765625,247.41259765625,60.361976623535156
2013-11-06,23165.2109375,4844.4296875,299.150634765625,253.1663360595703,61.17767333984375
2013-11-07,23220.2109375,4786.81884765625,302.8726501464844,247.8345184326172,60.85953140258789
2013-11-08,23367.150390625,4811.6943359375,299.15753173828125,245.82069396972656,62.33121109008789
2013-11-11,23381.080078125,4582.56591796875,304.2640075683594,245.96456909179688,65.10922241210938
2013-11-12,23302.4609375,4778.798828125,306.1006164550781,255.75559997558594,66.00213623046875
2013-11-13,23287.060546875,4818.2412109375,302.6291198730469,249.2442626953125,65.79957580566406
2013-11-14,,4818.2412109375,302.6291198730469,249.2442626953125,65.79957580566406
2013-11-15,,4818.2412109375,302.6291198730469,249.2442626953125,65.79957580566406
2013-11-18,23611.240234375,4818.2412109375,302.6291198730469,256.6186828613281,66.79585266113281
2013-11-19,23819.4296875,4942.62451171875,317.23876953125,261.7874450683594,66.30806732177734
2013-11-20,23800.970703125,4942.62451171875,309.4191589355469,260.358642578125,65.79545593261719
2013-11-21,23784.1796875,5073.55615234375,306.8033142089844,258.69000244140625,65.7789077758789
2013-11-22,23847.5703125,5309.06640625,304.7161865234375,258.680419921875,66.68009185791016
2013-11-25,23978.2890625,5192.32958984375,306.10760498046875,258.6325378417969,65.67969512939453
2013-11-26,23798.69921875,5451.94580078125,302.97698974609375,255.7651824951172,66.18816375732422
2013-11-27,23768.349609375,5724.54345703125,303.1021728515625,257.02142333984375,66.11787414550781
2013-11-28,,6010.76953125,306.10760498046875,260.7422180175781,66.96947479248047
2013-11-29,24302.189453125,6088.26806640625,293.98846435546875,268.298828125,66.57264709472656
2013-12-02,24401.5703125,5957.33740234375,293.58502197265625,274.03350830078125,67.18031311035156
2013-12-03,24588.470703125,5990.0693359375,290.0299987792969,263.3697814941406,67.25884246826172
2013-12-04,24445.380859375,5760.94140625,288.7081604003906,268.49066162109375,67.0976333618164
2013-12-05,24800.689453125,5977.6689453125,299.51239013671875,272.82513427734375,67.37874603271484
2013-12-06,24870.55078125,6022.80322265625,293.2371826171875,268.9797058105469,67.29605102539062
2013-12-09,24998.890625,6022.80322265625,290.5030212402344,267.512451171875,67.01495361328125
2013-12-10,24878.6796875,5741.30224609375,290.80224609375,266.42889404296875,66.60570526123047
2013-12-11,24972.900390625,6022.80322265625,290.6004943847656,269.324951171875,66.67183685302734
2013-12-12,25072.0,6022.80322265625,292.1936340332031,270.0441589355469,67.25884246826172
2013-12-13,25256.689453125,6022.80322265625,290.1064758300781,270.3797607421875,67.0521469116211
2013-12-16,25298.3203125,6022.80322265625,288.7151184082031,276.1047668457031,67.13484191894531
2013-12-17,25350.19921875,5499.73583984375,274.5715637207031,285.28204345703125,66.7793197631836
2013-12-18,25524.4609375,5499.08056640625,280.0119323730469,280.34344482421875,67.58544921875
2013-12-19,25472.640625,5302.68408203125,278.9057922363281,280.0365295410156,68.93309020996094
2013-12-20,25579.330078125,5432.96142578125,274.8011169433594,279.6337585449219,68.66024017333984
2013-12-23,25417.630859375,5432.96142578125,269.2355651855469,279.2406005859375,67.77973175048828
2013-12-24,25366.689453125,5433.61474609375,266.97454833984375,280.0173645019531,66.97360229492188
2013-12-25,,5433.61474609375,266.97454833984375,280.0173645019531,66.97360229492188
2013-12-26,25370.029296875,5171.76025390625,274.1819763183594,287.5836181640625,67.1761703491211
2013-12-27,25258.05078125,5171.76025390625,281.0624084472656,285.9245910644531,66.85372924804688
2013-12-30,25283.9609375,4976.01416015625,273.40972900390625,291.0454406738281,66.64289855957031
2013-12-31,25261.140625,4942.62451171875,273.757568359375,287.56439208984375,68.88349151611328
2014-01-01,,5189.10205078125,278.2796325683594,299.1966857910156,68.62303924560547
2014-01-02,25962.1796875,5433.60888671875,289.946533203125,309.6972961425781,68.54036712646484
2014-01-03,26046.7109375,5636.55615234375,285.0348815917969,304.5668640136719,68.20966339111328
2014-01-06,26169.830078125,5825.58740234375,278.4535827636719,303.44488525390625,67.3291244506836
2014-01-07,26259.5703125,6061.94970703125,278.0152893066406,301.8722229003906,67.45315551757812
2014-01-08,26341.080078125,5957.33740234375,277.58392333984375,299.98297119140625,69.86321258544922
2014-01-09,26373.240234375,5957.33740234375,272.83233642578125,305.6696472167969,71.69868469238281
2014-01-10,26488.3203125,6075.17333984375,275.4967956542969,302.43798828125,75.05956268310547
2014-01-13,26590.689453125,6087.61328125,274.10546875,302.4954833984375,74.44773864746094
2014-01-14,,6087.61328125,274.10546875,302.4954833984375,74.44773864746094
2014-01-15,26761.779296875,6626.28662109375,285.2366027832031,297.4705505371094,74.86526489257812
2014-01-16,26730.240234375,6350.12841796875,278.2726745605469,295.9265441894531,74.08808898925781
2014-01-17,26913.849609375,6219.1982421875,277.1177978515625,294.6319885253906,73.58375549316406
2014-01-20,,6153.724609375,277.0691833496094,296.8280029296875,73.71604919433594
2014-01-21,27104.69921875,6457.77294921875,278.1683349609375,300.9803466796875,73.58375549316406
2014-01-22,27015.119140625,6780.0068359375,272.9088439941406,303.5311279296875,72.05419158935547
2014-01-23,27064.33984375,7102.7236328125,278.2796325683594,304.0489501953125,72.2030258178711
2014-01-24,27002.890625,7384.47900390625,274.10546875,303.7516784667969,71.56639862060547
2014-01-27,26670.599609375,7474.9833984375,268.4076843261719,288.6576843261719,71.51679992675781
2014-01-28,26653.73046875,7848.6298828125,278.2517395019531,284.45733642578125,69.78882598876953
2014-01-29,26595.630859375,8241.0615234375,276.88818359375,289.4056396484375,69.45809173583984
2014-01-30,26607.640625,8589.0380859375,269.7503356933594,288.7631530761719,68.5362319946289
2014-01-31,26784.33984375,8271.533203125,271.84442138671875,297.0389709472656,68.35848236083984
2014-02-03,26946.099609375,7790.361328125,284.8887634277344,301.1145935058594,68.93722534179688
2014-02-04,26751.44921875,7373.4814453125,276.0882263183594,294.8333740234375,67.98228454589844
2014-02-05,,7373.4814453125,276.0882263183594,294.8333740234375,67.98228454589844
2014-02-06,26862.509765625,7004.80859375,272.5262451171875,299.6761169433594,69.03644561767578
2014-02-07,26681.779296875,6877.544921875,267.9693908691406,296.0224609375,68.21379852294922
2014-02-10,26255.2109375,6742.26416015625,267.8441467285156,293.8935852050781,67.30848693847656
2014-02-11,26240.41015625,6667.6337890625,253.5475311279297,293.2319030761719,69.03644561767578
2014-02-12,26677.26953125,6494.24365234375,266.22320556640625,298.71710205078125,67.84587097167969
2014-02-13,26541.259765625,6481.060546875,263.43341064453125,292.59893798828125,67.27953338623047
2014-02-14,26394.130859375,6510.517578125,261.9516296386719,290.74822998046875,67.38699340820312
2014-02-17,,6219.8505859375,257.40863037109375,290.15362548828125,67.1761703491211
2014-02-18,25884.380859375,6110.8525390625,258.01397705078125,291.2468566894531,66.07654571533203
2014-02-19,25686.9296875,6382.2060546875,257.40863037109375,291.15093994140625,66.74624633789062
2014-02-20,25506.80078125,6284.66162109375,250.298583984375,291.05511474609375,66.50648498535156
2014-02-21,25603.349609375,5761.595703125,250.45167541503906,288.5904846191406,66.3287124633789
2014-02-24,25773.810546875,5891.21630859375,259.77398681640625,292.67572021484375,66.48579406738281
2014-02-25,25559.609375,5806.11083984375,259.4957580566406,294.6319885253906,66.3287124633789
2014-02-26,25500.5,6096.419921875,251.44654846191406,295.8977966308594,64.79917907714844
2014-02-27,25478.9296875,6301.02978515625,250.86911010742188,300.2514953613281,66.46515655517578
2014-02-28,25783.279296875,6079.7568359375,254.1597900390625,312.40155029296875,67.093505859375
2014-03-03,25853.5390625,5931.80517578125,250.52122497558594,315.7579345703125,69.02815246582031
2014-03-04,26209.380859375,5884.669921875,251.52308654785156,316.9278869628906,70.64041900634766
2014-03-05,26521.990234375,5885.32470703125,250.57003784179688,317.8868408203125,71.28942108154297
2014-03-06,26842.529296875,5793.67333984375,260.8593444824219,324.99273681640625,74.46015930175781
2014-03-07,26892.23046875,5885.32470703125,263.39862060546875,316.98541259765625,76.1385269165039
2014-03-10,27176.259765625,5859.1396484375,271.7679443359375,325.0790710449219,77.13478088378906
2014-03-11,27309.01953125,5767.48681640625,274.4255065917969,328.92449951171875,76.02690124511719
2014-03-12,27115.19921875,5793.67333984375,288.1446228027344,330.83282470703125,75.96077728271484
2014-03-13,27083.119140625,5793.67333984375,295.6720886230469,326.1722717285156,75.85739135742188
2014-03-14,27124.470703125,5728.20751953125,292.46502685546875,326.25860595703125,75.05542755126953
2014-03-17,27229.099609375,5695.4775390625,288.8125305175781,324.9831848144531,75.5721664428711
2014-03-18,27246.970703125,5979.5966796875,287.15673828125,323.9858703613281,73.7077865600586
2014-03-19,27258.6796875,5918.05810546875,291.6371154785156,316.5155334472656,73.88555145263672
2014-03-20,27148.51953125,5885.32470703125,296.8826599121094,310.74261474609375,74.37748718261719
2014-03-21,26765.490234375,5878.7783203125,291.4144287109375,305.5641784667969,75.50365447998047
2014-03-24,26391.41015625,5793.67333984375,290.1064758300781,300.2227478027344,75.49906921386719
2014-03-25,26670.140625,5859.1396484375,290.80224609375,298.6980285644531,74.67963409423828
2014-03-26,26821.919921875,5859.1396484375,285.60540771484375,299.90631103515625,77.38655853271484
2014-03-27,27165.490234375,5597.14697265625,288.6455078125,301.95849609375,80.1072769165039
2014-03-28,27116.130859375,5613.64501953125,290.3013000488281,300.28985595703125,78.33028411865234
2014-03-31,27159.91015625,5613.64501953125,291.5466003417969,303.9434814453125,80.24536895751953
2014-04-01,27565.5,5482.71435546875,292.84759521484375,319.1334533691406,80.81625366210938
2014-04-02,27932.01953125,5243.89599609375,293.7449645996094,334.6783142089844,82.86483764648438
2014-04-03,28336.359375,5433.60888671875,294.4407653808594,343.3282165527344,81.94413757324219
2014-04-04,28408.029296875,5359.96630859375,309.113037109375,337.95794677734375,81.34564208984375
2014-04-07,28578.9609375,5302.68408203125,322.42181396484375,338.4470520019531,81.56661224365234
2014-04-08,28653.369140625,5400.8828125,322.6954345703125,336.49072265625,82.14666748046875
2014-04-09,28941.009765625,5377.75830078125,334.7235107421875,349.2832946777344,81.99935150146484
2014-04-10,29250.5390625,5417.39794921875,350.8077697753906,349.5805969238281,83.90064239501953
2014-04-11,29249.439453125,5416.07763671875,341.3551330566406,348.67913818359375,83.36663055419922
2014-04-14,29094.119140625,5316.2060546875,343.397216796875,344.7186279296875,83.2791519165039
2014-04-15,29095.76953125,5336.47509765625,339.61474609375,344.46929931640625,87.1369857788086
2014-04-16,29458.150390625,5358.59912109375,342.89892578125,353.9342956542969,88.37075805664062
2014-04-17,29350.33984375,5417.39794921875,332.9410095214844,344.7666015625,88.43981170654297
2014-04-18,,5417.39794921875,332.8358154296875,342.599365234375,86.211669921875
2014-04-21,28878.76953125,5351.3330078125,339.4042053222656,340.1923522949219,84.21827697753906
2014-04-22,29191.83984375,5318.96044921875,356.3726806640625,346.0611877441406,87.0725326538086
2014-04-23,28717.189453125,5301.7841796875,368.30255126953125,340.21148681640625,84.7707290649414
2014-04-24,28786.740234375,5219.201171875,373.53057861328125,346.8954772949219,85.1390380859375
2014-04-25,28850.080078125,5219.201171875,371.8956298828125,345.16937255859375,86.95282745361328
2014-04-28,28691.619140625,5318.29931640625,362.9832763671875,344.7666015625,85.70523834228516
2014-04-29,28436.58984375,5324.90625,350.4989929199219,336.0783386230469,85.09759521484375
2014-04-30,28912.98046875,5483.46435546875,362.52008056640625,341.1034240722656,85.03775024414062
2014-05-01,,5483.46435546875,362.52008056640625,341.1034240722656,85.03775024414062
2014-05-02,28921.130859375,5483.46435546875,362.3656921386719,341.51568603515625,85.2633285522461
2014-05-05,28629.630859375,5334.8173828125,344.33758544921875,341.6116027832031,84.7660903930664
2014-05-06,28383.19921875,5334.8173828125,330.6253356933594,336.2509765625,83.02596282958984
2014-05-07,28330.029296875,5285.26708984375,328.6112060546875,335.761962890625,83.14566802978516
2014-05-08,28511.01953125,5285.26708984375,334.49896240234375,335.6084899902344,85.99067687988281
2014-05-09,28494.5390625,5285.26708984375,338.4638671875,334.5632019042969,84.68306732177734
2014-05-12,28343.880859375,5285.26708984375,331.7059631347656,331.8205871582031,84.20841217041016
2014-05-13,28411.490234375,5285.26708984375,339.3832092285156,330.6794128417969,84.06417083740234
2014-05-14,28528.189453125,5285.26708984375,356.3516540527344,328.9628601074219,83.83613586425781
2014-05-15,28843.01953125,5450.43115234375,374.16925048828125,340.4704284667969,85.40436553955078
2014-05-16,28883.330078125,5450.43115234375,377.958740234375,337.8045349121094,85.59982299804688
2014-05-19,28951.380859375,5338.11865234375,384.5131530761719,338.3990478515625,86.57230377197266
2014-05-20,28842.919921875,5338.11865234375,386.6674499511719,335.6851806640625,85.68819427490234
2014-05-21,28760.119140625,5285.26708984375,380.7657165527344,335.99212646484375,84.94366455078125
2014-05-22,28741.55078125,5301.7841796875,365.68499755859375,335.4071350097656,85.97205352783203
2014-05-23,28756.0,5301.7841796875,364.9341735839844,332.63568115234375,85.00413513183594
2014-05-26,,5409.140625,383.1798095703125,335.7715759277344,86.54911041259766
2014-05-27,29048.2109375,5351.3330078125,376.0498962402344,336.6729431152344,85.91153717041016
2014-05-28,28987.3203125,5265.447265625,387.8323974609375,335.0906677246094,85.71612548828125
2014-05-29,29543.580078125,5393.765625,393.2429504394531,346.137939453125,87.63799285888672
2014-05-30,29737.689453125,5370.32568359375,412.8990478515625,356.1783142089844,89.91817474365234
2014-06-02,29789.849609375,5321.603515625,413.5937805175781,369.28729248046875,89.51333618164062
2014-06-03,29504.98046875,5334.15625,406.3307189941406,374.4656982421875,88.2801742553711
2014-06-04,29452.23046875,5384.37158203125,413.8465270996094,375.242431640625,87.777587890625
2014-06-05,29417.19921875,5410.13134765625,408.6674499511719,371.6271667480469,88.31272888183594
2014-06-06,29509.109375,5502.875,409.0816345214844,369.843505859375,87.90322875976562
2014-06-09,29472.51953125,5502.875,406.5201721191406,365.374755859375,88.3825454711914
2014-06-10,29540.720703125,5369.16943359375,403.4955749511719,380.1427917480469,86.40018463134766
2014-06-11,29783.30078125,5449.439453125,407.57275390625,389.6173095703125,86.53978729248047
2014-06-12,29766.380859375,5417.39794921875,405.0885925292969,389.1379089355469,86.49324798583984
2014-06-13,29730.859375,5351.3330078125,401.11663818359375,386.021240234375,87.31224060058594
2014-06-16,29651.0390625,5351.3330078125,413.4394836425781,386.1842346191406,87.07958984375
2014-06-17,29324.599609375,5285.26708984375,407.16583251953125,382.1278381347656,85.41365814208984
2014-06-18,29157.98046875,5285.26708984375,402.920166015625,383.1922607421875,84.72029113769531
2014-06-19,28674.369140625,5285.26708984375,397.8323974609375,376.9590148925781,83.1148681640625
2014-06-20,28691.83984375,5252.2333984375,407.80438232421875,380.7564697265625,83.15674591064453
2014-06-23,28999.029296875,5285.26708984375,407.57275390625,381.1304931640625,83.91991424560547
2014-06-24,29057.439453125,5153.1357421875,402.23944091796875,381.05377197265625,85.99069213867188
2014-06-25,28981.33984375,5219.201171875,399.59381103515625,375.01226806640625,85.01344299316406
2014-06-26,29188.529296875,5285.2607421875,396.4920959472656,367.9159851074219,86.0791015625
2014-06-27,29343.759765625,5379.5361328125,401.47454833984375,374.9068298339844,87.7403564453125
2014-06-30,29652.529296875,5390.97314453125,401.6289978027344,393.46270751953125,90.17875671386719
2014-07-01,29701.580078125,5390.97314453125,399.9587097167969,389.91455078125,90.30904388427734
2014-07-02,29676.80078125,5390.97314453125,396.67449951171875,385.6088562011719,90.28114318847656
2014-07-03,29697.7890625,5285.26708984375,397.57977294921875,385.3020324707031,89.63429260253906
2014-07-04,,5285.26708984375,392.4639892578125,386.5198669433594,89.31786346435547
2014-07-07,29528.9609375,5285.26708984375,393.85345458984375,385.8965148925781,88.89906311035156
2014-07-08,29497.5703125,5186.16796875,390.70263671875,383.9211120605469,88.14054107666016
2014-07-09,29477.2890625,5318.29931640625,390.16925048828125,383.5663146972656,88.7362289428711
2014-07-10,29353.119140625,5318.29931640625,392.9833068847656,379.0016174316406,87.51700592041016
2014-07-11,29318.060546875,5252.89501953125,389.4815368652344,379.97015380859375,87.33551788330078
2014-07-14,29705.0703125,5252.89501953125,394.38677978515625,383.70050048828125,88.23363494873047
2014-07-15,29683.970703125,5257.35498046875,393.1166076660156,385.23480224609375,88.23363494873047
2014-07-16,29776.169921875,5384.365234375,398.4780578613281,389.07073974609375,87.5867919921875
2014-07-17,30177.109375,5285.26708984375,403.37628173828125,404.3469543457031,89.28995513916016
2014-07-18,30224.890625,5285.26708984375,397.0254211425781,405.21966552734375,88.36390686035156
2014-07-21,30413.23046875,5208.63037109375,406.68157958984375,412.38311767578125,88.45234680175781
2014-07-22,30402.08984375,5186.16796875,402.4359436035156,412.8530578613281,88.28482055664062
2014-07-23,30465.4296875,5169.65185546875,403.5237731933594,404.8360900878906,87.94044494628906
2014-07-24,30474.75,5151.3193359375,415.9096984863281,395.0738525390625,87.62403106689453
2014-07-25,,5151.3193359375,415.9096984863281,395.0738525390625,87.62403106689453
2014-07-28,30314.0703125,5153.1357421875,415.1727600097656,384.9184265136719,87.49373626708984
2014-07-29,,5153.1357421875,415.1727600097656,384.9184265136719,87.49373626708984
2014-07-30,,5153.1357421875,415.1727600097656,384.9184265136719,87.49373626708984
2014-07-31,,5153.1357421875,415.1727600097656,384.9184265136719,87.49373626708984
2014-08-01,,5153.1357421875,415.1727600097656,384.9184265136719,87.49373626708984
2014-08-04,29647.830078125,5146.52880859375,402.10614013671875,376.56585693359375,87.09819793701172
2014-08-05,29676.41015625,5120.10205078125,399.29913330078125,373.6793212890625,88.36856842041016
2014-08-06,29382.970703125,5021.00341796875,393.3692932128906,371.56964111328125,89.62122344970703
2014-08-07,29537.0390625,5021.00341796875,400.0008850097656,376.23980712890625,89.67302703857422
2014-08-08,29380.5,5021.00341796875,394.38677978515625,372.7299499511719,88.84891510009766
2014-08-11,28071.41015625,4769.955078125,374.66741943359375,354.0973205566406,85.79265594482422
2014-08-12,28304.5,4888.87255859375,367.4324035644531,353.3396911621094,86.27298736572266
2014-08-13,28505.55078125,4954.8515625,363.2779235839844,356.50433349609375,87.13006591796875
2014-08-14,,4954.8515625,363.2779235839844,356.50433349609375,87.13006591796875
2014-08-15,28917.75,5087.0693359375,367.1937561035156,364.01300048828125,89.40460968017578
2014-08-18,28852.150390625,5087.0693359375,363.50958251953125,366.23779296875,88.36856842041016
2014-08-19,28630.119140625,4832.7158203125,350.7796630859375,361.6155700683594,87.41731262207031
2014-08-20,28664.83984375,4822.80615234375,357.3060607910156,366.69805908203125,87.5821304321289
2014-08-21,28865.25,4809.59326171875,373.1446228027344,376.0096435546875,88.00126647949219
2014-08-22,28871.75,4954.93701171875,370.1551513671875,373.1039733886719,87.60095977783203
2014-08-25,28519.33984375,4921.90478515625,364.9130859375,361.1456298828125,87.14418029785156
2014-08-26,28243.58984375,4888.87255859375,351.018310546875,343.7500915527344,87.1253433227539
2014-08-27,27811.349609375,4954.93701171875,338.8217468261719,326.56549072265625,86.63558197021484
2014-08-28,27774.4296875,5107.41748046875,349.7341003417969,316.54425048828125,87.13947296142578
2014-08-29,28567.740234375,5087.0693359375,364.0428771972656,332.36712646484375,89.2680435180664
2014-09-01,,4994.5771484375,366.12005615234375,335.74273681640625,88.99960327148438
2014-09-02,29260.2890625,5219.1953125,369.8815002441406,350.8943176269531,89.84255981445312
2014-09-03,29595.55078125,5284.60693359375,377.9236145019531,368.021484375,89.15030670166016
2014-09-04,29604.30078125,5272.04833984375,368.618408203125,373.3340759277344,88.61815643310547
2014-09-05,29513.779296875,5272.04833984375,370.7357482910156,370.05450439453125,87.95417785644531
2014-09-08,29585.599609375,5272.04833984375,388.6416015625,368.3570861816406,88.1755142211914
2014-09-09,29728.91015625,5291.947265625,408.07177734375,367.5707092285156,89.71542358398438
2014-09-10,29691.310546875,5130.583984375,413.36517333984375,363.7923889160156,88.56636810302734
2014-09-11,29858.369140625,5130.583984375,408.28350830078125,366.83233642578125,92.99305725097656
2014-09-12,30044.890625,5106.26513671875,400.30108642578125,373.78485107421875,91.78273010253906
2014-09-15,30070.130859375,5106.26513671875,402.4820861816406,372.20257568359375,96.36012268066406
2014-09-16,30180.30078125,5166.94384765625,422.2087707519531,386.1458740234375,99.55769348144531
2014-09-17,30136.5703125,5222.318359375,416.87298583984375,391.5064697265625,100.73027038574219
2014-09-18,30094.16015625,5225.6328125,414.60040283203125,400.3193359375,99.29393768310547
2014-09-19,30015.80078125,5205.73193359375,419.30792236328125,395.6684265136719,98.33802032470703
2014-09-22,29993.869140625,5205.73193359375,414.3885803222656,393.21343994140625,98.11666870117188
2014-09-23,30143.76953125,5225.6328125,430.8827819824219,397.0876159667969,97.8670654296875
2014-09-24,30095.80078125,5172.58154296875,450.3555603027344,396.49310302734375,99.74136352539062
2014-09-25,29940.26953125,5139.42333984375,452.0352783203125,392.8010559082031,97.75878143310547
2014-09-26,29705.650390625,4998.8349609375,429.43597412109375,387.0185241699219,94.87200164794922
2014-09-29,29383.130859375,4998.8349609375,413.9581604003906,381.2551574707031,94.23155212402344
2014-09-30,29726.390625,4907.31982421875,428.0032958984375,385.1101989746094,98.5075454711914
2014-10-01,29996.609375,5039.95166015625,429.2525634765625,398.29595947265625,98.8089599609375
2014-10-02,30071.580078125,5106.26513671875,433.9742126464844,385.8810729980469,98.67709350585938
2014-10-03,30103.23046875,5106.26513671875,431.80035400390625,383.3191223144531,97.04769897460938
2014-10-06,,5106.26513671875,431.80035400390625,383.3191223144531,97.04769897460938
2014-10-07,,5106.26513671875,431.80035400390625,383.3191223144531,97.04769897460938
2014-10-08,,5106.26513671875,431.80035400390625,383.3191223144531,97.04769897460938
2014-10-09,29978.939453125,5106.26513671875,426.96575927734375,384.3497009277344,94.58003234863281
2014-10-10,30158.630859375,5039.28759765625,436.3526916503906,382.8760986328125,95.9739761352539
2014-10-13,30394.41015625,5139.42333984375,436.47259521484375,386.5841369628906,100.6266860961914
2014-10-14,30355.220703125,5172.58154296875,438.3077392578125,387.60516357421875,100.2781982421875
2014-10-15,30120.990234375,5305.2119140625,431.1087341308594,383.68511962890625,100.08041381835938
2014-10-16,29982.44921875,5305.2119140625,434.4682312011719,382.6642150878906,98.15904998779297
2014-10-17,29883.099609375,5305.2119140625,433.78363037109375,381.1617126464844,97.50917053222656
2014-10-20,29711.119140625,5371.52685546875,432.7813720703125,375.89337158203125,97.19367980957031
2014-10-21,29694.26953125,5504.15673828125,433.0848388671875,379.63995361328125,97.45265197753906
2014-10-22,29940.390625,5779.365234375,427.3538818359375,383.2324523925781,98.09310913085938
2014-10-23,30025.130859375,5961.73291015625,417.8470458984375,387.2102355957031,100.8292007446289
2014-10-24,30098.490234375,5802.5732421875,425.58941650390625,384.513427734375,99.63304901123047
2014-10-27,30238.9609375,5802.5732421875,420.26080322265625,402.8515625,101.95938873291016
2014-10-28,30225.619140625,5659.99658203125,415.1932373046875,396.77423095703125,101.41786193847656
2014-10-29,30113.240234375,5411.31494140625,433.75543212890625,393.2106018066406,100.4901351928711
2014-10-30,30204.08984375,5411.31494140625,440.3474426269531,396.87054443359375,101.0599365234375
2014-10-31,30376.529296875,5404.6435546875,435.08935546875,401.97509765625,101.0269775390625
2014-11-03,,5404.6435546875,435.08935546875,401.97509765625,101.0269775390625
2014-11-04,,5404.6435546875,435.08935546875,401.97509765625,101.0269775390625
2014-11-05,30593.310546875,5404.6435546875,430.6357421875,422.066162109375,101.78985595703125
2014-11-06,30663.779296875,5670.87255859375,427.4034118652344,435.9064636230469,102.22309875488281
2014-11-07,30930.0390625,5558.107421875,433.6283874511719,434.83740234375,102.06607055664062
2014-11-10,31281.830078125,5671.53173828125,438.4700927734375,434.5291748046875,101.63782501220703
2014-11-11,31303.630859375,5691.556640625,460.3917541503906,430.0313415527344,102.18505096435547
2014-11-12,31629.19921875,5938.43505859375,483.4075012207031,432.333251953125,102.380126953125
2014-11-13,31441.8203125,5875.04638671875,484.2403259277344,422.9233703613281,101.40943145751953
2014-11-14,31344.0703125,5938.43505859375,478.2904357910156,431.77459716796875,100.80986022949219
2014-11-17,31702.7890625,5871.71142578125,499.12542724609375,443.00482177734375,102.06132507324219
2014-11-18,32006.400390625,5754.94384765625,515.56298828125,465.1473693847656,101.45699310302734
2014-11-19,31756.2890625,5738.263671875,521.59765625,468.0367736816406,100.76697540283203
2014-11-20,31239.0390625,5738.263671875,522.5645141601562,451.7308044433594,98.50193786621094
2014-11-21,31494.83984375,5738.263671875,548.6927490234375,450.1512756347656,99.6867904663086
2014-11-24,31316.9609375,5855.03076171875,544.4652099609375,456.10345458984375,99.762939453125
2014-11-25,31223.740234375,5855.03076171875,554.5226440429688,455.3040466308594,99.31090545654297
2014-11-26,31454.470703125,5738.263671875,576.190185546875,456.38275146484375,99.2537612915039
2014-11-27,,5738.263671875,595.9804077148438,452.54949951171875,98.7113265991211
2014-11-28,31197.98046875,5638.17626953125,587.7156982421875,459.021728515625,97.4312744140625
2014-12-01,31299.720703125,5638.17626953125,616.6106567382812,457.0184631347656,95.91328430175781
2014-12-02,31680.720703125,5538.09130859375,625.6306762695312,460.3605651855469,95.85139465332031
2014-12-03,31872.73046875,5538.09130859375,619.6102905273438,460.2160339355469,95.7181625366211
2014-12-04,32090.9296875,5671.5390625,614.2604370117188,455.872314453125,97.25994873046875
2014-12-05,32148.779296875,5871.71142578125,613.378173828125,462.0652770996094,98.0165786743164
2014-12-08,32010.330078125,5871.71142578125,600.8573608398438,458.7809753417969,99.73914337158203
2014-12-09,32084.16015625,5871.71142578125,591.7175903320312,468.2679443359375,99.41082763671875
2014-12-10,31781.650390625,5671.5390625,562.137939453125,481.5880432128906,98.99207305908203
2014-12-11,31779.75,5671.5390625,534.0335693359375,494.9178771972656,98.97779083251953
2014-12-12,31589.8203125,5671.5390625,507.3336181640625,486.1340637207031,98.68275451660156
2014-12-15,31690.099609375,5671.5390625,531.6409912109375,479.4306945800781,98.99207305908203
2014-12-16,30876.279296875,5671.5390625,505.096435546875,455.6797180175781,98.80171203613281
2014-12-17,30667.140625,5671.5390625,511.4273376464844,448.3116760253906,98.97300720214844
2014-12-18,30827.44921875,5604.81494140625,517.1229248046875,458.9254455566406,100.41010284423828
2014-12-19,31011.150390625,5671.5390625,523.7855834960938,467.2373352050781,102.3706283569336
2014-12-22,31491.619140625,5955.11572265625,525.7689208984375,470.4252624511719,105.839599609375
2014-12-23,31750.380859375,5988.4794921875,537.01904296875,472.9872741699219,106.99118041992188
2014-12-24,32000.009765625,6070.21435546875,526.7781372070312,475.7514953613281,105.50651550292969
2014-12-25,,6070.21435546875,526.7781372070312,475.7514953613281,105.50651550292969
2014-12-26,31993.009765625,6005.22607421875,532.2409057617188,468.4605407714844,104.0028305053711
2014-12-29,31906.740234375,6038.5205078125,519.0003662109375,466.4957580566406,103.09392547607422
2014-12-30,31953.900390625,6008.49560546875,497.8620910644531,476.68572998046875,103.56501770019531
2014-12-31,32131.279296875,6071.88330078125,501.5887145996094,481.8385314941406,102.90834045410156
2015-01-01,,6077.22021484375,494.6436462402344,494.52301025390625,102.79888916015625
2015-01-02,32731.609375,6038.5205078125,511.02484130859375,494.77349853515625,104.11698913574219
2015-01-05,32757.7890625,6038.5205078125,505.98565673828125,490.0058898925781,104.69754028320312
2015-01-06,32668.73046875,6340.447265625,494.1849365234375,481.41473388671875,103.95523834228516
2015-01-07,32835.94140625,6642.24560546875,495.13055419921875,488.7056884765625,104.48342895507812
2015-01-08,33117.46875,6974.357421875,494.05084228515625,493.0590515136719,102.77987670898438
2015-01-09,33324.8203125,7322.9658203125,488.8916015625,494.12811279296875,103.51744079589844
2015-01-12,33418.19921875,7139.46728515625,501.6098327636719,488.2337341308594,103.65068817138672
2015-01-13,33371.2890625,7073.41064453125,496.4505310058594,486.2496337890625,103.30809020996094
2015-01-14,33585.75,7073.41064453125,503.18365478515625,489.24505615234375,103.71732330322266
2015-01-15,33765.609375,7338.97216796875,496.34466552734375,487.3187255859375,103.74109649658203
2015-01-16,33786.44140625,7338.97216796875,494.49542236328125,487.155029296875,102.641845703125
2015-01-19,,7006.01708984375,490.4725036621094,489.97698974609375,102.64662170410156
2015-01-20,34121.30078125,7006.01708984375,485.3907470703125,488.5323486328125,101.6854019165039
2015-01-21,34329.5,6872.5703125,484.8543395996094,490.95941162109375,101.77582550048828
2015-01-22,34146.96875,6939.2939453125,473.9358215332031,483.4854431152344,101.27137756347656
2015-01-23,34026.58984375,6939.2939453125,468.00732421875,482.6860656738281,101.05252075195312
2015-01-26,34466.53125,6939.2939453125,472.05841064453125,492.2307434082031,102.50862884521484
2015-01-27,34538.44921875,7285.5927734375,491.26995849609375,515.952880859375,100.57667541503906
2015-01-28,34386.859375,7285.5927734375,480.9937744140625,520.7587890625,98.23068237304688
2015-01-29,34408.73046875,6986.00244140625,494.0084228515625,506.7162170410156,98.95399475097656
2015-01-30,34443.87109375,7006.01708984375,507.707763671875,500.3692932128906,100.15314483642578
2015-02-02,34676.30859375,7006.01708984375,503.4942321777344,508.8256530761719,100.65753936767578
2015-02-03,34826.51171875,7006.01708984375,500.96038818359375,509.08563232421875,101.24283599853516
2015-02-04,34672.25,7072.7431640625,490.4865417480469,506.4659729003906,101.31419372558594
2015-02-05,34672.25,7072.7431640625,490.4865417480469,506.4659729003906,101.31419372558594
2015-02-06,34656.94140625,7079.41552734375,482.1865234375,510.3763122558594,100.12934112548828
2015-02-09,34570.30078125,7072.7431640625,485.0167236328125,517.6864624023438,99.02061462402344
2015-02-10,34432.890625,7072.7431640625,488.33392333984375,519.5549926757812,97.24565887451172
2015-02-11,34203.98828125,7206.1904296875,479.93499755859375,517.310791015625,96.93635559082031
2015-02-12,33786.421875,7046.0546875,474.7898864746094,513.7471923828125,94.17639923095703
2015-02-13,33943.19921875,7046.0546875,470.6256103515625,518.9963989257812,96.04652404785156
2015-02-16,,7026.37060546875,473.547607421875,509.4131164550781,96.3510513305664
2015-02-17,33801.1015625,7006.01708984375,473.43475341796875,508.0935974121094,96.3510513305664
2015-02-18,33718.859375,7039.3798828125,474.803955078125,501.5635986328125,97.26945495605469
2015-02-19,33942.26953125,7006.01708984375,468.40948486328125,506.7934875488281,97.78339385986328
2015-02-20,33993.0,7006.01708984375,467.9366149902344,502.767578125,97.57401275634766
2015-02-23,33926.69921875,6655.71923828125,462.9961853027344,501.30340576171875,97.069580078125
2015-02-24,33895.4609375,6655.71923828125,455.232421875,499.94549560546875,97.28376007080078
2015-02-25,33845.30078125,6686.41162109375,455.232421875,496.998291015625,96.92210388183594
2015-02-26,33762.80078125,6822.5283203125,454.5267333984375,490.131103515625,96.70796966552734
2015-02-27,33632.19140625,6805.84765625,451.7035217285156,483.2735595703125,96.93635559082031
2015-03-02,33213.578125,6805.84765625,443.2270812988281,480.58642578125,96.52713775634766
2015-03-03,33188.76953125,6672.39892578125,433.529541015625,498.5199890136719,95.6039810180664
2015-03-04,33242.94140625,6672.39892578125,414.5509338378906,485.9029235839844,95.26612091064453
2015-03-05,33368.828125,6655.71923828125,393.8291015625,484.9109191894531,96.41294860839844
2015-03-06,33263.66015625,6655.71923828125,379.30389404296875,484.09222412109375,96.07030487060547
2015-03-09,32860.5703125,6655.71923828125,363.3037414550781,470.21343994140625,95.294677734375
2015-03-10,32566.58984375,6655.71923828125,354.5096740722656,462.9031982421875,94.64749908447266
2015-03-11,32539.609375,6655.71923828125,352.87225341796875,468.2582702636719,94.07173919677734
2015-03-12,32582.6796875,6655.71923828125,359.9512634277344,468.9421081542969,93.27227783203125
2015-03-13,32929.08984375,6655.71923828125,359.8665771484375,472.3515930175781,95.15664672851562
2015-03-16,32454.91015625,6655.71923828125,362.85205078125,462.44085693359375,95.90532684326172
2015-03-17,32342.259765625,6655.71923828125,366.1481018066406,453.8979187011719,90.64521789550781
2015-03-18,31524.98046875,6655.72607421875,360.85467529296875,446.66473388671875,91.81464385986328
2015-03-19,31451.619140625,6656.166015625,360.8688049316406,454.52392578125,92.12784576416016
2015-03-20,31800.259765625,6679.7373046875,365.5128479003906,462.87432861328125,93.04776000976562
2015-03-23,31800.259765625,6679.7373046875,365.5128479003906,462.87432861328125,93.04776000976562
2015-03-24,31310.73046875,6655.71923828125,352.596923828125,451.93310546875,91.74614715576172
2015-03-25,31086.509765625,6660.72265625,362.2945251464844,450.1319885253906,90.98284149169922
2015-03-26,30678.970703125,6666.328125,352.7098693847656,441.088134765625,88.0469741821289
2015-03-27,29957.830078125,6655.75048828125,351.54534912109375,430.6573486328125,86.26093292236328
2015-03-30,28927.0390625,6655.71923828125,334.30303955078125,409.140869140625,82.88960266113281
2015-03-31,30233.869140625,6655.71923828125,351.0160217285156,429.5015563964844,87.03408813476562
2015-04-01,30605.05078125,6655.71923828125,368.5619201660156,446.24090576171875,90.50330352783203
2015-04-02,31132.25,6655.71923828125,380.7296447753906,453.9267883300781,91.8244400024414
2015-04-03,,6655.71923828125,386.2700500488281,460.16790771484375,90.82623291015625
2015-04-06,31752.169921875,6655.71923828125,388.3804016113281,461.61260986328125,88.72219848632812
2015-04-07,31600.73046875,6655.71923828125,384.75970458984375,451.5863342285156,85.83036041259766
2015-04-08,31887.30078125,6655.71923828125,386.29827880859375,449.4674072265625,85.19428253173828
2015-04-09,32013.91015625,6839.20751953125,384.6467590332031,454.3987121582031,88.89835357666016
2015-04-10,32350.9296875,7006.01708984375,387.8580322265625,460.1004333496094,90.20481872558594
2015-04-13,32248.44921875,7006.01708984375,394.6547546386719,453.1658630371094,87.6506118774414
2015-04-14,32109.869140625,6939.2939453125,391.6128845214844,447.2329406738281,88.7369155883789
2015-04-15,32248.859375,6797.95263671875,393.1222229003906,441.6178283691406,88.8934555053711
2015-04-16,32736.4296875,6458.05615234375,388.7508544921875,440.1828308105469,92.2403564453125
2015-04-17,33234.73046875,6458.05615234375,388.2453308105469,459.041015625,90.61585235595703
2015-04-20,33304.640625,6458.05615234375,386.5722961425781,462.0652770996094,90.53266143798828
2015-04-21,33035.76953125,6458.05615234375,388.0104064941406,457.028076171875,90.47394561767578
2015-04-22,33490.640625,6394.111328125,397.7284851074219,468.4605407714844,94.99517822265625
2015-04-23,33456.73828125,6713.81884765625,395.6994934082031,474.58612060546875,95.5823745727539
2015-04-24,33775.12109375,6730.64501953125,386.64349365234375,470.48309326171875,95.89063262939453
2015-04-27,33844.2890625,6730.64501953125,384.457763671875,469.1539611816406,97.91150665283203
2015-04-28,33575.94140625,6730.64501953125,384.9632873535156,465.7540588378906,95.78785705566406
2015-04-29,33460.01171875,6730.64501953125,391.0504455566406,463.2210388183594,96.3408203125
2015-04-30,33729.9609375,6730.64501953125,395.136962890625,469.2598876953125,98.1561508178711
2015-05-01,,6730.64501953125,395.136962890625,469.2598876953125,98.1561508178711
2015-05-04,33723.53125,6394.111328125,408.8063659667969,470.338623046875,99.33541870117188
2015-05-05,33533.640625,6394.111328125,423.9922180175781,465.2436218261719,97.51515197753906
2015-05-06,33839.28125,6713.81884765625,444.5460205078125,468.3738098144531,97.38792419433594
2015-05-07,33742.87890625,6865.2578125,434.42919921875,462.2193908691406,97.87234497070312
2015-05-08,33530.30078125,6730.64501953125,430.9478759765625,458.5305480957031,97.97510528564453
2015-05-11,32506.359375,6730.64501953125,431.43914794921875,435.6078796386719,97.85275268554688
2015-05-12,33023.80078125,6730.64501953125,439.982421875,442.74468994140625,99.56538391113281
2015-05-13,32915.44140625,6730.64501953125,440.537841796875,439.13299560546875,98.47423553466797
2015-05-14,33103.73046875,6730.64501953125,439.3274841308594,439.23895263671875,97.56292724609375
2015-05-15,33039.19140625,6744.1064453125,437.84661865234375,438.5454406738281,98.21527099609375
2015-05-18,32886.05859375,6744.1064453125,437.84661865234375,433.8645935058594,97.59283447265625
2015-05-19,32729.55078125,6723.9150390625,444.9661865234375,429.491943359375,98.08081817626953
2015-05-20,32599.0,6723.9150390625,444.9661865234375,427.45013427734375,98.26008605957031
2015-05-21,32617.740234375,6723.9150390625,445.9912109375,427.3442077636719,98.07085418701172
2015-05-22,32605.619140625,6723.9150390625,444.9661865234375,427.0359802246094,97.66253662109375
2015-05-25,,6723.9150390625,444.9661865234375,432.3428649902344,96.57197570800781
2015-05-26,32510.349609375,6723.9150390625,441.40631103515625,428.9333801269531,96.13874053955078
2015-05-27,32842.58984375,6723.9150390625,439.2064208984375,432.4391784667969,97.5479965209961
2015-05-28,32763.48046875,6723.9150390625,434.91351318359375,430.3684387207031,96.66160583496094
2015-05-29,33056.7890625,6723.9150390625,434.7140197753906,433.36383056640625,101.2280044555664
2015-06-01,33563.37890625,6723.9150390625,435.27655029296875,448.3887023925781,106.02349090576172
2015-06-02,33895.33984375,6723.9150390625,437.84661865234375,460.8228759765625,104.54948425292969
2015-06-03,33908.62109375,6428.43994140625,437.84661865234375,463.962646484375,104.28557586669922
2015-06-04,34085.73828125,6717.185546875,442.1539306640625,464.7427978515625,104.56444549560547
2015-06-05,34012.48828125,6717.185546875,442.1539306640625,464.7427978515625,104.56444549560547
2015-06-08,34151.109375,6717.185546875,442.1539306640625,464.7427978515625,104.56444549560547
2015-06-09,34270.28125,6744.1064453125,432.8629455566406,494.0125427246094,101.98491668701172
2015-06-10,34323.83984375,6865.2578125,444.7239990234375,500.1381530761719,101.23800659179688
2015-06-11,34594.69921875,6730.64501953125,448.5259094238281,503.08538818359375,102.36837768554688
2015-06-12,34651.2890625,6747.548828125,446.0055236816406,500.48492431640625,101.46703338623047
2015-06-15,34710.2890625,6730.64501953125,444.9661865234375,499.7528381347656,101.16328430175781
2015-06-16,34516.30078125,6865.2578125,444.9661865234375,500.27288818359375,100.70513916015625
2015-06-17,34482.0,6865.2578125,445.0799865722656,491.989990234375,100.55078125
2015-06-18,34674.609375,6865.2578125,451.2882080078125,484.13079833984375,101.7807846069336
2015-06-19,34526.69921875,6865.2578125,446.3899841308594,481.5784606933594,102.1194076538086
2015-06-22,34278.421875,6865.2578125,452.08563232421875,475.7803955078125,103.07549285888672
2015-06-23,34133.828125,6865.2578125,445.82049560546875,473.9407043457031,102.39325714111328
2015-06-24,34331.94140625,6865.2578125,452.0357360839844,480.1626281738281,103.08544158935547
2015-06-25,34077.921875,6865.2578125,454.9333190917969,482.15631103515625,103.08045959472656
2015-06-26,33885.12890625,6865.2578125,456.207763671875,488.9560852050781,103.08045959472656
2015-06-29,34093.55078125,6730.638671875,453.4311828613281,496.7383117675781,104.34534454345703
2015-06-30,34398.859375,6563.05322265625,475.0885009765625,500.4656066894531,107.13892364501953
2015-07-01,34843.6015625,6554.30224609375,481.63134765625,502.671142578125,106.85507202148438
2015-07-02,35186.55859375,6554.30224609375,499.1594543457031,519.9306030273438,105.09228515625
2015-07-03,,6554.30224609375,499.3089904785156,537.1226196289062,106.24259185791016
2015-07-06,35502.28125,6562.37841796875,504.2996826171875,555.749755859375,106.05337524414062
2015-07-07,35537.69140625,6723.9150390625,507.95916748046875,558.7161254882812,106.02349090576172
2015-07-08,35328.828125,6723.9150390625,508.7350158691406,553.7463989257812,106.2525634765625
2015-07-09,35147.12890625,6723.9150390625,505.48150634765625,539.0103149414062,106.4367904663086
2015-07-10,35112.2890625,6730.64501953125,505.218017578125,543.4407348632812,106.59611511230469
2015-07-13,35496.62109375,6730.64501953125,491.96875,568.2608032226562,107.08417510986328
2015-07-14,35446.890625,6730.64501953125,489.46270751953125,560.912109375,108.7723159790039
2015-07-15,35699.75,6730.64501953125,505.38897705078125,548.352783203125,111.17749786376953
2015-07-16,35887.66015625,6895.54638671875,505.48150634765625,555.5570678710938,115.64933013916016
2015-07-17,,6895.54638671875,505.48150634765625,555.5570678710938,115.64933013916016
2015-07-20,,6895.54638671875,505.48150634765625,555.5570678710938,115.64933013916016
2015-07-21,,6895.54638671875,505.48150634765625,555.5570678710938,115.64933013916016
2015-07-22,36056.6796875,6895.54638671875,496.8385009765625,550.028564453125,115.23602294921875
2015-07-23,35934.98828125,7083.66552734375,501.9217529296875,543.8645629882812,113.86653900146484
2015-07-24,35815.19921875,7134.48388671875,499.0740661621094,539.7616577148438,113.49810028076172
2015-07-27,35175.48828125,7067.17529296875,487.68292236328125,526.1429443359375,111.5858383178711
2015-07-28,35274.66015625,7067.17529296875,484.123046875,527.6068115234375,112.0439682006836
2015-07-29,35676.48828125,7067.17529296875,477.00360107421875,532.28759765625,115.23101043701172
2015-07-30,35730.01171875,7067.17529296875,477.00360107421875,535.3215942382812,117.28762817382812
2015-07-31,35741.51953125,7198.42431640625,484.123046875,535.15771484375,116.19213104248047
2015-08-03,35824.55859375,7218.6826171875,484.123046875,535.7163696289062,116.49089813232422
2015-08-04,35921.7109375,7201.79052734375,484.123046875,543.0941162109375,116.68509674072266
2015-08-05,36156.828125,7067.17529296875,492.56683349609375,550.8184814453125,116.02777099609375
2015-08-06,36228.87890625,7201.79052734375,502.2421569824219,548.2276000976562,114.63345336914062
2015-08-07,36222.62890625,7201.79052734375,514.366455078125,544.0956420898438,113.81181335449219
2015-08-10,36084.671875,7201.79052734375,505.50286865234375,539.068115234375,113.45328521728516
2015-08-11,36205.94140625,7201.79052734375,505.4103698730469,541.1292114257812,112.50714874267578
2015-08-12,35892.76953125,7201.79052734375,492.5739440917969,536.3617553710938,112.17346954345703
2015-08-13,35937.328125,7201.79052734375,494.8734130859375,537.8931274414062,110.82892608642578
2015-08-14,35937.328125,7201.79052734375,494.8734130859375,537.8931274414062,110.82892608642578
2015-08-17,35588.05078125,7201.79052734375,508.3150329589844,530.727294921875,109.1706771850586
2015-08-18,35546.03125,7201.79052734375,512.8501586914062,527.0770874023438,108.69264221191406
2015-08-19,35461.578125,7201.79052734375,501.9217529296875,534.18505859375,109.08106231689453
2015-08-20,35219.58984375,7201.79052734375,497.47210693359375,534.3583984375,108.28926849365234
2015-08-21,34519.76953125,7201.79052734375,478.7763977050781,520.6143798828125,105.32633209228516
2015-08-24,33100.33984375,7201.79052734375,455.645263671875,494.5904846191406,104.07144165039062
2015-08-25,33798.80078125,7201.79052734375,478.42755126953125,505.0404968261719,105.41596984863281
2015-08-26,33537.421875,7201.79052734375,490.103515625,497.6531982421875,103.12030029296875
2015-08-27,33961.2890625,7201.79052734375,489.1066589355469,505.8880615234375,103.33940887451172
2015-08-28,34447.46875,7201.79052734375,498.3621520996094,508.66192626953125,105.71475219726562
2015-08-31,34726.51171875,7201.79052734375,494.80230712890625,509.23968505859375,110.97335052490234
2015-09-01,34456.33984375,7201.79052734375,494.80230712890625,511.97515869140625,109.01131439208984
2015-09-02,34309.76171875,6864.58642578125,498.66107177734375,511.4261474609375,106.08320617675781
2015-09-03,34397.328125,6864.58642578125,504.3668518066406,511.9366760253906,106.56629943847656
2015-09-04,33891.078125,6864.58642578125,498.3577575683594,499.0979919433594,106.14301300048828
2015-09-07,,6898.40234375,501.96893310546875,489.42803955078125,104.5843505859375
2015-09-08,33474.171875,6898.40234375,497.69317626953125,505.9940185546875,106.96468353271484
2015-09-09,33830.359375,6898.40234375,500.58221435546875,514.4503784179688,108.90856170654297
2015-09-10,33792.37109375,6898.40234375,499.08001708984375,510.7229919433594,111.3788833618164
2015-09-11,33672.71875,6898.40234375,499.08001708984375,505.724365234375,109.56665802001953
2015-09-14,33384.73046875,6898.40234375,484.634765625,505.20416259765625,107.77461242675781
2015-09-15,33191.4609375,6898.40234375,473.07867431640625,506.8511657714844,107.28864288330078
2015-09-16,33345.55859375,6898.40234375,478.1344909667969,509.30712890625,107.05073547363281
2015-09-17,33152.05859375,6898.40234375,469.46734619140625,504.8575134277344,105.37512969970703
2015-09-18,32760.94921875,6898.40234375,469.46734619140625,499.52178955078125,102.57061767578125
2015-09-21,32826.23828125,6898.40234375,469.46734619140625,501.39013671875,104.97013854980469
2015-09-22,32882.01953125,6898.40234375,469.46734619140625,513.4293823242188,103.91214752197266
2015-09-23,32822.83984375,6898.40234375,482.46795654296875,514.8067626953125,103.62867736816406
2015-09-24,32822.83984375,6898.40234375,482.46795654296875,514.8067626953125,103.62867736816406
2015-09-25,,6898.40234375,482.46795654296875,514.8067626953125,103.62867736816406
2015-09-28,32690.01953125,6898.40234375,482.46795654296875,513.65087890625,103.59832000732422
2015-09-29,32214.580078125,6898.40234375,476.6900329589844,509.88507080078125,101.23931121826172
2015-09-30,32287.41015625,6898.40234375,471.9953308105469,507.2845458984375,100.06991577148438
2015-10-01,32750.310546875,6898.40234375,472.3564147949219,514.5369873046875,100.1661148071289
2015-10-02,32969.73046875,6898.40234375,473.8009033203125,518.572509765625,100.36857604980469
2015-10-05,32784.94140625,6898.40234375,473.8009033203125,517.7249755859375,100.23697662353516
2015-10-06,33202.87109375,6898.40234375,476.6900329589844,520.0944213867188,102.88954162597656
2015-10-07,33376.19921875,6898.40234375,488.85284423828125,523.5037231445312,103.26923370361328
2015-10-08,33469.1484375,6898.40234375,488.85284423828125,531.9793701171875,102.0897445678711
2015-10-09,33843.1796875,6898.40234375,488.85284423828125,536.5639038085938,102.72757720947266
2015-10-12,34183.8515625,6898.40234375,478.2067565917969,528.0017700195312,103.3705062866211
2015-10-13,34031.78125,6898.40234375,476.6900329589844,522.5407104492188,104.30193328857422
2015-10-14,33974.8515625,6898.40234375,473.07867431640625,521.4428100585938,104.0083236694336
2015-10-15,33921.9609375,6898.40234375,473.07867431640625,522.926025390625,104.12982940673828
2015-10-16,33954.98046875,6898.40234375,486.0793151855469,516.7800903320312,104.53983306884766
2015-10-19,33966.75,6932.22314453125,486.1660461425781,514.7894287109375,103.88179016113281
2015-10-20,33910.171875,6932.22314453125,496.523193359375,516.1228637695312,103.76026153564453
2015-10-21,33943.73828125,6932.22314453125,500.5244445800781,521.41845703125,106.1395034790039
2015-10-22,33945.3203125,6592.67822265625,519.4115600585938,522.0272827148438,105.29411315917969
2015-10-23,33945.3203125,6592.67822265625,519.4115600585938,522.0272827148438,105.29411315917969
2015-10-26,33860.640625,6592.67822265625,508.61376953125,521.3121948242188,104.78791809082031
2015-10-27,33843.828125,6592.67822265625,503.009033203125,518.9832763671875,104.80310821533203
2015-10-28,34061.421875,6239.77783203125,486.4404602050781,521.8533325195312,105.2890625
2015-10-29,34332.4296875,6239.77783203125,499.62884521484375,515.4077758789062,105.5927963256836
2015-10-30,34261.6015625,6239.77783203125,507.3065490722656,517.3212890625,106.149658203125
2015-11-02,34226.12109375,6239.77783203125,507.7470397949219,517.147216796875,106.30656433105469
2015-11-03,34275.75,6290.3369140625,504.0997009277344,517.427490234375,105.95726013183594
2015-11-04,34522.94921875,6290.3369140625,504.3379211425781,519.4470825195312,106.812744140625
2015-11-05,34454.58984375,6290.3369140625,501.8678283691406,517.1665649414062,106.60526275634766
2015-11-06,34426.75,6094.1875,495.7430725097656,517.1182250976562,106.80773162841797
2015-11-09,34336.46875,6094.1875,495.7430725097656,517.1182250976562,106.80773162841797
2015-11-10,33958.12109375,6094.1875,488.3183288574219,505.4737854003906,106.51433563232422
2015-11-11,33934.0390625,5860.8349609375,497.7581481933594,503.48321533203125,107.55412292480469
2015-11-12,34264.55859375,5770.20166015625,497.7581481933594,507.05859375,108.70719909667969
2015-11-13,34144.78125,6019.78564453125,497.7581481933594,503.2609558105469,108.1100845336914
2015-11-16,33946.41015625,6019.78564453125,489.0334167480469,497.7624206542969,107.50263977050781
2015-11-17,34065.87109375,6087.423828125,489.0334167480469,499.6950988769531,109.17048645019531
2015-11-18,33949.26171875,6087.423828125,494.7464294433594,498.24554443359375,108.81527709960938
2015-11-19,33908.44140625,6087.423828125,494.7464294433594,502.0046081542969,109.26313018798828
2015-11-20,33857.0,6087.423828125,494.7464294433594,497.25994873046875,109.13443756103516
2015-11-23,33732.91015625,6087.423828125,499.08001708984375,492.5827941894531,109.1807632446289
2015-11-24,33571.58984375,5850.69091796875,488.8238830566406,490.6597900390625,109.39181518554688
2015-11-25,33199.859375,5850.69091796875,487.5238952636719,483.44122314453125,107.02906036376953
2015-11-26,,5850.69091796875,481.0307312011719,485.064697265625,106.48343658447266
2015-11-27,32960.26953125,5816.873046875,481.0307312011719,476.17437744140625,107.07024383544922
2015-11-30,32255.19921875,5816.873046875,462.79376220703125,465.6412048339844,104.45011901855469
2015-12-01,31709.359375,5816.873046875,455.6939392089844,457.36932373046875,102.64331817626953
2015-12-02,32392.919921875,5816.873046875,455.7084045410156,467.892822265625,104.24935150146484
2015-12-03,32565.140625,5816.873046875,455.7084045410156,474.5219421386719,107.33794403076172
2015-12-04,32707.91015625,5816.873046875,455.679443359375,478.59014892578125,107.68798065185547
2015-12-07,32853.5390625,5816.873046875,467.3006591796875,480.3199462890625,108.1718521118164
2015-12-08,32791.7109375,5613.95751953125,465.8561096191406,477.5079345703125,108.73294830322266
2015-12-09,33020.26171875,5333.2587890625,475.6065673828125,480.3199462890625,110.17426300048828
2015-12-10,33211.921875,5333.2587890625,481.74578857421875,479.063720703125,110.69418334960938
2015-12-11,33048.51171875,5066.5966796875,480.3013000488281,479.9527587890625,110.87432861328125
2015-12-14,32757.8203125,5066.5966796875,468.7452087402344,474.1353759765625,111.23469543457031
2015-12-15,32467.0390625,4813.2724609375,476.0255432128906,467.81549072265625,110.6787338256836
2015-12-16,32714.599609375,4734.6630859375,478.85675048828125,477.1116943359375,110.81256866455078
2015-12-17,33109.5390625,4795.53759765625,473.07867431640625,483.1127014160156,112.87676239013672
2015-12-18,32777.0390625,4734.73681640625,467.1201171875,478.8704528808594,107.23500061035156
2015-12-21,32658.970703125,4903.75732421875,467.1201171875,480.8901062011719,102.99336242675781
2015-12-22,32641.08984375,4971.396484375,456.8278503417969,480.7161560058594,102.51460266113281
2015-12-23,32500.75,4971.396484375,466.1811218261719,479.1120300292969,103.87874603271484
2015-12-24,,4971.396484375,466.1811218261719,479.1120300292969,103.87874603271484
2015-12-25,,4971.396484375,466.1811218261719,479.1120300292969,103.87874603271484
2015-12-28,32674.0390625,5140.4912109375,466.094482421875,478.43560791015625,102.8492202758789
2015-12-29,32811.890625,5397.51513671875,457.60064697265625,478.5225830078125,103.37427520751953
2015-12-30,32825.03125,5241.947265625,455.7444763183594,481.77911376953125,103.4875259399414
2015-12-31,32816.30859375,5275.7666015625,458.6335754394531,478.37762451171875,103.01393127441406
2016-01-01,,5275.7666015625,458.6335754394531,500.4005432128906,103.50296020507812
2016-01-04,33009.12890625,5275.7666015625,457.9112854003906,489.55816650390625,102.98822784423828
2016-01-05,32983.46875,5275.7666015625,458.2724304199219,490.2442932128906,102.95731353759766
2016-01-06,32968.26171875,5110.052734375,469.9586486816406,491.6261901855469,102.14400482177734
2016-01-07,32682.5,5110.052734375,474.99261474609375,489.3648986816406,101.0167007446289
2016-01-08,32534.849609375,5093.14501953125,466.5783996582031,485.0840148925781,99.53416442871094
2016-01-11,32320.05078125,5093.14501953125,460.3453063964844,483.32525634765625,98.2678451538086
2016-01-12,32265.650390625,5093.14501953125,447.79962158203125,487.0940246582031,99.35400390625
2016-01-13,32154.169921875,5093.14501953125,455.7444763183594,490.7370910644531,99.25102996826172
2016-01-14,31441.01953125,5038.35791015625,433.0584411621094,486.2146911621094,96.5228042602539
2016-01-15,31001.490234375,5038.35791015625,429.0209655761719,483.2673034667969,94.9836654663086
2016-01-18,,5038.35791015625,422.5207214355469,484.8231201171875,92.60547637939453
2016-01-19,31092.609375,5070.0107421875,423.5318603515625,485.1226806640625,93.16657257080078
2016-01-20,30766.009765625,5072.85400390625,433.4194641113281,468.23101806640625,91.3134536743164
2016-01-21,30751.80078125,5072.85400390625,437.6375427246094,466.3079833984375,92.09070587158203
2016-01-22,30949.01953125,5072.85400390625,440.57708740234375,463.0128479003906,91.54505920410156
2016-01-25,31065.130859375,5066.08935546875,449.2442321777344,462.8774719238281,91.18988800048828
2016-01-26,31074.380859375,5066.08935546875,449.2442321777344,464.62652587890625,90.59278869628906
2016-01-27,31101.380859375,5066.08935546875,436.705810546875,459.5436096191406,90.60305786132812
2016-01-28,31193.73046875,4869.939453125,440.57708740234375,458.2776794433594,88.11677551269531
2016-01-29,31298.599609375,4869.939453125,440.57708740234375,468.9364929199219,88.04985809326172
2016-02-01,31878.150390625,4869.939453125,456.7990417480469,480.8997802734375,92.45108795166016
2016-02-02,31960.609375,4869.939453125,455.0222473144531,487.0650329589844,94.58731842041016
2016-02-03,32084.060546875,4869.939453125,463.0103759765625,489.32623291015625,97.1353988647461
2016-02-04,32478.98046875,4869.939453125,482.5041809082031,502.79705810546875,98.88041687011719
2016-02-05,,4869.939453125,482.5041809082031,502.79705810546875,98.88041687011719
2016-02-08,32706.220703125,5072.85400390625,491.98736572265625,508.4212341308594,100.98063659667969
2016-02-09,32444.19921875,5072.85400390625,485.7904052734375,502.55548095703125,100.46074676513672
2016-02-10,32144.58984375,4886.8486328125,476.6900329589844,493.2206115722656,98.95243835449219
2016-02-11,31820.5390625,4886.8486328125,465.4660949707031,489.5292053222656,97.08390045166016
2016-02-12,31464.16015625,4886.8486328125,471.3742370605469,478.648193359375,95.23589324951172
2016-02-15,,4869.939453125,473.07867431640625,483.6151428222656,98.49945831298828
2016-02-16,31673.16015625,4869.939453125,477.0511474609375,474.2610168457031,97.33615112304688
2016-02-17,31469.69921875,4869.939453125,480.29400634765625,472.49261474609375,95.94112396240234
2016-02-18,31282.439453125,4869.939453125,476.54547119140625,467.0037536621094,94.78807067871094
2016-02-19,31011.76953125,4869.939453125,479.6584777832031,460.9835205078125,94.5152816772461
2016-02-22,30677.6796875,4869.939453125,469.46734619140625,443.0867919921875,94.31964111328125
2016-02-23,30564.5,4869.939453125,469.46734619140625,433.7713623046875,92.02381134033203
2016-02-24,30786.599609375,4903.75732421875,479.1311950683594,434.0901794433594,91.4163589477539
2016-02-25,30802.529296875,4658.5703125,474.47271728515625,435.1048889160156,90.96853637695312
2016-02-26,31294.080078125,4658.5703125,470.18963623046875,455.9391784667969,94.44316101074219
2016-02-29,31369.509765625,4588.34033203125,469.40960693359375,473.4009704589844,93.18714904785156
2016-03-01,31509.109375,4588.34033203125,469.40960693359375,479.662841796875,93.17687225341797
2016-03-02,31772.900390625,4629.82421875,462.8442687988281,483.3349609375,94.55128479003906
2016-03-03,32146.580078125,4629.82421875,459.3558349609375,495.4141845703125,96.39926147460938
2016-03-04,32441.740234375,4535.13037109375,463.0682067871094,495.4141845703125,96.4661865234375
2016-03-07,33022.6015625,4599.38671875,465.8561096191406,507.5031433105469,98.509765625
2016-03-08,33032.8515625,4734.6630859375,468.73065185546875,506.05364990234375,97.72734832763672
2016-03-09,32957.98046875,4734.6630859375,463.8121032714844,508.5660705566406,95.7352523803711
2016-03-10,32710.560546875,4734.6630859375,463.2848815917969,504.4688720703125,94.16007232666016
2016-03-11,32669.16015625,4734.6630859375,463.2848815917969,503.7247619628906,93.29527282714844
2016-03-14,32738.560546875,4734.6630859375,468.35516357421875,503.09661865234375,93.6659164428711
2016-03-15,32623.01953125,4497.9296875,459.4352722167969,504.130615234375,92.58491516113281
2016-03-16,32891.078125,4497.9296875,464.4043273925781,507.86065673828125,93.6659164428711
2016-03-17,32957.75,4531.7431640625,469.46734619140625,516.2388305664062,93.2386245727539
2016-03-18,33080.3984375,4531.7431640625,469.8284606933594,514.8182983398438,93.55264282226562
2016-03-21,33022.87109375,4341.23291015625,476.328857421875,517.3019409179688,93.32171630859375
2016-03-22,32928.30078125,4328.83349609375,462.9671936035156,515.1565551757812,93.39517211914062
2016-03-23,32928.30078125,4328.83349609375,462.9671936035156,515.1565551757812,93.39517211914062
2016-03-24,32801.87890625,4328.83349609375,464.8160400390625,514.5477294921875,92.63936614990234
2016-03-25,,4531.7490234375,464.8160400390625,516.5674438476562,93.1327133178711
2016-03-28,32904.3203125,4524.9853515625,466.9034118652344,519.3408813476562,92.41890716552734
2016-03-29,32879.671875,4531.7490234375,472.0892333984375,518.442138671875,91.34819030761719
2016-03-30,32922.3984375,4531.7490234375,472.0892333984375,519.9302368164062,89.6423568725586
2016-03-31,33139.0,4730.7744140625,478.2428894042969,519.9979248046875,90.0360107421875
2016-04-01,33449.62109375,4734.6630859375,476.9355163574219,528.0475463867188,90.98077392578125
2016-04-04,33808.421875,4963.95556640625,474.52313232421875,538.2908325195312,92.01475524902344
2016-04-05,33766.48828125,5140.4912109375,474.52313232421875,538.2618408203125,91.05424499511719
2016-04-06,33946.37109375,5328.52490234375,473.1003723144531,545.103515625,91.85730743408203
2016-04-07,33896.03125,5405.6318359375,483.19024658203125,546.2726440429688,91.32719421386719
2016-04-08,33967.5390625,5343.40478515625,483.91259765625,547.4420166015625,91.64210510253906
2016-04-11,33566.21875,5369.78515625,476.8417053222656,548.7078857421875,91.57913208007812
2016-04-12,33616.8984375,5208.12890625,477.1739807128906,550.2637329101562,90.85482025146484
2016-04-13,33646.1015625,5086.38037109375,478.16448974609375,557.33740234375,90.94931030273438
2016-04-14,33767.58984375,5086.38037109375,484.1900634765625,557.8495483398438,91.14875030517578
2016-04-15,33767.12109375,5147.99267578125,484.1900634765625,554.6220092773438,90.87579345703125
2016-04-18,33759.96875,4917.673828125,484.1900634765625,554.9312133789062,91.54765319824219
2016-04-19,33729.62109375,4860.4638671875,476.6748046875,552.5830078125,90.99127197265625
2016-04-20,33619.83984375,4792.01318359375,484.1229248046875,541.0738525390625,91.34293365478516
2016-04-21,33572.12890625,4942.6201171875,484.2867126464844,536.1455078125,91.57389068603516
2016-04-22,33739.5390625,5090.4873046875,486.8563232421875,531.7003784179688,91.41639709472656
2016-04-25,33684.55859375,4928.9423828125,487.1021423339844,527.7094116210938,90.70787048339844
2016-04-26,33847.73828125,4928.9423828125,491.5709228515625,537.6626586914062,91.22224426269531
2016-04-27,34269.28125,4860.47119140625,495.29498291015625,544.9876098632812,92.49239349365234
2016-04-28,34503.640625,4924.361328125,498.274169921875,542.4073486328125,94.44490051269531
2016-04-29,34719.2890625,4904.9677734375,499.3914794921875,532.3671264648438,99.16346740722656
2016-05-02,34567.51953125,4922.08349609375,503.9645080566406,526.0278930664062,99.22122955322266
2016-05-03,34897.30078125,5020.5244140625,502.1248474121094,531.1495361328125,100.77483367919922
2016-05-04,35317.55859375,5020.5244140625,506.66815185546875,557.7046508789062,101.91901397705078
2016-05-05,35941.46875,5020.5244140625,506.04254150390625,583.8731689453125,105.59308624267578
2016-05-06,35973.6796875,4997.38623046875,503.48779296875,587.7288818359375,104.46990203857422
2016-05-09,36234.98828125,4928.92919921875,513.9151000976562,594.0196533203125,104.1287612915039
2016-05-10,36265.12109375,4833.08935546875,510.9358825683594,603.0645751953125,103.89253997802734
2016-05-11,36266.23046875,4900.861328125,506.467041015625,594.8313598632812,103.68258666992188
2016-05-12,36048.76171875,4792.01318359375,506.0946350097656,580.41357421875,100.63685607910156
2016-05-13,36122.48828125,4792.01318359375,510.2730407714844,580.4813232421875,100.44451904296875
2016-05-16,36125.37109375,4852.255859375,507.2862854003906,580.8096923828125,99.03388977050781
2016-05-17,36137.12109375,4860.47119140625,506.467041015625,573.8811645507812,99.1461181640625
2016-05-18,36318.2109375,4860.47119140625,516.894287109375,576.4515991210938,99.53080749511719
2016-05-19,36685.05078125,4860.47119140625,506.6011657714844,582.5879516601562,100.12928771972656
2016-05-20,36693.5,4792.01318359375,506.4745178222656,582.0853271484375,99.60560607910156
2016-05-23,36723.3515625,4860.47119140625,507.9715576171875,584.8297119140625,96.81639099121094
2016-05-24,36582.3515625,4792.01318359375,506.6383361816406,582.02734375,96.07903289794922
2016-05-25,36499.4296875,4792.01318359375,506.4745178222656,577.9783935546875,96.36753845214844
2016-05-26,36540.96875,5031.6142578125,507.00323486328125,577.3695678710938,95.88665771484375
2016-05-27,36694.26171875,4999.8994140625,508.4556579589844,578.7127075195312,96.21260070800781
2016-05-30,,5012.603515625,501.99810791015625,564.15966796875,93.51417541503906
2016-05-31,36061.55859375,5012.603515625,491.6081848144531,574.27734375,93.92028045654297
2016-06-01,36496.16015625,5012.603515625,485.85833740234375,576.0071411132812,94.51338958740234
2016-06-02,36839.140625,5143.5830078125,495.8759460449219,587.8350219726562,94.82330322265625
2016-06-03,37223.0,5143.5830078125,493.80548095703125,598.6388549804688,95.61946868896484
2016-06-06,37352.26953125,5097.17431640625,502.4077453613281,592.7053833007812,95.34697723388672
2016-06-07,37392.2890625,5097.17431640625,506.83953857421875,604.0405883789062,95.07979583740234
2016-06-08,37426.390625,5134.3017578125,492.6062316894531,601.0256958007812,94.41720581054688
2016-06-09,37414.26171875,5134.3017578125,495.2578430175781,598.7450561523438,94.10731506347656
2016-06-10,36940.87890625,5134.3017578125,488.66619873046875,589.5068969726562,93.06002044677734
2016-06-13,36979.9609375,5134.3017578125,488.66619873046875,582.9840087890625,94.13402557373047
2016-06-14,37517.75,5065.84375,491.5709228515625,605.9346313476562,98.45146179199219
2016-06-15,38559.87109375,5065.84375,495.29498291015625,635.71728515625,102.25060272216797
2016-06-16,38751.6015625,4997.38623046875,495.29498291015625,637.2345581054688,107.35887145996094
2016-06-17,38776.94140625,4997.38623046875,499.2647705078125,640.867919921875,112.47244262695312
2016-06-20,38469.8203125,5165.10693359375,509.4388122558594,630.064208984375,108.77482604980469
2016-06-21,38415.30859375,5165.10693359375,505.0221862792969,626.971923828125,108.3153305053711
2016-06-22,38149.26171875,5165.10693359375,508.8653564453125,620.4974365234375,107.2840347290039
2016-06-23,38237.890625,4997.38623046875,505.6477966308594,614.4095458984375,108.75877380371094
2016-06-24,37389.87890625,5031.6142578125,511.7699890136719,604.3209228515625,106.36497497558594
2016-06-27,37039.5703125,5048.72998046875,519.0467529296875,590.6857299804688,103.27652740478516
2016-06-28,37076.62890625,5048.72998046875,529.3921508789062,591.2268676757812,103.09480285644531
2016-06-29,37786.5703125,5134.3017578125,544.89892578125,615.0279541015625,104.90623474121094
2016-06-30,37783.5390625,4997.38623046875,561.58251953125,626.6820678710938,105.5634536743164
2016-07-01,,4997.38623046875,561.58251953125,626.6820678710938,105.5634536743164
2016-07-04,,4997.38623046875,575.5328369140625,623.0098876953125,104.93296813964844
2016-07-05,37966.76171875,4997.38623046875,575.5328369140625,623.0098876953125,104.93296813964844
2016-07-06,37966.76171875,4997.38623046875,575.5328369140625,623.0098876953125,104.93296813964844
2016-07-07,,4997.38623046875,575.5328369140625,623.0098876953125,104.93296813964844
2016-07-08,,4997.38623046875,575.5328369140625,623.0098876953125,104.93296813964844
2016-07-11,38367.9609375,4997.38623046875,581.9381103515625,644.6655883789062,105.97491455078125
2016-07-12,39031.62109375,5168.87158203125,573.4993896484375,661.8375244140625,108.3099594116211
2016-07-13,39049.4609375,5133.6171875,602.1744384765625,657.9527587890625,109.0794448852539
2016-07-14,39257.0,5133.6171875,627.058349609375,666.64990234375,112.13579559326172
2016-07-15,39188.46875,5133.6171875,613.1603393554688,665.1423950195312,113.37548828125
2016-07-18,39253.25,5356.44384765625,603.544921875,667.0750732421875,113.14037322998047
2016-07-19,39208.87890625,5151.41552734375,599.5676879882812,666.7658081054688,113.24185943603516
2016-07-20,39098.7890625,4997.38623046875,593.638916015625,666.6885375976562,112.41901397705078
2016-07-21,39306.7890625,5082.9580078125,610.8886108398438,683.3965454101562,112.5899658203125
2016-07-22,39151.78125,5082.9580078125,608.0211791992188,682.0244140625,111.25414276123047
2016-07-25,39017.3203125,5082.9580078125,604.4237060546875,678.0332641601562,111.79383087158203
2016-07-26,39147.328125,5082.9580078125,617.00341796875,677.5115966796875,112.7182388305664
2016-07-27,39434.96875,5079.53466796875,605.563232421875,694.7027587890625,116.46926879882812
2016-07-28,39468.98046875,5141.00927734375,595.8435668945312,706.095947265625,117.87461853027344
2016-07-29,39505.28125,5134.3017578125,581.1783447265625,717.1605834960938,116.23418426513672
2016-08-01,39800.640625,5134.3017578125,581.1783447265625,717.1605834960938,116.23418426513672
2016-08-02,39786.9296875,5087.2353515625,588.3955688476562,688.1703491210938,116.68833923339844
2016-08-03,39615.76171875,5120.60302734375,586.652587890625,681.7054443359375,115.45404815673828
2016-08-04,39446.69921875,5065.85009765625,585.8930053710938,671.9358520507812,114.7807846069336
2016-08-05,39390.2109375,5134.3017578125,580.8433227539062,664.8911743164062,114.82353210449219
2016-08-08,39476.171875,5134.3017578125,580.9474487304688,666.3889770507812,116.06851959228516
2016-08-09,39663.7109375,5134.3017578125,588.3955688476562,663.5770263671875,117.98680877685547
2016-08-10,39805.87890625,5079.53466796875,617.1226806640625,681.6185302734375,119.00740814208984
2016-08-11,39861.6015625,5065.84375,610.7471313476562,678.8740844726562,120.41265869140625
2016-08-12,39907.640625,5100.07275390625,610.7471313476562,675.9751586914062,118.60662841796875
2016-08-15,40030.51953125,5100.07275390625,604.036376953125,675.5982666015625,117.52726745605469
2016-08-16,40050.171875,5137.72314453125,608.818115234375,682.092041015625,117.28146362304688
2016-08-17,40057.51953125,5137.72314453125,603.2915649414062,686.8173828125,118.29670715332031
2016-08-18,39771.19921875,5137.72314453125,597.6311645507812,679.4733276367188,116.19673156738281
2016-08-19,39499.078125,5137.72314453125,593.9144897460938,673.047119140625,114.84491729736328
2016-08-22,39457.94921875,5065.84375,596.2161254882812,669.4716186523438,113.4930648803711
2016-08-23,39400.19140625,5065.84375,590.1532592773438,671.96484375,117.00897979736328
2016-08-24,39506.578125,5032.2978515625,590.5033569335938,669.8098754882812,116.55476379394531
2016-08-25,39792.1015625,5032.2978515625,585.1630859375,677.0864868164062,117.98680877685547
2016-08-26,39926.69921875,5168.529296875,588.581787109375,683.9280395507812,117.54865264892578
2016-08-29,40023.01953125,5134.3017578125,589.1403198242188,679.6472778320312,117.42040252685547
2016-08-30,39991.7890625,5134.3017578125,597.3331909179688,674.1583251953125,118.07230377197266
2016-08-31,39809.578125,5134.3017578125,592.1343994140625,669.9644775390625,116.20211791992188
2016-09-01,39738.671875,5120.48046875,592.1195068359375,657.6146240234375,115.71585845947266
2016-09-02,39464.6484375,5182.67333984375,595.8909912109375,639.1188354492188,115.37919616699219
2016-09-05,,5182.67333984375,588.3480834960938,623.0291748046875,116.39981079101562
2016-09-06,39688.96875,5130.84423828125,598.15380859375,633.6686401367188,122.11719512939453
2016-09-07,40084.87109375,5113.56982421875,603.4338989257812,640.2494506835938,122.72636413574219
2016-09-08,40136.9296875,5113.56982421875,603.4338989257812,638.510009765625,123.80070495605469
2016-09-09,40340.23046875,5251.77392578125,604.942626953125,634.5094604492188,124.09371185302734
2016-09-12,40340.23046875,5251.77392578125,604.942626953125,634.5094604492188,124.09371185302734
2016-09-13,40340.23046875,5251.77392578125,604.942626953125,634.5094604492188,124.09371185302734
2016-09-14,40340.23046875,5251.77392578125,604.942626953125,634.5094604492188,124.09371185302734
2016-09-15,40216.3515625,5251.77392578125,599.6624755859375,629.6197509765625,123.03019714355469
2016-09-16,40363.6796875,5251.77392578125,607.959716796875,638.0946044921875,122.2542724609375
2016-09-19,40414.71875,5113.56982421875,637.6863403320312,637.6499633789062,120.72413635253906
2016-09-20,40340.4609375,5182.67333984375,649.8003540039062,636.2874755859375,120.42570495605469
2016-09-21,39771.421875,5130.84423828125,645.033203125,634.98291015625,118.35839080810547
2016-09-22,40135.30859375,5182.67333984375,641.1486206054688,644.94580078125,120.68616485595703
2016-09-23,39781.94921875,5182.67333984375,621.7859497070312,658.368408203125,118.49948120117188
2016-09-26,40220.76171875,5182.67333984375,629.8341674804688,662.6975708007812,118.99866485595703
2016-09-27,40294.37890625,5251.77392578125,629.8341674804688,659.3154296875,118.10335540771484
2016-09-28,40355.01953125,5251.77392578125,629.8341674804688,662.1660766601562,118.20646667480469
2016-09-29,40295.51953125,5182.67333984375,618.6254272460938,663.3740234375,119.11804962158203
2016-09-30,40541.80859375,5251.77392578125,640.0171508789062,654.4642944335938,119.81257629394531
2016-10-03,40986.30859375,5389.97900390625,630.3923950195312,687.1749877929688,120.47994995117188
2016-10-04,41123.96875,5303.6025390625,627.3526000976562,690.5184936523438,121.33182525634766
2016-10-05,41253.4609375,5251.77392578125,626.1683959960938,691.8424072265625,120.66447448730469
2016-10-06,41252.171875,5313.9658203125,626.0626831054688,696.0170288085938,119.3567886352539
2016-10-07,41200.48046875,5313.9658203125,622.4194946289062,680.9710083007812,120.61016082763672
2016-10-10,41403.96875,5458.52880859375,622.4194946289062,670.8439331054688,120.93574523925781
2016-10-11,41403.96875,5458.52880859375,622.4194946289062,670.8439331054688,120.93574523925781
2016-10-12,41403.96875,5458.52880859375,622.4194946289062,670.8439331054688,120.93574523925781
2016-10-13,41412.0390625,5389.97900390625,618.3916015625,678.9845581054688,120.58849334716797
2016-10-14,41464.30859375,5389.97900390625,610.6224365234375,676.8815307617188,120.23582458496094
2016-10-17,41282.71875,5394.98828125,606.1719970703125,663.4202270507812,119.91565704345703
2016-10-18,40954.21875,5389.97900390625,602.822998046875,652.2171630859375,119.48699951171875
2016-10-19,40924.140625,5389.97900390625,602.8682250976562,649.6392211914062,119.1994400024414
2016-10-20,41545.94921875,5528.18408203125,600.20556640625,649.3291015625,121.68997192382812
2016-10-21,41291.4296875,5735.4912109375,610.0868530273438,644.5512084960938,121.65746307373047
2016-10-24,40852.03125,5803.90185546875,606.345458984375,641.1690063476562,122.82401275634766
2016-10-25,40764.76171875,5803.90185546875,603.4338989257812,644.1829223632812,124.1045913696289
2016-10-26,40526.80859375,5873.6953125,603.45654296875,638.9788208007812,122.03726959228516
2016-10-27,39987.30859375,5752.76611328125,601.1183471679688,640.1708374023438,119.9482192993164
2016-10-28,39872.87890625,5752.76611328125,597.42236328125,645.6463623046875,119.94281005859375
2016-10-31,39893.83984375,5597.2861328125,605.3196411132812,650.7828369140625,121.36986541748047
2016-11-01,41299.87109375,5743.09033203125,611.7689208984375,683.3165893554688,125.61300659179688
2016-11-02,41742.75,5794.6845703125,622.359130859375,682.8029174804688,130.0569610595703
2016-11-03,41974.4609375,5830.72900390625,626.5982666015625,678.7907104492188,134.7070770263672
2016-11-04,41841.55859375,5915.30615234375,641.5105590820312,688.2591552734375,130.97396850585938
2016-11-07,42133.5390625,5866.06787109375,640.8016357421875,688.3076171875,130.88172912597656
2016-11-08,42113.91015625,5866.06787109375,638.1314086914062,680.767822265625,129.53062438964844
2016-11-09,42203.62890625,5866.06787109375,638.1314086914062,680.767822265625,129.53062438964844
2016-11-10,42703.98828125,5933.916015625,651.0448608398438,682.37646484375,134.94927978515625
2016-11-11,42849.12109375,6052.650390625,659.892822265625,704.2498168945312,136.08364868164062
2016-11-14,42525.9296875,6007.41845703125,676.8643188476562,689.809814453125,133.79286193847656
2016-11-15,42292.671875,6007.41845703125,666.9076538085938,691.94189453125,132.20692443847656
2016-11-16,42404.46875,6007.41845703125,684.837158203125,694.4808959960938,132.10781860351562
2016-11-17,42411.80078125,5873.48779296875,675.6498413085938,715.1041259765625,132.00868225097656
2016-11-18,42324.94140625,5866.06787109375,662.268798828125,707.2734985351562,130.45571899414062
2016-11-21,42439.0390625,5866.06787109375,647.4242553710938,703.6295776367188,129.90509033203125
2016-11-22,42631.578125,6007.41845703125,650.848876953125,705.5097045898438,127.74092102050781
2016-11-23,42901.01953125,6042.755859375,678.501220703125,703.6005859375,128.18145751953125
2016-11-24,,6184.10595703125,685.5236206054688,707.3995361328125,127.77946472167969
2016-11-25,42999.66015625,6184.10595703125,683.4945678710938,717.6044921875,127.98870849609375
2016-11-28,43060.7109375,6184.10595703125,679.2102661132812,710.849609375,127.77395629882812
2016-11-29,42811.26953125,6155.83740234375,674.2394409179688,716.5191650390625,125.94574737548828
2016-11-30,42622.37109375,6184.10595703125,670.5660400390625,708.1069946289062,125.18574523925781
2016-12-01,42907.359375,6184.10595703125,660.0059814453125,708.36865234375,123.34099578857422
2016-12-02,43270.8984375,6184.10595703125,668.7029418945312,711.1889038085938,126.89836120605469
2016-12-05,43739.96875,6184.10595703125,661.0845947265625,716.3156127929688,126.36421966552734
2016-12-06,44199.3984375,6184.10595703125,658.6631469726562,723.6228637695312,126.62303161621094
2016-12-07,44494.98828125,6219.4453125,667.9486694335938,752.5320434570312,127.8069839477539
2016-12-08,44741.98046875,6219.4453125,693.7302856445312,790.1538696289062,129.69581604003906
2016-12-09,45387.23046875,6362.56396484375,705.2407836914062,829.6557006835938,133.7157745361328
2016-12-12,45387.23046875,6362.56396484375,705.2407836914062,829.6557006835938,133.7157745361328
2016-12-13,45857.890625,6219.4453125,720.537841796875,840.1224365234375,134.38211059570312
2016-12-14,46185.26953125,6219.5439453125,715.838623046875,844.7355346679688,136.8326416015625
2016-12-15,46358.3515625,6148.77001953125,721.8729248046875,819.1599731445312,137.355712890625
2016-12-16,46584.53125,6148.77001953125,735.5633544921875,808.1700439453125,137.3062286376953
2016-12-19,46938.58984375,6148.77001953125,730.8490600585938,801.2116088867188,143.23703002929688
2016-12-20,47210.05859375,6085.16162109375,724.022705078125,804.4485473632812,150.39581298828125
2016-12-21,46993.30859375,6148.77001953125,708.52197265625,794.708740234375,150.03790283203125
2016-12-22,46699.78125,6148.77001953125,705.7838745117188,798.1201171875,144.76792907714844
2016-12-23,46633.98828125,6157.6103515625,700.4661254882812,794.0885009765625,144.1400909423828
2016-12-26,,6157.6103515625,701.4920043945312,798.8372802734375,143.14341735839844
2016-12-27,46920.46875,6157.6103515625,705.1880493164062,805.6600341796875,145.95187377929688
2016-12-28,47424.62890625,6463.77685546875,711.5466918945312,814.3531494140625,147.61489868164062
2016-12-29,47666.66015625,6360.794921875,714.6242065429688,819.5185546875,148.2151336669922
2016-12-30,47806.96875,6360.794921875,721.92578125,839.5215454101562,150.4729461669922
2017-01-02,,6457.9736328125,716.5777587890625,826.0796508789062,155.12066650390625
2017-01-03,48827.55078125,6457.9736328125,709.6911010742188,844.4252319335938,153.7053985595703
2017-01-04,48704.98828125,6457.9736328125,700.6773071289062,844.1636352539062,154.27810668945312
2017-01-05,48713.62890625,6457.9736328125,694.2205810546875,845.5204467773438,153.75498962402344
2017-01-06,49038.23046875,6457.9736328125,702.4800415039062,841.8667602539062,153.81553649902344
2017-01-09,49039.41015625,6457.9736328125,692.5913696289062,837.2828979492188,152.64263916015625
2017-01-10,48865.7890625,6457.65380859375,692.3348388671875,842.864990234375,151.5742950439453
2017-01-11,49371.6015625,6457.65380859375,701.5523071289062,859.4953002929688,152.47743225097656
2017-01-12,49517.01953125,6572.82177734375,708.967041015625,854.4558715820312,151.22735595703125
2017-01-13,49210.5,6572.82177734375,706.2816162109375,849.7168579101562,150.50045776367188
2017-01-16,,6572.82177734375,732.9987182617188,854.9984741210938,147.09727478027344
2017-01-17,48678.6484375,6572.82177734375,721.533447265625,827.35888671875,144.1786651611328
2017-01-18,48642.2109375,6572.82177734375,735.4049072265625,829.7042236328125,143.50682067871094
2017-01-19,49013.8203125,6572.82177734375,772.169189453125,840.1708374023438,143.30862426757812
2017-01-20,49364.828125,6572.82177734375,799.7234497070312,845.5785522460938,143.495849609375
2017-01-23,49876.1796875,6572.82177734375,833.4102172851562,848.2049560546875,143.25352478027344
2017-01-24,49968.921875,6361.51123046875,844.6792602539062,850.6084594726562,142.3063507080078
2017-01-25,49756.76953125,6291.5322265625,838.3960571289062,851.9845581054688,141.8052520751953
2017-01-26,50192.359375,6291.5322265625,817.924560546875,861.7340087890625,144.50357055664062
2017-01-27,49963.76953125,6360.794921875,822.8199462890625,853.5255126953125,145.9793701171875
2017-01-30,48972.23828125,6353.021484375,783.0914306640625,826.8744506835938,145.18089294433594
2017-01-31,48757.671875,6360.794921875,756.0046997070312,810.3021240234375,143.6610565185547
2017-02-01,49455.859375,6360.794921875,767.6962280273438,818.8014526367188,145.0542449951172
2017-02-02,49665.96875,6360.794921875,784.5772705078125,826.1474609375,144.3658905029297
2017-02-03,49555.828125,6360.794921875,777.8263549804688,829.2777709960938,143.33612060546875
2017-02-06,49630.0390625,6360.794921875,763.751220703125,832.8829345703125,145.13131713867188
2017-02-07,49859.390625,6360.794921875,801.93359375,832.0979614257812,145.874755859375
2017-02-08,49874.9609375,6431.4638671875,781.9297485351562,828.0663452148438,146.96511840820312
2017-02-09,49908.1484375,6360.794921875,772.73486328125,828.4733276367188,147.11373901367188
2017-02-10,49925.078125,6360.794921875,762.2577514648438,833.9974975585938,147.00917053222656
2017-02-13,49965.62890625,6360.794921875,771.21875,836.0520629882812,147.9012451171875
2017-02-14,49767.91015625,6360.794921875,764.475341796875,837.0211181640625,148.529052734375
2017-02-15,49214.1484375,6360.794921875,744.1471557617188,828.337646484375,146.49151611328125
2017-02-16,49588.30078125,6360.794921875,752.1502685546875,834.5595703125,147.78562927246094
2017-02-17,49375.7109375,6360.794921875,746.809814453125,841.1012573242188,149.2064208984375
2017-02-20,,6360.794921875,755.00146484375,838.2422485351562,150.99057006835938
2017-02-21,49015.08984375,6360.794921875,753.1987915039062,842.4967041015625,151.52471923828125
2017-02-22,48981.6484375,6360.794921875,745.8895874023438,851.3158569335938,151.91571044921875
2017-02-23,49062.26171875,6360.794921875,746.9757690429688,852.779296875,150.78131103515625
2017-02-24,49007.98828125,6678.83642578125,746.183837890625,850.4629516601562,150.81436157226562
2017-02-27,48520.75,6678.83642578125,736.6043090820312,847.5072021484375,150.57754516601562
2017-02-28,48534.23046875,6470.3447265625,757.234130859375,843.2235717773438,150.10397338867188
2017-03-01,48992.16015625,6470.3447265625,753.4400024414062,835.354248046875,150.34628295898438
2017-03-02,49696.078125,6470.3447265625,763.849365234375,849.6974487304688,154.9830322265625
2017-03-03,49623.80859375,6368.5712890625,750.8452758789062,844.0086669921875,157.68128967285156
2017-03-06,49434.890625,6368.5712890625,754.3377075195312,853.9227905273438,157.02598571777344
2017-03-07,49452.7109375,6431.47119140625,750.6945190429688,851.7131958007812,157.0535125732422
2017-03-08,49754.71875,6572.82177734375,750.52099609375,847.4684448242188,157.4775390625
2017-03-09,49392.44140625,6378.462890625,750.1438598632812,859.1561279296875,158.67251586914062
2017-03-10,49191.75,6378.462890625,743.5589599609375,860.6486206054688,158.31455993652344
2017-03-13,48655.71875,6360.794921875,739.1915283203125,853.699951171875,158.76063537597656
2017-03-14,48539.05859375,6364.32861328125,716.6155395507812,848.12744140625,158.14385986328125
2017-03-15,48305.828125,6367.86279296875,717.3321533203125,849.2128295898438,156.13392639160156
2017-03-16,48289.66015625,6360.794921875,708.80859375,847.5653076171875,156.31564331054688
2017-03-17,48409.3515625,6360.794921875,716.8267822265625,859.7667236328125,157.16368103027344
2017-03-20,48697.6484375,6360.794921875,718.2222290039062,865.765625,159.91778564453125
2017-03-21,49020.2109375,6360.794921875,725.7952880859375,862.8970336914062,157.79367065429688
2017-03-22,49016.7890625,6360.794921875,724.2715454101562,865.8432006835938,157.33651733398438
2017-03-23,,6360.794921875,724.2715454101562,865.8432006835938,157.33651733398438
2017-03-24,48971.05078125,6360.794921875,720.3493041992188,855.50244140625,158.3233184814453
2017-03-27,48680.16015625,6367.86279296875,716.8267822265625,851.2188720703125,158.60765075683594
2017-03-28,48523.41015625,6367.86279296875,711.1318359375,842.613037109375,157.7825164794922
2017-03-29,48375.62890625,6431.47119140625,710.8452758789062,828.2310791015625,155.1621856689453
2017-03-30,47949.328125,6360.794921875,705.2633666992188,818.3071899414062,152.48614501953125
2017-03-31,48155.9296875,6427.9384765625,708.68798828125,811.5426635742188,150.31182861328125
2017-04-03,48227.75,6502.1474609375,709.0349731445312,813.9848022460938,149.36961364746094
2017-04-04,48088.37109375,6572.82177734375,701.4994506835938,814.2561645507812,148.0148162841797
2017-04-05,47577.30859375,6572.82177734375,701.4994506835938,814.2561645507812,148.0148162841797
2017-04-06,47356.6015625,6572.82177734375,724.120849609375,823.3273315429688,144.7310791015625
2017-04-07,47889.37109375,6695.20703125,732.3741455078125,839.6280517578125,148.99607849121094
2017-04-10,47942.94921875,6695.20703125,754.8374633789062,838.9594116210938,150.5124969482422
2017-04-11,48250.0703125,6695.20703125,754.4871215820312,844.464111328125,153.89105224609375
2017-04-12,48457.26171875,6695.20703125,763.7449340820312,836.9340209960938,153.69590759277344
2017-04-13,47950.578125,6695.20703125,749.8153076171875,833.7841796875,150.5013885498047
2017-04-14,,6695.20703125,755.2656860351562,840.5294189453125,149.81561279296875
2017-04-17,47125.12109375,6941.77880859375,735.6988525390625,831.5165405273438,147.11724853515625
2017-04-18,46874.37109375,6767.19970703125,731.9071044921875,826.8355102539062,144.4523162841797
2017-04-19,47603.48046875,6767.19970703125,725.0161743164062,828.2310791015625,145.09902954101562
2017-04-20,48743.55859375,6803.91455078125,735.8001708984375,843.1363525390625,149.92709350585938
2017-04-21,49708.6484375,6623.216796875,770.5890502929688,864.7286987304688,153.65130615234375
2017-04-24,50111.671875,6623.216796875,763.0518798828125,864.4475708007812,152.27984619140625
2017-04-25,49785.171875,6623.216796875,751.37255859375,860.764892578125,150.75782775878906
2017-04-26,49827.51171875,6767.19970703125,742.2783813476562,857.3826293945312,153.77951049804688
2017-04-27,49481.69921875,6489.3173828125,739.6932983398438,851.3062133789062,151.2874298095703
2017-04-28,49300.8984375,6623.20849609375,744.801025390625,854.7660522460938,153.645751953125
2017-05-01,,6623.20849609375,744.801025390625,854.7660522460938,153.645751953125
2017-05-02,48689.421875,6623.216796875,719.3088989257812,858.0513305664062,153.67918395996094
2017-05-03,48605.140625,6623.216796875,713.3289794921875,856.7720947265625,155.3182830810547
2017-05-04,49283.640625,6590.82177734375,720.2276000976562,874.4296264648438,158.76934814453125
2017-05-05,49851.12890625,6590.82177734375,720.2276000976562,908.2815551757812,162.23703002929688
2017-05-08,50935.91015625,6623.216796875,708.5016479492188,930.329345703125,170.34889221191406
2017-05-09,51073.140625,6802.47509765625,711.4524536132812,948.9657592773438,170.45606994628906
2017-05-10,51103.53125,6911.18212890625,708.0498657226562,940.5634155273438,173.1180419921875
2017-05-11,51426.01171875,7055.16455078125,712.4413452148438,957.445556640625,174.0260467529297
2017-05-12,51750.91015625,7091.15966796875,721.9406127929688,963.9485473632812,173.30416870117188
2017-05-15,52387.87109375,7091.15966796875,716.4513549804688,961.089599609375,173.6876983642578
2017-05-16,51813.19140625,7055.16455078125,715.1121826171875,939.5651245117188,167.87872314453125
2017-05-17,51511.41015625,6947.177734375,706.9910888671875,936.9485473632812,166.37289428710938
2017-05-18,50956.6015625,7199.14794921875,711.4680786132812,922.3243408203125,164.69229125976562
2017-05-19,50742.03125,7199.14794921875,705.4337158203125,911.8091430664062,163.80116271972656
2017-05-22,51373.51171875,7199.14794921875,706.9910888671875,916.6741943359375,168.64572143554688
2017-05-23,52146.96875,7199.14794921875,707.34912109375,924.04931640625,171.07078552246094
2017-05-24,52876.4609375,7199.14794921875,712.4413452148438,933.6631469726562,173.05035400390625
2017-05-25,52869.01171875,7199.14794921875,723.3421020507812,931.8314819335938,172.28334045410156
2017-05-26,52636.87109375,7342.89404296875,724.0350952148438,923.0511474609375,168.7528839111328
2017-05-29,,7199.14794921875,715.6881713867188,897.1461791992188,164.97984313964844
2017-05-30,51453.16015625,7199.14794921875,724.1985473632812,873.7706298828125,160.4962158203125
2017-05-31,50591.5703125,7199.14794921875,712.3636474609375,832.6988525390625,152.86561584472656
2017-06-01,48780.80859375,7199.14794921875,699.0023193359375,793.8074340820312,146.74652099609375
2017-06-02,48555.30078125,7199.14794921875,692.9757690429688,793.3131713867188,144.38909912109375
2017-06-05,50120.9296875,7199.14794921875,694.7510986328125,820.8074951171875,150.38417053222656
2017-06-06,50144.62890625,7199.14794921875,708.5482788085938,832.5631713867188,152.65699768066406
2017-06-07,50162.80859375,7199.14794921875,720.2276000976562,837.7576904296875,152.1945343017578
2017-06-08,49958.328125,7343.13134765625,735.3095703125,835.6934814453125,147.65457153320312
2017-06-09,49526.921875,7343.13134765625,755.0321655273438,832.1076049804688,145.2181396484375
2017-06-12,47671.80078125,7343.13134765625,744.6609497070312,800.8240966796875,140.46383666992188
2017-06-13,48071.0390625,7343.13134765625,745.1748046875,829.8591918945312,147.16952514648438
2017-06-14,47608.640625,7343.13134765625,720.6168823242188,820.0322265625,149.92735290527344
2017-06-15,47442.73046875,7343.13134765625,715.4390869140625,795.9976806640625,150.6210174560547
2017-06-16,46858.55859375,7343.13134765625,715.4390869140625,800.3005981445312,146.4927215576172
2017-06-19,46593.33984375,7343.13134765625,704.6552124023438,791.345947265625,144.90232849121094
2017-06-20,44914.44140625,7343.13134765625,706.0021362304688,764.074462890625,137.84133911132812
2017-06-21,45474.4609375,7343.13134765625,711.522705078125,773.0874633789062,138.96365356445312
2017-06-22,46332.30859375,7343.13134765625,719.7994384765625,806.0767822265625,142.87200927734375
2017-06-23,,7343.13134765625,719.7994384765625,806.0767822265625,142.87200927734375
2017-06-26,,7343.13134765625,719.7994384765625,806.0767822265625,142.87200927734375
2017-06-27,,7343.13134765625,719.7994384765625,806.0767822265625,142.87200927734375
2017-06-28,,7343.13134765625,719.7994384765625,806.0767822265625,142.87200927734375
2017-06-29,46711.8515625,7487.1142578125,720.032958984375,818.3654174804688,150.011962890625
2017-06-30,46565.2890625,7343.13134765625,727.7024536132812,810.4474487304688,151.78846740722656
2017-07-03,44665.41015625,7343.13134765625,699.889892578125,769.9280395507812,144.20297241210938
2017-07-04,,7343.13134765625,699.6641845703125,763.6674194335938,143.4867706298828
2017-07-05,45413.421875,7343.13134765625,687.564208984375,747.7057495117188,139.2681884765625
2017-07-06,44823.109375,7487.1142578125,710.1056518554688,729.5733032226562,139.3584442138672
2017-07-07,45222.1484375,7415.12353515625,710.1056518554688,730.0578002929688,141.2026824951172
2017-07-10,46273.80859375,7415.12353515625,718.9818115234375,757.639404296875,143.53187561035156
2017-07-11,44120.578125,7415.12353515625,692.3917846679688,719.7657470703125,136.35809326171875
2017-07-12,43792.19140625,7415.12353515625,676.6324462890625,693.7638549804688,138.7211456298828
2017-07-13,43783.55078125,7044.36474609375,679.8092041015625,699.7239990234375,140.89808654785156
2017-07-14,44337.44140625,7044.36474609375,679.8092041015625,712.3130493164062,142.70843505859375
2017-07-17,44523.2109375,7044.36474609375,700.69970703125,723.2254638671875,141.72714233398438
2017-07-18,45636.359375,7044.36474609375,700.7620849609375,747.8995971679688,143.00738525390625
2017-07-19,45418.69921875,7044.36474609375,700.7620849609375,737.2294921875,142.5110321044922
2017-07-20,45059.9296875,7044.36474609375,700.7540893554688,737.2488403320312,142.24037170410156
2017-07-21,45294.390625,7044.36474609375,700.7540893554688,734.5062255859375,142.7592315673828
2017-07-24,45529.19921875,7343.13134765625,700.7540893554688,734.758056640625,142.6859130859375
2017-07-25,45917.8984375,7343.13134765625,684.3330688476562,731.5213012695312,142.47158813476562
2017-07-26,45908.390625,7343.13134765625,682.0750122070312,729.302001953125,141.64256286621094
2017-07-27,45905.76171875,7703.08984375,704.2035522460938,723.0026245117188,141.197021484375
2017-07-28,45912.03125,8062.3251953125,706.0255126953125,689.4802856445312,140.25515747070312
2017-07-31,46010.44921875,8062.3251953125,697.1492919921875,686.0010986328125,133.24496459960938
2017-08-01,46533.4296875,8062.3251953125,669.8117065429688,681.0487670898438,128.32705688476562
2017-08-02,46949.0390625,8062.3251953125,683.6634521484375,699.9276123046875,132.10574340820312
2017-08-03,47084.33984375,8062.3251953125,685.5787963867188,700.8676147460938,133.57203674316406
2017-08-04,46877.37109375,8062.3251953125,695.1870727539062,697.9407348632812,133.735595703125
2017-08-07,46465.66015625,8062.3251953125,691.947998046875,684.2276000976562,133.67921447753906
2017-08-08,45979.69921875,8062.3251953125,680.0738525390625,675.5828247070312,132.69227600097656
2017-08-09,45998.80859375,8062.3251953125,681.2965087890625,668.3531494140625,130.75221252441406
2017-08-10,45634.01953125,8062.3251953125,681.2965087890625,676.7070922851562,129.60166931152344
2017-08-11,45288.48828125,8063.04638671875,681.2965087890625,668.6245727539062,127.768798828125
2017-08-14,,8063.04638671875,681.2965087890625,668.6245727539062,127.768798828125
2017-08-15,43899.44921875,7659.89404296875,652.4405517578125,651.8876342773438,125.51842498779297
2017-08-16,44186.9609375,7659.89404296875,660.2346801757812,643.7177734375,126.53923797607422
2017-08-17,43136.05859375,7659.89404296875,638.4797973632812,636.7787475585938,122.51248931884766
2017-08-18,43078.37890625,7929.142578125,609.77197265625,636.3814697265625,121.5255126953125
2017-08-21,42153.37890625,7929.142578125,607.3270263671875,604.61328125,120.7811050415039
2017-08-22,41983.16015625,7861.9169921875,584.7469482421875,584.1063232421875,121.42401123046875
2017-08-23,42910.7890625,7861.9169921875,592.541015625,590.3863525390625,125.3568115234375
2017-08-24,42268.62109375,7919.06103515625,591.94921875,579.095947265625,123.6999740600586
2017-08-25,42641.75,7847.07080078125,600.7322387695312,601.4830322265625,125.04150390625
2017-08-28,41974.21875,7847.07080078125,607.3114624023438,594.5051879882812,118.79259490966797
2017-08-29,41233.078125,7847.07080078125,580.1064453125,584.17431640625,112.8532485961914
2017-08-30,41323.6484375,8207.029296875,564.8142700195312,594.7378540039062,107.21202850341797
2017-08-31,41206.98828125,8004.7265625,589.6989135742188,578.5726928710938,101.8517074584961
2017-09-01,,8004.7265625,589.6989135742188,578.5726928710938,101.8517074584961
2017-09-04,,8129.01416015625,589.6989135742188,578.5726928710938,101.8517074584961
2017-09-05,41779.19921875,8129.01416015625,614.96533203125,584.3389892578125,96.76083374023438
2017-09-06,41389.98828125,8129.01416015625,603.0810546875,573.9014282226562,91.92796325683594
2017-09-07,40958.6484375,8129.01416015625,602.3396606445312,559.4998168945312,87.67982482910156
2017-09-08,41401.01953125,8535.455078125,612.7020874023438,580.0999145507812,92.05982971191406
2017-09-11,41126.828125,8535.455078125,623.1746826171875,571.6244506835938,96.65767669677734
2017-09-12,41279.30078125,8909.09375,619.5077514648438,568.9387817382812,101.49051666259766
2017-09-13,42310.12109375,8992.4404296875,627.5673217773438,583.4278564453125,105.97373962402344
2017-09-14,42683.5703125,9122.0869140625,630.8794555664062,590.8718872070312,108.06047821044922
2017-09-15,42787.19140625,9028.994140625,642.6771240234375,597.3623046875,112.09648132324219
2017-09-18,42841.41015625,9428.66015625,642.6771240234375,583.9241333007812,110.52570343017578
2017-09-19,43253.26171875,9504.205078125,626.1952514648438,583.5057373046875,110.16449737548828
2017-09-20,43347.03125,9504.205078125,630.8717041015625,583.4473876953125,108.12354278564453
2017-09-21,42775.0390625,9431.0869140625,626.9443359375,579.642578125,105.95650482177734
2017-09-22,42750.19140625,9431.0869140625,626.9443359375,576.4216918945312,106.0768814086914
2017-09-25,42743.6484375,9431.0869140625,608.0176391601562,577.9202270507812,106.43804168701172
2017-09-26,42666.23046875,9431.0869140625,618.2301635742188,571.809326171875,103.6977310180664
2017-09-27,42290.1484375,9431.0869140625,611.7005004882812,562.6817626953125,103.58879089355469
2017-09-28,42362.87109375,9503.8408203125,614.3267211914062,556.8433837890625,102.88937377929688
2017-09-29,42409.26953125,9503.8408203125,622.2127075195312,549.9636840820312,103.62891387939453
2017-10-02,42018.8984375,9504.205078125,621.4320068359375,535.678955078125,100.96308135986328
2017-10-03,41115.78125,9504.205078125,619.8468627929688,508.8998718261719,98.09661865234375
2017-10-04,40461.0,9452.78515625,607.2290649414062,502.38995361328125,97.27103424072266
2017-10-05,40468.48828125,9504.078125,602.1663208007812,501.0082092285156,97.56916809082031
2017-10-06,41312.58984375,9504.205078125,602.1663208007812,514.0863647460938,99.4725112915039
2017-10-09,41099.98828125,9504.205078125,602.1663208007812,507.0606994628906,100.2522201538086
2017-10-10,40610.71875,9430.365234375,601.393310546875,493.43768310546875,100.2694091796875
2017-10-11,40503.6796875,9430.365234375,607.2290649414062,493.5544128417969,96.21620178222656
2017-10-12,40237.53125,9504.205078125,602.3396606445312,487.6186828613281,96.4111328125
2017-10-13,39846.78125,9232.091796875,607.2213134765625,471.1639404296875,96.2333984375
2017-10-16,40791.390625,9232.091796875,607.2290649414062,494.6345520019531,97.47744750976562
2017-10-17,40724.9609375,9138.6572265625,595.3999633789062,487.5018615722656,96.66911315917969
2017-10-18,40733.44921875,8773.11328125,595.3999633789062,508.1700744628906,96.03274536132812
2017-10-19,41558.0703125,9190.103515625,614.3975830078125,529.957275390625,97.64372253417969
2017-10-20,42087.890625,9083.8232421875,619.9257202148438,532.9933471679688,99.13428497314453
2017-10-23,41483.5390625,8992.4404296875,611.0775146484375,509.61016845703125,98.99095916748047
2017-10-24,41291.6796875,9064.0849609375,621.834228515625,510.9530334472656,98.03927612304688
2017-10-25,41595.3203125,8882.04296875,607.2290649414062,522.4743041992188,98.0335464477539
2017-10-26,41409.48828125,8846.220703125,589.8797607421875,525.6367797851562,97.80995178222656
2017-10-27,41105.3984375,8844.46484375,590.076904296875,522.6494140625,96.74935150146484
2017-10-30,40324.3203125,8699.63671875,587.513916015625,496.5223388671875,94.69121551513672
2017-10-31,39617.19140625,8699.63671875,583.9651489257812,473.7231140136719,92.00819396972656
2017-11-01,40453.640625,8699.63671875,576.4812622070312,489.3604431152344,94.04340362548828
2017-11-02,40498.87109375,8699.63671875,576.4812622070312,486.3050231933594,94.40458679199219
2017-11-03,41064.0,8699.63671875,575.692626953125,496.6195983886719,96.03274536132812
2017-11-06,41030.76953125,8334.4560546875,583.578857421875,497.7776184082031,94.36444091796875
2017-11-07,41049.21875,8805.2451171875,583.578857421875,503.2073669433594,95.05816650390625
2017-11-08,41259.16015625,8827.314453125,584.493408203125,517.5213012695312,95.0867919921875
2017-11-09,41790.16015625,8827.314453125,583.5709228515625,517.4240112304688,97.62078094482422
2017-11-10,41435.69921875,8827.314453125,587.513916015625,500.96929931640625,96.30218505859375
2017-11-13,41239.890625,8716.9716796875,583.5551147460938,500.65789794921875,96.3537826538086
2017-11-14,40943.78125,8827.314453125,570.16455078125,502.1564025878906,97.38572692871094
2017-11-15,40662.7890625,8827.314453125,570.16455078125,503.8593444824219,95.12691497802734
2017-11-16,40813.30859375,8827.314453125,570.16455078125,503.7911682128906,96.45126342773438
2017-11-17,40844.3984375,8827.314453125,555.9695434570312,497.69000244140625,96.28501892089844
2017-11-20,40316.9296875,8385.9482421875,538.7147216796875,494.9698181152344,95.62571716308594
2017-11-21,40548.828125,8385.9482421875,537.3977661132812,493.83880615234375,96.15314483642578
2017-11-22,40591.87109375,8385.9482421875,551.9475708007812,496.8417663574219,95.17282104492188
2017-11-23,,8091.69873046875,544.9290161132812,500.4004821777344,94.89761352539062
2017-11-24,40248.41015625,7687.1181640625,537.8314819335938,496.83203125,94.45619201660156
2017-11-27,40032.171875,7981.36328125,551.9398193359375,492.1813659667969,93.57331848144531
2017-11-28,39634.12890625,7981.36328125,540.2131958007812,480.3450927734375,93.0057373046875
2017-11-29,39672.890625,7981.36328125,540.1973266601562,482.1488037109375,92.26045227050781
2017-11-30,40010.359375,7981.36328125,537.1613159179688,482.27557373046875,93.44718933105469
2017-12-01,,7981.36328125,537.1613159179688,482.27557373046875,93.44718933105469
2017-12-04,40049.80078125,7981.36328125,536.2542724609375,488.242431640625,92.67323303222656
2017-12-05,39945.41015625,8380.431640625,540.0949096679688,487.3941955566406,91.48651885986328
2017-12-06,39907.3203125,8380.431640625,540.0949096679688,490.81640625,91.48651885986328
2017-12-07,38784.66015625,8380.431640625,516.5390625,479.3505859375,87.3759994506836
2017-12-08,39080.0,8882.4833984375,513.3846435546875,480.8423156738281,89.38822174072266
2017-12-11,38481.69921875,8970.759765625,501.5555419921875,461.8008728027344,88.4709701538086
2017-12-12,38525.109375,9150.9833984375,484.2060852050781,457.4330139160156,89.89848327636719
2017-12-13,38819.6484375,9342.2421875,484.7896423339844,462.51263427734375,89.56024932861328
2017-12-14,38223.55078125,9342.2421875,499.9703674316406,457.15020751953125,88.90093231201172
2017-12-15,38645.8984375,8875.12890625,517.2724609375,443.4321594238281,90.94188690185547
2017-12-18,38383.96875,8875.12890625,517.2724609375,434.6475830078125,90.35140991210938
2017-12-19,37919.421875,8875.12890625,518.2739868164062,439.8442687988281,91.2228012084961
2017-12-20,38208.05859375,8875.12890625,518.2739868164062,435.82733154296875,95.74610137939453
2017-12-21,38715.76953125,8459.501953125,531.4910888671875,441.2677307128906,96.97293853759766
2017-12-22,39428.2109375,8459.501953125,547.5787353515625,463.2926330566406,97.50038146972656
2017-12-25,,8459.501953125,547.5787353515625,463.2926330566406,97.50038146972656
2017-12-26,39525.75,8459.501953125,569.7307739257812,464.63812255859375,97.99915313720703
2017-12-27,40146.73046875,8459.501953125,542.1688232421875,487.73541259765625,97.97051239013672
2017-12-28,40371.30859375,8459.501953125,551.6242065429688,504.553955078125,97.3054428100586
2017-12-29,40471.48046875,8459.501953125,550.1416015625,504.4661560058594,95.79193878173828
2018-01-01,,8459.501953125,526.8067016601562,509.84808349609375,99.73623657226562
2018-01-02,41486.87109375,8459.5107421875,521.1840209960938,526.958984375,103.00402069091797
2018-01-03,41544.26953125,8037.3515625,504.8203430175781,529.6012573242188,102.0810317993164
2018-01-04,41908.7109375,8231.470703125,513.7868041992188,544.5183715820312,104.21939849853516
2018-01-05,42523.98828125,8606.630859375,509.1813049316406,560.5180053710938,106.5584716796875
2018-01-08,43112.12109375,8385.9482421875,508.6292724609375,560.46923828125,110.11864471435547
2018-01-09,42814.33984375,8385.9482421875,505.5299987792969,556.2962646484375,107.48147583007812
2018-01-10,43630.73828125,8385.9482421875,503.960693359375,569.2830200195312,110.1243896484375
2018-01-11,43395.28125,8385.9482421875,501.69744873046875,564.8663940429688,110.88109588623047
2018-01-12,42933.71875,8018.14306640625,495.3885498046875,564.8079223632812,111.6894760131836
2018-01-15,,8018.14306640625,486.55621337890625,566.1143798828125,109.19559478759766
2018-01-16,42939.6796875,7723.9140625,496.7528381347656,585.4970703125,113.45516204833984
2018-01-17,43358.96875,7944.58447265625,493.22784423828125,590.58642578125,115.0833740234375
2018-01-18,43580.87890625,7944.58447265625,496.5793762207031,592.1854248046875,116.67137145996094
2018-01-19,44178.828125,8341.076171875,515.939697265625,604.3531494140625,118.72379302978516
2018-01-22,44897.69140625,8341.076171875,536.4751586914062,622.5172119140625,119.74999237060547
2018-01-23,44907.19921875,8509.9296875,554.9759521484375,629.80029296875,118.25370025634766
2018-01-24,45063.2109375,8900.140625,555.3780517578125,660.687744140625,120.82206726074219
2018-01-25,44816.7109375,8716.9716796875,573.20849609375,660.687744140625,119.63536071777344
2018-01-26,44551.12890625,8716.9716796875,567.3019409179688,642.0167846679688,115.74838256835938
2018-01-29,44457.30078125,8533.0703125,566.2846069335938,623.5214233398438,115.74838256835938
2018-01-30,44233.109375,8533.0703125,578.7839965820312,616.0238037109375,115.74838256835938
2018-01-31,44049.05078125,8106.4169921875,572.2069702148438,599.8195190429688,111.23080444335938
2018-02-01,44255.48046875,8128.486328125,579.1387939453125,619.1533813476562,113.77053833007812
2018-02-02,44301.19921875,8462.4521484375,581.99365234375,616.9304809570312,113.21439361572266
2018-02-05,,8462.4521484375,581.99365234375,616.9304809570312,113.21439361572266
2018-02-06,43885.51171875,8462.4521484375,576.008056640625,601.0284423828125,111.76395416259766
2018-02-07,44096.48828125,8462.4521484375,576.008056640625,614.0640258789062,111.8556900024414
2018-02-08,43679.87109375,8462.4521484375,564.3604125976562,604.4701538085938,111.8556900024414
2018-02-09,43808.80078125,8462.4521484375,557.2786865234375,595.724609375,111.91876220703125
2018-02-12,43515.078125,8459.501953125,555.1730346679688,593.0921020507812,109.79183959960938
2018-02-13,43690.359375,8459.501953125,544.5347290039062,586.41357421875,113.40935516357422
2018-02-14,43353.0390625,8459.501953125,544.5347290039062,586.41357421875,113.40935516357422
2018-02-15,42942.3515625,8099.0673828125,528.1868896484375,559.2894897460938,117.35363006591797
2018-02-16,43627.1015625,8441.1201171875,531.317626953125,571.3598022460938,121.36666870117188
2018-02-19,,8459.5107421875,521.8226928710938,582.4453125,121.70492553710938
2018-02-20,43294.94921875,8459.5107421875,517.3748779296875,586.2477416992188,119.0849609375
2018-02-21,42919.78125,8459.501953125,510.62457275390625,577.5606079101562,117.00387573242188
2018-02-22,43528.51171875,8881.7490234375,505.4591064453125,588.0612182617188,120.76473999023438
2018-02-23,43267.19921875,8805.2451171875,505.49847412109375,585.623779296875,120.6958999633789
2018-02-26,42911.01953125,8753.7548828125,517.3356323242188,575.4937133789062,119.07923126220703
2018-02-27,42994.9609375,8753.7548828125,512.848388671875,574.4114379882812,120.2200698852539
2018-02-28,43239.44140625,8753.7548828125,514.6386108398438,585.7212524414062,119.4461441040039
2018-03-01,43510.390625,8753.7548828125,511.5392761230469,615.0000610351562,119.32572937011719
2018-03-02,43740.48828125,9191.4384765625,513.6921997070312,627.8795776367188,120.44365692138672
2018-03-05,43829.0703125,9268.677734375,520.4820556640625,636.1083984375,122.0317153930664
2018-03-06,43705.1015625,9267.943359375,524.4251708984375,632.4034423828125,120.09395599365234
2018-03-07,43441.1796875,9267.943359375,520.4820556640625,622.6633911132812,118.48298645019531
2018-03-08,43072.73828125,8990.7802734375,516.5548095703125,614.1517944335938,116.64845275878906
2018-03-09,43011.26171875,9047.26171875,512.5958862304688,617.4180297851562,117.33065032958984
2018-03-12,43410.9296875,9011.2158203125,512.5958862304688,633.1444702148438,117.89250183105469
2018-03-13,43618.0703125,9084.7744140625,519.1651611328125,632.8324584960938,117.82366943359375
2018-03-14,43407.71875,9084.7744140625,525.2138061523438,623.014404296875,114.7049789428711
2018-03-15,43495.0703125,9084.7744140625,524.4251708984375,618.5684204101562,116.00640106201172
2018-03-16,43363.2109375,9084.7744140625,525.2138061523438,610.9636840820312,115.67959594726562
2018-03-19,43539.6015625,9084.7744140625,543.9905395507812,614.1907348632812,114.10302734375
2018-03-20,44309.73828125,9084.7744140625,539.0696411132812,625.87109375,117.47972106933594
2018-03-21,44645.94921875,9084.7744140625,540.1973266601562,624.3793334960938,121.47561645507812
2018-03-22,45030.21875,9084.7744140625,551.3719482421875,644.9807739257812,123.09233093261719
2018-03-23,,9084.7744140625,551.3719482421875,644.9807739257812,123.09233093261719
2018-03-26,45083.5703125,9084.7744140625,550.307373046875,648.9977416992188,122.1692886352539
2018-03-27,45004.19140625,9084.7744140625,548.0203247070312,652.5077514648438,120.90803527832031
2018-03-28,45172.98828125,9084.7744140625,553.52490234375,662.0039672851562,119.74999237060547
2018-03-29,45489.62109375,9305.4609375,555.9695434570312,671.1785888671875,119.31428527832031
2018-03-30,,9305.4609375,568.5162963867188,672.3681030273438,121.6246337890625
2018-04-02,45741.4296875,9518.0498046875,578.1058349609375,705.0982666015625,119.80159759521484
2018-04-03,46013.33984375,9518.0498046875,575.6768188476562,703.95751953125,119.14229583740234
2018-04-04,46103.609375,9518.0498046875,572.7510986328125,698.1173706054688,120.14555358886719
2018-04-05,46560.8203125,9518.05078125,570.9530639648438,699.2190551757812,125.43133544921875
2018-04-06,46637.62109375,9518.05078125,561.410888671875,697.9515991210938,125.54598999023438
2018-04-09,46580.62109375,9518.05078125,554.6130981445312,693.5155029296875,124.8523178100586
2018-04-10,46476.73046875,9607.61328125,557.5467529296875,693.1351928710938,123.84906768798828
2018-04-11,46486.48828125,9511.3896484375,559.723388671875,692.0139770507812,123.61974334716797
2018-04-12,46331.7109375,9260.4658203125,556.9154052734375,684.526123046875,120.79918670654297
2018-04-13,46071.859375,9260.4658203125,560.8760375976562,667.639404296875,119.91625213623047
2018-04-16,45682.23828125,9260.4658203125,566.9528198242188,657.8602294921875,119.84744262695312
2018-04-17,45801.73046875,9326.3408203125,589.2426147460938,670.3499145507812,118.5916519165039
2018-04-18,45478.62890625,9326.3408203125,612.191162109375,661.4190063476562,114.80120849609375
2018-04-19,45387.76953125,9326.3408203125,601.4456787109375,650.3139038085938,114.94522857666016
2018-04-20,45259.33984375,9326.3408203125,608.7081298828125,636.8396606445312,113.73553466796875
2018-04-23,45371.94921875,9326.3408203125,605.9249267578125,634.2072143554688,114.27127075195312
2018-04-24,45876.69921875,9326.3408203125,608.0165405273438,648.7442626953125,115.65958404541016
2018-04-25,45718.33984375,9326.3408203125,609.4080810546875,644.0252685546875,114.73212432861328
2018-04-26,45460.87109375,9326.3408203125,598.5801391601562,647.24267578125,112.8887710571289
2018-04-27,45542.78125,9326.3408203125,601.091552734375,635.338134765625,113.19407653808594
2018-04-30,45488.859375,9326.3408203125,594.5042114257812,644.6590576171875,112.15719604492188
2018-05-01,,9326.3408203125,594.5042114257812,644.6590576171875,112.15719604492188
2018-05-02,45196.37109375,9326.3408203125,590.7988891601562,637.0151977539062,110.06611633300781
2018-05-03,44746.62890625,9326.3408203125,592.857421875,640.2130737304688,106.55796813964844
2018-05-04,44536.91015625,9326.3408203125,588.7404174804688,632.8226318359375,104.69731903076172
2018-05-07,44378.51953125,9326.3408203125,588.7404174804688,616.2967529296875,102.5428695678711
2018-05-08,44066.9609375,9326.3408203125,587.4229125976562,617.3009643554688,101.6845474243164
2018-05-09,43795.0,9326.3408203125,568.2620849609375,608.7308349609375,101.41958618164062
2018-05-10,43855.78125,9326.3408203125,556.9649047851562,611.0123901367188,100.56123352050781
2018-05-11,43594.7890625,9326.3408203125,555.02978515625,604.7919311523438,101.2640380859375
2018-05-14,42498.859375,9326.3408203125,529.3558959960938,586.0234985351562,97.94022369384766
2018-05-15,42459.53125,8860.0986328125,535.1773071289062,576.1956787109375,97.9344482421875
2018-05-16,42301.19921875,8860.0986328125,531.1014404296875,567.4208374023438,97.99783325195312
2018-05-17,41869.6484375,8860.0986328125,537.153564453125,555.4285278320312,97.1683120727539
2018-05-18,41623.51953125,8860.0986328125,540.1589965820312,542.9000244140625,96.73625946044922
2018-05-21,41648.6484375,8860.0986328125,543.45263671875,545.38623046875,98.93680572509766
2018-05-22,42744.8203125,8860.0986328125,550.8633422851562,555.3017578125,100.90689086914062
2018-05-23,42772.25,8860.0986328125,551.686767578125,548.5745239257812,100.8435287475586
2018-05-24,42536.16015625,8860.0986328125,559.9208374023438,533.140380859375,100.6188735961914
2018-05-25,42074.08984375,8860.0986328125,549.2164916992188,525.7013549804688,98.28008270263672
2018-05-28,,8860.0986328125,564.0379638671875,526.2374877929688,98.23402404785156
2018-05-29,42622.73828125,8860.0986328125,553.498291015625,539.029296875,100.29053497314453
2018-05-30,42546.48046875,8860.0986328125,566.8870239257812,529.8936767578125,97.61764526367188
2018-05-31,42846.640625,8860.0986328125,577.4513549804688,532.614013671875,98.61421203613281
2018-06-01,42912.80859375,8882.232421875,562.6463623046875,531.9119262695312,99.60501098632812
2018-06-04,43268.2890625,8882.232421875,575.821044921875,536.7576904296875,100.6937255859375
2018-06-05,43702.578125,8882.232421875,576.240966796875,539.1072998046875,104.68003845214844
2018-06-06,44144.19921875,8882.232421875,561.9136962890625,551.4798583984375,109.74835968017578
2018-06-07,43948.109375,8882.232421875,564.0379638671875,564.66162109375,107.65784454345703
2018-06-08,,8882.232421875,564.0379638671875,564.66162109375,107.65784454345703
2018-06-11,43931.16015625,8882.232421875,556.6272583007812,548.5061645507812,109.95220947265625
2018-06-12,43228.8984375,8882.232421875,569.6536865234375,533.2086791992188,106.14385986328125
2018-06-13,43507.5,8882.232421875,572.2720947265625,531.5804443359375,106.87174224853516
2018-06-14,43680.6796875,8882.232421875,586.5830688476562,528.4605102539062,105.53825378417969
2018-06-15,,8882.232421875,586.5830688476562,528.4605102539062,105.53825378417969
2018-06-18,,8882.232421875,,,
2018-06-19,43682.83984375,8882.232421875,611.0466918945312,522.2985229492188,104.7055435180664
2018-06-20,43002.828125,8882.232421875,592.3058471679688,505.5093688964844,101.00202178955078
2018-06-21,42358.609375,8882.232421875,586.1383666992188,499.44500732421875,97.70614624023438
2018-06-22,41637.37890625,8882.232421875,568.1632690429688,487.7744140625,95.41766357421875
2018-06-25,40978.23046875,8882.232421875,564.1368408203125,464.5308532714844,96.07567596435547
2018-06-26,41246.08984375,8882.232421875,560.7525634765625,465.81781005859375,96.16883850097656
2018-06-27,41717.98828125,8512.1396484375,560.851318359375,477.05938720703125,95.7553939819336
2018-06-28,41997.8515625,8512.1396484375,564.0379638671875,498.95751953125,95.91844177246094
2018-06-29,41910.8984375,8512.1396484375,564.0379638671875,495.2232971191406,96.9200439453125
2018-07-02,41734.05078125,8512.1396484375,568.01513671875,481.7685546875,98.17201232910156
2018-07-03,41564.421875,8512.1396484375,576.471435546875,482.0317687988281,97.3043441772461
2018-07-04,,8364.103515625,559.0975952148438,460.1531982421875,94.00847625732422
2018-07-05,40238.80859375,8087.27294921875,563.996826171875,473.6859436035156,93.63577270507812
2018-07-06,40284.140625,8087.27294921875,563.996826171875,472.1844482421875,93.61831665039062
2018-07-09,39288.48046875,8087.27294921875,547.5697021484375,455.999755859375,91.28324890136719
2018-07-10,39452.80859375,8098.2275390625,546.746337890625,461.56689453125,93.9385986328125
2018-07-11,39586.76171875,7697.93359375,546.3345336914062,468.1870422363281,92.348876953125
2018-07-12,39875.12109375,7697.93359375,546.746337890625,468.6842956542969,93.14083099365234
2018-07-13,40271.0,7697.93359375,559.9126586914062,470.6732177734375,97.79350280761719
2018-07-16,39665.76953125,7697.93359375,543.45263671875,451.1345520019531,95.5224609375
2018-07-17,39932.98046875,8082.83251953125,547.5697021484375,465.50579833984375,95.2662582397461
2018-07-18,40897.8984375,7760.85009765625,559.8468017578125,485.0249938964844,98.99885559082031
2018-07-19,41795.58984375,8148.8935546875,559.8468017578125,504.7098693847656,101.83473205566406
2018-07-20,41221.75,8148.8935546875,535.8196411132812,493.8876037597656,99.40650177001953
2018-07-23,40463.98046875,7866.91845703125,528.153564453125,479.204345703125,97.28105163574219
2018-07-24,41339.21875,7771.95166015625,539.7637939453125,496.1788024902344,98.96395111083984
2018-07-25,,7771.95166015625,539.7637939453125,496.1788024902344,98.96395111083984
2018-07-26,42089.16015625,7771.95166015625,556.8661499023438,512.334228515625,100.36148834228516
2018-07-27,42786.44921875,7766.90234375,568.155029296875,535.285400390625,104.61819458007812
2018-07-30,43556.62890625,8134.64501953125,568.278564453125,562.0486450195312,108.00143432617188
2018-07-31,42712.4296875,7919.24951171875,568.1468505859375,537.1962890625,103.40696716308594
2018-08-01,42810.0390625,7771.95166015625,568.1468505859375,539.8970336914062,102.5393295288086
2018-08-02,42330.3203125,7845.962890625,565.2730712890625,523.70263671875,97.41498565673828
2018-08-03,42505.05078125,7845.962890625,565.2730712890625,519.1786499023438,94.36370086669922
2018-08-06,42808.66015625,7549.89599609375,555.0626831054688,532.838134765625,94.63738250732422
2018-08-07,42760.12890625,7623.91552734375,554.4287719726562,543.7481689453125,93.798828125
2018-08-08,42731.859375,7623.91552734375,559.9044189453125,534.8173828125,93.82210540771484
2018-08-09,42923.94921875,7623.91552734375,559.9044189453125,548.6035766601562,94.10165405273438
2018-08-10,42842.1796875,7623.91552734375,554.5111083984375,556.3060302734375,93.72311401367188
2018-08-13,42637.578125,7623.91552734375,543.8726196289062,552.6107788085938,92.16255187988281
2018-08-14,,7623.91552734375,543.8726196289062,552.6107788085938,92.16255187988281
2018-08-15,42446.55859375,7623.91552734375,550.0399169921875,554.4340209960938,91.17843627929688
2018-08-16,41960.80078125,7623.91552734375,555.7955932617188,544.4697265625,88.48815155029297
2018-08-17,42446.62109375,7623.91552734375,541.8057861328125,556.2962646484375,88.36003875732422
2018-08-20,42425.1015625,7623.91552734375,540.982421875,562.9651489257812,89.71683502197266
2018-08-21,,7623.91552734375,540.982421875,562.9651489257812,89.71683502197266
2018-08-22,,7623.91552734375,540.982421875,562.9651489257812,89.71683502197266
2018-08-23,,7623.91552734375,540.982421875,562.9651489257812,89.71683502197266
2018-08-24,42588.2890625,7623.91552734375,549.6117553710938,563.4916381835938,89.0762939453125
2018-08-27,42745.78125,7623.91552734375,547.5697021484375,569.0587768554688,89.37908172607422
2018-08-28,42544.46875,7538.7939453125,543.45263671875,565.0809326171875,89.44898223876953
2018-08-29,42249.44140625,7901.70361328125,543.45263671875,555.6430053710938,89.5246810913086
2018-08-30,41863.51953125,7841.84130859375,545.5853271484375,537.6935424804688,88.23192596435547
2018-08-31,41742.23828125,7841.84130859375,550.0914916992188,527.2515869140625,87.94660186767578
2018-09-03,,7841.84130859375,547.1820678710938,523.9755249023438,88.1736831665039
2018-09-04,41753.890625,7841.84130859375,543.4198608398438,529.835205078125,88.51142883300781
2018-09-05,41620.9609375,7841.84130859375,522.318603515625,525.6719970703125,88.67450714111328
2018-09-06,41266.390625,7449.82470703125,509.8450012207031,511.3105163574219,89.72846221923828
2018-09-07,40854.76953125,7449.82470703125,498.3829650878906,499.23046875,89.0251235961914
2018-09-10,40684.05078125,7449.82470703125,485.0148620605469,495.7303161621094,86.80375671386719
2018-09-11,40759.53125,7449.82470703125,475.06610107421875,495.2818298339844,86.2235107421875
2018-09-12,40522.0390625,7077.33740234375,480.7678527832031,474.65447998046875,85.865966796875
2018-09-13,41049.91015625,7077.33740234375,485.7254943847656,487.1736755371094,86.44036102294922
2018-09-14,40920.30859375,7077.33740234375,484.8978271484375,493.57025146484375,84.80510711669922
2018-09-17,40520.46875,7077.33740234375,484.8978271484375,481.35418701171875,83.95523834228516
2018-09-18,41238.0703125,7077.33740234375,497.455078125,505.1994323730469,85.25640869140625
2018-09-19,41320.12890625,6723.93115234375,492.42205810546875,500.10369873046875,85.96561431884766
2018-09-20,,6723.93115234375,492.42205810546875,500.10369873046875,85.96561431884766
2018-09-21,,6723.93115234375,492.42205810546875,500.10369873046875,85.96561431884766
2018-09-24,41004.55078125,7059.90234375,495.76617431640625,483.5646057128906,87.0030288696289
2018-09-25,41036.30078125,7107.79150390625,493.25811767578125,491.3402099609375,87.00889587402344
2018-09-26,40909.91015625,7107.79150390625,488.24200439453125,485.40338134765625,86.07696533203125
2018-09-27,40851.80078125,7107.79150390625,495.4067077636719,496.8369445800781,86.38177490234375
2018-09-28,40998.58984375,7107.79150390625,515.872802734375,501.68817138671875,88.7203598022461
2018-10-01,40929.44140625,7107.79150390625,515.872802734375,496.0740661621094,88.97825622558594
2018-10-02,40800.25,7108.5400390625,509.97882080078125,493.795166015625,87.3605728149414
2018-10-03,40560.19140625,7108.5400390625,497.4383544921875,489.84381103515625,86.85063171386719
2018-10-04,40087.12109375,7108.5400390625,472.56640625,482.38116455078125,84.91059875488281
2018-10-05,39226.3515625,6753.11181640625,451.8746643066406,469.8619384765625,83.25776672363281
2018-10-08,37898.2890625,6753.11181640625,430.50567626953125,446.3688659667969,79.09632873535156
2018-10-09,38504.83984375,6753.11181640625,426.3756408691406,450.34954833984375,79.67073822021484
2018-10-10,38792.08984375,6753.11181640625,418.0154113769531,459.2499694824219,80.81364440917969
2018-10-11,38398.30078125,6753.11181640625,418.0154113769531,438.4758605957031,78.46332550048828
2018-10-12,37517.9296875,6753.11181640625,418.0154113769531,416.5574645996094,76.98632049560547
2018-10-15,36767.5703125,6753.11181640625,406.3109436035156,400.5270080566406,76.30055236816406
2018-10-16,36663.37890625,6734.40478515625,418.5671691894531,387.1861877441406,75.01695251464844
2018-10-17,37647.33984375,6734.40478515625,434.72760009765625,405.6129150390625,76.03093719482422
2018-10-18,37982.25,6734.40478515625,438.14703369140625,410.48370361328125,74.9876480102539
2018-10-19,38430.26953125,6734.40478515625,429.9706115722656,425.3893737792969,74.49530792236328
2018-10-22,38345.421875,6734.40478515625,438.9161376953125,415.5304870605469,75.61478424072266
2018-10-23,37714.8984375,6734.40478515625,423.7589111328125,398.3850402832031,73.32308197021484
2018-10-24,39271.12109375,6734.40478515625,444.9439392089844,418.29840087890625,76.98632049560547
2018-10-25,39631.91015625,6734.40478515625,457.30877685546875,439.2094421386719,73.62786865234375
2018-10-26,40556.44921875,7067.3857421875,452.2926330566406,461.1669616699219,77.23833465576172
2018-10-29,41453.76171875,7108.5400390625,468.1855773925781,484.2198791503906,81.09498596191406
2018-10-30,41609.03125,7108.5400390625,472.35736083984375,495.6046142578125,84.93990325927734
2018-10-31,41649.359375,7108.5400390625,467.62548828125,486.0489196777344,85.36775207519531
2018-11-01,41716.1015625,7108.5400390625,470.6852722167969,475.85748291015625,84.59994506835938
2018-11-02,42004.08984375,7108.5400390625,467.5669860839844,487.15411376953125,86.24107360839844
2018-11-05,41493.9609375,7165.107421875,457.30877685546875,472.9134521484375,85.23296356201172
2018-11-06,40958.53125,7240.529296875,447.2764587402344,461.1767272949219,83.1639633178711
2018-11-07,41543.98046875,7240.529296875,447.2764587402344,483.5254821777344,84.01385498046875
2018-11-08,41367.37890625,7240.529296875,447.2764587402344,474.18499755859375,82.95882415771484
2018-11-09,41388.87890625,7240.529296875,455.63677978515625,477.3245849609375,81.52872467041016
2018-11-12,41096.328125,6878.5029296875,463.99700927734375,459.65093994140625,80.83123779296875
2018-11-13,41152.28125,6878.5029296875,455.63677978515625,458.52618408203125,81.01880645751953
2018-11-14,40994.05078125,6878.5029296875,460.18475341796875,471.8963317871094,81.62248992919922
2018-11-15,41428.62890625,6750.28662109375,474.865478515625,486.26409912109375,85.63152313232422
2018-11-16,41660.75,6787.80712890625,482.40643310546875,495.5556945800781,84.9223403930664
2018-11-19,41352.76953125,6787.99560546875,485.6419372558594,489.8829040527344,83.42186737060547
2018-11-20,41419.23828125,6787.99560546875,485.73382568359375,495.1644592285156,83.29293060302734
2018-11-21,,6787.99560546875,485.73382568359375,495.1644592285156,83.29293060302734
2018-11-22,,6787.99560546875,493.25811767578125,497.462890625,79.98135375976562
2018-11-23,40869.28125,6787.99560546875,500.7740173339844,520.7604370117188,80.09272003173828
2018-11-26,40771.55078125,6784.224609375,485.9429016113281,509.3953552246094,81.34115600585938
2018-11-27,40894.21875,6784.224609375,486.5699462890625,507.81085205078125,83.60356140136719
2018-11-28,40704.80078125,6784.224609375,481.82958984375,503.7420349121094,82.64234161376953
2018-11-29,40638.828125,6784.224609375,479.0456237792969,506.23614501953125,83.5859603881836
2018-11-30,40496.03125,6784.224609375,479.0456237792969,483.08538818359375,81.97418975830078
2018-12-03,39160.6015625,6494.6044921875,464.0890808105469,458.9369812011719,78.77982330322266
2018-12-04,39602.87109375,6818.919921875,471.93939208984375,452.3741760253906,80.94261169433594
2018-12-05,,6561.7294921875,461.5725402832031,448.941162109375,79.72348022460938
2018-12-06,38300.62109375,6599.44091796875,451.4649353027344,439.6690979003906,77.67207336425781
2018-12-07,38562.05078125,6599.44091796875,451.4649353027344,459.2890625,78.2567367553711
2018-12-10,39299.62109375,6599.44091796875,452.3260498046875,469.9402160644531,80.90250396728516
2018-12-11,38851.9609375,6599.44091796875,445.5876159667969,471.6224670410156,79.13078308105469
2018-12-12,38307.44140625,6599.44091796875,430.55584716796875,465.9888000488281,76.87480163574219
2018-12-13,38011.62890625,6599.44091796875,442.24346923828125,467.91558837890625,76.54407501220703
2018-12-14,38585.66015625,6599.44091796875,442.24346923828125,473.6079406738281,78.07955169677734
2018-12-17,38309.171875,6674.8623046875,451.4565734863281,473.71551513671875,75.48103332519531
2018-12-18,38115.80859375,6901.13134765625,457.726806640625,467.27008056640625,73.84516143798828
2018-12-19,38063.1484375,6901.13134765625,472.56640625,470.4683532714844,74.10501098632812
2018-12-20,38236.51953125,6901.13134765625,463.0941162109375,476.31719970703125,73.69161224365234
2018-12-21,38251.0390625,6901.13134765625,460.6529541015625,476.1997985839844,73.57939910888672
2018-12-24,38308.921875,6901.13134765625,464.82476806640625,474.99676513671875,73.46127319335938
2018-12-25,,6901.13134765625,464.82476806640625,474.99676513671875,73.46127319335938
2018-12-26,38218.0703125,6901.13134765625,471.9979248046875,472.00390625,73.99869537353516
2018-12-27,37853.5703125,6787.99560546875,489.0780029296875,455.5137634277344,72.38054656982422
2018-12-28,37167.01953125,6787.99560546875,508.70794677734375,445.56683349609375,71.01631927490234
2018-12-31,37066.671875,6787.99560546875,527.5771484375,425.1351013183594,71.1344223022461
2019-01-01,,7089.68505859375,513.3898315429688,445.07781982421875,72.78803253173828
2019-01-02,37795.25,6735.201171875,500.78240966796875,429.7221984863281,72.72306060791016
2019-01-03,37542.01171875,6411.6396484375,501.618408203125,432.49993896484375,72.94157409667969
2019-01-04,37547.48828125,6184.6181640625,502.4544982910156,432.0206298828125,74.06365966796875
2019-01-07,38562.3984375,6184.6181640625,497.4383544921875,451.1711120605469,76.53816223144531
2019-01-08,39052.5,6183.8662109375,497.4383544921875,460.0715637207031,77.02243041992188
2019-01-09,38921.69140625,6260.0400390625,497.4383544921875,451.99273681640625,77.63663482666016
2019-01-10,39090.28125,6260.0400390625,497.4383544921875,452.2176513671875,77.96734619140625
2019-01-11,39049.078125,6260.0400390625,522.3101806640625,448.58905029296875,78.50477600097656
2019-01-14,39412.55078125,6260.0400390625,542.0321044921875,457.4209289550781,79.28433227539062
2019-01-15,39614.171875,6109.1962890625,536.2886352539062,458.7902526855469,79.50874328613281
2019-01-16,39271.94140625,6109.1962890625,550.8523559570312,451.0342102050781,79.91033172607422
2019-01-17,39243.890625,6109.1962890625,554.3134765625,456.1396789550781,79.94576263427734
2019-01-18,39306.5,5958.3515625,549.9911499023438,453.27398681640625,79.16621398925781
2019-01-21,,6057.15478515625,550.2085571289062,445.9873962402344,81.45762634277344
2019-01-22,39902.2109375,6109.1962890625,540.7196655273438,449.1465148925781,83.56597137451172
2019-01-23,40057.8515625,6109.1962890625,546.8311157226562,448.78466796875,85.40266418457031
2019-01-24,40289.16015625,6184.6181640625,552.3404541015625,458.0860290527344,87.41059112548828
2019-01-25,40264.78125,6184.6181640625,549.347412109375,454.9856262207031,88.16064453125
2019-01-28,40420.08984375,6184.6181640625,551.8889770507812,458.1838684082031,88.52678680419922
2019-01-29,40624.390625,6184.6181640625,555.96044921875,459.9443359375,88.15473937988281
2019-01-30,40607.12109375,6486.30810546875,555.659423828125,457.5578918457031,88.04253387451172
2019-01-31,40799.51953125,6486.30810546875,576.86962890625,458.97607421875,87.92438507080078
2019-02-01,41112.7109375,6418.427734375,571.218017578125,470.3607482910156,89.07601165771484
2019-02-04,41614.390625,6712.572265625,573.4000244140625,492.4943542480469,89.43037414550781
2019-02-05,,6712.572265625,573.4000244140625,492.4943542480469,89.43037414550781
2019-02-06,41505.6796875,6787.99560546875,572.6809692382812,492.7584228515625,88.27875518798828
2019-02-07,41332.75,6637.15283203125,573.1492309570312,485.63812255859375,87.83582305908203
2019-02-08,40887.3515625,6637.15283203125,573.43359375,480.4054870605469,86.0582046508789
2019-02-11,40326.53125,6637.15283203125,566.8120727539062,467.81781005859375,83.93804931640625
2019-02-12,40596.28125,6637.15283203125,572.3550415039062,485.6479187011719,82.62696838378906
2019-02-13,40544.109375,6637.15283203125,575.7744140625,482.5082702636719,82.88682556152344
2019-02-14,40506.98046875,6637.15283203125,578.9012451171875,476.73773193359375,83.43606567382812
2019-02-15,40486.671875,6637.15283203125,574.6373901367188,474.7619934082031,83.22936248779297
2019-02-18,,6712.572265625,574.33642578125,466.7908020019531,82.98722076416016
2019-02-19,39957.0703125,6712.572265625,571.844970703125,471.17254638671875,81.1977767944336
2019-02-20,40279.37890625,6712.572265625,556.7882080078125,478.15594482421875,82.30215454101562
2019-02-21,40070.7109375,6712.572265625,567.4892578125,483.5059509277344,79.80403900146484
2019-02-22,40016.12890625,6712.572265625,562.2808837890625,481.1292419433594,78.84729766845703
2019-02-25,39606.7890625,6486.30810546875,562.96630859375,472.1603698730469,76.82754516601562
2019-02-26,38821.671875,6410.88525390625,545.836181640625,456.9710388183594,76.22516632080078
2019-02-27,38692.69140625,6410.88525390625,534.8004760742188,455.0540771484375,76.84527587890625
2019-02-28,39054.6015625,6184.6181640625,545.367919921875,456.5015869140625,77.61891174316406
2019-03-01,39539.01171875,6184.6181640625,540.911865234375,459.3086242675781,80.04026794433594
2019-03-04,39749.73828125,6184.6181640625,535.0596923828125,461.7831726074219,81.51667785644531
2019-03-05,39688.51171875,6184.6181640625,535.0596923828125,459.3183898925781,81.43400573730469
2019-03-06,39568.1015625,6184.6181640625,533.3374633789062,462.97637939453125,80.66036224365234
2019-03-07,39294.1015625,6184.6181640625,506.6848449707031,457.00042724609375,80.64855194091797
2019-03-08,38950.23046875,6184.6181640625,522.6028442382812,449.8605651855469,80.30599975585938
2019-03-11,38924.109375,6184.6181640625,522.4356079101562,450.6331787109375,80.29420471191406
2019-03-12,38896.48828125,6184.6181640625,535.0178833007812,453.5870056152344,79.10124969482422
2019-03-13,38928.9296875,6184.6181640625,537.542724609375,451.1907043457031,79.7449722290039
2019-03-14,38808.609375,6184.6181640625,539.5910034179688,444.168212890625,79.733154296875
2019-03-15,38306.94921875,6184.6181640625,536.8153686523438,425.54583740234375,78.48115539550781
2019-03-18,38851.94921875,6184.6181640625,540.8617553710938,435.6786193847656,81.81378173828125
2019-03-19,38612.37109375,6184.6181640625,533.8056030273438,426.4358825683594,80.84202575683594
2019-03-20,38547.76171875,6184.6181640625,537.1748046875,425.3796081542969,80.84202575683594
2019-03-21,38384.7109375,6183.8662109375,539.2398071289062,423.9222717285156,81.03877258300781
2019-03-22,38531.87109375,5874.6708984375,539.2398071289062,420.3914794921875,81.42626953125
2019-03-25,38128.66015625,5580.94091796875,539.323486328125,408.7035827636719,81.40840911865234
2019-03-26,38329.12890625,5521.748046875,535.0596923828125,410.454345703125,81.2414779663086
2019-03-27,38965.01171875,5279.15966796875,535.0596923828125,426.4358825683594,81.07452392578125
2019-03-28,38552.94921875,5303.6953125,533.2621459960938,413.4276428222656,80.24583435058594
2019-03-29,38649.33984375,5424.21142578125,532.9947509765625,418.8460998535156,78.98790740966797
2019-04-01,38354.8515625,5279.55322265625,522.5191650390625,408.75250244140625,78.69576263427734
2019-04-02,38036.03125,5132.857421875,522.4190063476562,409.5740966796875,76.65087127685547
2019-04-03,38022.80078125,5339.32470703125,519.091552734375,416.2835998535156,75.44660949707031
2019-04-04,37516.109375,5328.0869140625,507.9388427734375,408.5764465332031,74.60598754882812
2019-04-05,37521.80859375,5501.59521484375,501.82745361328125,408.9774475097656,74.31385040283203
2019-04-08,36921.91015625,5644.595703125,480.7177429199219,389.11297607421875,74.69540405273438
2019-04-09,37129.96875,5648.1171875,480.7177429199219,380.2419128417969,74.08729553222656
2019-04-10,36579.3203125,5858.794921875,476.5375671386719,361.52178955078125,73.17514038085938
2019-04-11,36787.640625,5874.6708984375,472.36578369140625,369.2876281738281,73.69978332519531
2019-04-12,37337.87109375,5867.84521484375,479.1574401855469,387.36224365234375,75.04119110107422
2019-04-15,37504.078125,6079.02734375,466.884765625,388.193603515625,76.31702423095703
2019-04-16,37381.94921875,5957.5986328125,476.61273193359375,388.7999572753906,76.03680419921875
2019-04-17,36752.5703125,5733.9716796875,475.3275451660156,385.3669738769531,72.30472564697266
2019-04-18,36811.859375,5733.9716796875,474.4934997558594,378.76507568359375,73.81304168701172
2019-04-19,,6008.140625,482.7575988769531,379.7039794921875,75.77447509765625
2019-04-22,36901.69140625,5923.72265625,482.7575988769531,373.44439697265625,73.62227630615234
2019-04-23,36404.03125,5924.48291015625,463.53143310546875,365.3948974609375,72.3643569946289
2019-04-24,36504.25,6083.43212890625,440.3645935058594,365.8546142578125,72.86511993408203
2019-04-25,36796.03125,5856.03515625,435.76019287109375,369.0333251953125,75.66717529296875
2019-04-26,37130.62890625,5833.470703125,432.0920104980469,387.14703369140625,75.80430603027344
2019-04-29,37026.26953125,5802.798828125,427.5386047363281,382.6479797363281,76.4302978515625
2019-04-30,36784.44140625,5894.06201171875,418.9936218261719,379.8800354003906,75.90565490722656
2019-05-01,,5894.06201171875,418.9936218261719,379.8800354003906,75.90565490722656
2019-05-02,36547.62890625,5599.35888671875,425.5470886230469,378.61834716796875,75.19620513916016
2019-05-03,36122.94921875,5599.35888671875,425.5470886230469,378.61834716796875,75.19620513916016
2019-05-06,35605.421875,5599.35888671875,428.90887451171875,360.5046081542969,72.8830337524414
2019-05-07,35631.05859375,5677.31298828125,428.90887451171875,353.0713195800781,76.1977767944336
2019-05-08,35035.03125,5677.31298828125,408.7464599609375,351.0369567871094,75.9414291381836
2019-05-09,34887.640625,5485.2802734375,411.9295349121094,357.1791687011719,74.36154174804688
2019-05-10,34716.53125,5757.16650390625,411.9295349121094,356.98358154296875,73.81304168701172
2019-05-13,33900.37890625,5757.16650390625,391.4181823730469,349.4818420410156,73.61631774902344
2019-05-14,33885.08984375,5757.16650390625,384.6945495605469,348.6211242675781,73.88460540771484
2019-05-15,34291.6484375,5469.30810546875,396.8566589355469,352.1715087890625,72.88898468017578
2019-05-16,33971.12109375,5513.03857421875,402.6015930175781,343.2417907714844,71.4283447265625
2019-05-17,33166.62109375,5467.40869140625,386.5243835449219,336.71807861328125,70.89774322509766
2019-05-20,33250.5390625,5474.2529296875,382.99237060546875,338.4003601074219,72.47760772705078
2019-05-21,33442.1015625,5353.21533203125,382.99237060546875,348.6504821777344,71.28526306152344
2019-05-22,34637.140625,5353.21533203125,382.7455139160156,366.07958984375,73.78324127197266
2019-05-23,35581.33984375,5205.794921875,397.15460205078125,384.379150390625,75.79237365722656
2019-05-24,35703.80859375,5391.35595703125,395.3332214355469,395.93011474609375,75.27965545654297
2019-05-27,,5391.35595703125,402.2951965332031,396.1061096191406,75.55986785888672
2019-05-28,34949.28125,5582.24560546875,400.41424560546875,392.7220458984375,73.30630493164062
2019-05-29,35959.4296875,5582.24560546875,400.41424560546875,392.7220458984375,73.30630493164062
2019-05-30,35974.7890625,5436.60595703125,402.5590515136719,414.5133056640625,73.63421630859375
2019-05-31,,5436.60595703125,402.5590515136719,414.5133056640625,73.63421630859375
2019-06-03,35505.2890625,5436.60595703125,414.60198974609375,403.5296325683594,75.96527099609375
2019-06-04,,5436.60595703125,414.60198974609375,403.5296325683594,75.96527099609375
2019-06-05,,5436.60595703125,414.60198974609375,403.5296325683594,75.96527099609375
2019-06-06,,5436.60595703125,414.60198974609375,403.5296325683594,75.96527099609375
2019-06-07,,5436.60595703125,414.60198974609375,403.5296325683594,75.96527099609375
2019-06-10,34567.55078125,5283.376953125,409.43304443359375,384.369384765625,73.64612579345703
2019-06-11,34659.8515625,5283.376953125,409.43304443359375,377.6109313964844,73.13937377929688
2019-06-12,34937.9296875,5283.376953125,398.03118896484375,381.84600830078125,74.58810424804688
2019-06-13,35403.0703125,5283.376953125,400.2951354980469,393.2110595703125,74.94337463378906
2019-06-14,35572.94921875,5389.83544921875,400.2951354980469,407.97003173828125,74.60615539550781
2019-06-17,35168.8203125,5316.05615234375,393.4863586425781,399.7250061035156,74.27494812011719
2019-06-18,34681.71875,5135.27880859375,393.4863586425781,391.9102783203125,74.02204132080078
2019-06-19,34656.12109375,5208.830078125,396.1162414550781,392.61444091796875,73.48607635498047
2019-06-20,34995.91015625,5095.51171875,396.1162414550781,397.3580322265625,74.04009246826172
2019-06-21,35125.25,5208.06884765625,396.1162414550781,396.8494567871094,73.65469360351562
2019-06-24,34471.94921875,5260.92529296875,376.311279296875,377.01434326171875,72.4322280883789
2019-06-25,34190.62109375,5084.3466796875,373.1026306152344,370.2950439453125,72.14920806884766
2019-06-26,34088.55859375,5170.80322265625,373.21331787109375,372.3392028808594,70.22819519042969
2019-06-27,33774.421875,5070.3154296875,386.89031982421875,364.9841613769531,68.87326049804688
2019-06-28,33901.578125,5070.3154296875,403.9633483886719,372.1239929199219,68.204833984375
2019-07-01,33996.328125,5322.908203125,389.2819519042969,369.1311340332031,69.35499572753906
2019-07-02,34307.109375,5133.5380859375,391.5032958984375,375.2440185546875,70.66175842285156
2019-07-03,34896.55078125,5132.77685546875,399.1631774902344,387.5382995605469,72.40813446044922
2019-07-04,,5132.77685546875,380.2944030761719,376.0362854003906,72.7574234008789
2019-07-05,34190.01953125,5171.564453125,380.2944030761719,370.216796875,71.51087951660156
2019-07-08,33742.6796875,5171.564453125,361.28094482421875,367.6053771972656,69.4814453125
2019-07-09,33855.578125,5170.80322265625,369.3748474121094,370.53955078125,69.54169464111328
2019-07-10,33840.05078125,5171.564453125,368.8982238769531,372.8673400878906,69.9873275756836
2019-07-11,33875.3984375,5171.564453125,361.7149963378906,372.47607421875,71.23986053466797
2019-07-12,33672.48828125,5171.564453125,361.7149963378906,370.17767333984375,71.5951919555664
2019-07-15,32958.3515625,5171.564453125,357.37445068359375,362.07928466796875,71.64937591552734
2019-07-16,32972.01953125,5171.564453125,339.81634521484375,370.3928527832031,72.51653289794922
2019-07-17,32981.98828125,5399.720703125,340.4376525878906,371.3219909667969,73.23316192626953
2019-07-18,32309.5390625,5171.564453125,323.415771484375,368.2117614746094,71.26396942138672
2019-07-19,32458.76953125,4912.98583984375,309.1940002441406,376.7893371582031,71.4024887084961
2019-07-22,32584.55078125,4912.98583984375,313.330322265625,377.6696472167969,72.90798950195312
2019-07-23,32715.880859375,4667.861328125,314.90484619140625,380.4864807128906,73.41983032226562
2019-07-24,32401.400390625,4449.06640625,318.29217529296875,377.1121520996094,72.16124725341797
2019-07-25,32446.400390625,4665.80810546875,318.7262268066406,374.4909362792969,72.84172058105469
2019-07-26,32103.26953125,4432.5244140625,311.7557678222656,372.280517578125,72.4141616821289
2019-07-29,31734.23046875,4432.5244140625,303.5597229003906,367.1945495605469,72.48040008544922
2019-07-30,31658.119140625,4224.7119140625,316.37725830078125,366.8033447265625,71.66743469238281
2019-07-31,31938.48046875,4334.98681640625,314.2835388183594,369.6495056152344,72.4322280883789
2019-08-01,31839.109375,4182.88232421875,306.8194580078125,368.0259094238281,72.26361083984375
2019-08-02,31666.41015625,4334.98681640625,307.2449951171875,371.2828369140625,71.04115295410156
2019-08-05,31180.80078125,4486.33203125,310.64935302734375,367.7618408203125,69.55976104736328
2019-08-06,31000.669921875,4486.33203125,310.64935302734375,366.3631896972656,69.78857421875
2019-08-07,30277.44921875,4486.33203125,310.64935302734375,355.9957580566406,68.86721801757812
2019-08-08,29737.98046875,4573.03173828125,301.69586181640625,344.9729309082031,66.77157592773438
2019-08-09,29429.0703125,4791.30126953125,308.9471740722656,338.9383239746094,63.93524169921875
2019-08-12,,4791.30126953125,308.9471740722656,338.9383239746094,63.93524169921875
2019-08-13,,4791.30126953125,308.9471740722656,338.9383239746094,63.93524169921875
2019-08-14,,4791.30126953125,308.9471740722656,338.9383239746094,63.93524169921875
2019-08-15,,4791.30126953125,308.9471740722656,338.9383239746094,63.93524169921875
2019-08-16,28764.630859375,4787.5,308.9471740722656,322.06671142578125,63.92319107055664
2019-08-19,29562.419921875,4548.12451171875,298.3084716796875,331.270263671875,67.11480712890625
2019-08-20,30419.220703125,4662.0126953125,305.5428161621094,337.8819885253906,70.46904754638672
2019-08-21,30972.75,4662.0126953125,306.6917724609375,352.3964538574219,71.83604431152344
2019-08-22,31884.44921875,4705.82666015625,306.5130615234375,366.9403076171875,72.89591979980469
2019-08-23,31350.009765625,4705.82666015625,306.3938903808594,359.4189758300781,71.0953369140625
2019-08-26,30520.599609375,4689.90234375,308.0960388183594,342.50823974609375,69.81266784667969
2019-08-27,30584.849609375,4701.5595703125,300.8532409667969,353.5603332519531,68.36739349365234
2019-08-28,30637.7109375,4466.55810546875,287.822998046875,352.6409606933594,68.19879913330078
2019-08-29,30158.9609375,4411.0390625,287.822998046875,343.5156555175781,66.68728637695312
2019-08-30,29672.119140625,4631.59228515625,286.8186950683594,342.3517150878906,65.98271179199219
2019-09-02,,4631.59228515625,286.8186950683594,343.9655456542969,66.83781433105469
2019-09-03,29809.6796875,4635.39404296875,277.4566955566406,333.20684814453125,66.67523193359375
2019-09-04,30244.73046875,4635.39404296875,276.5970764160156,349.1297302246094,66.40423583984375
2019-09-05,30214.76953125,4403.6240234375,269.79681396484375,345.0218811035156,67.85999298095703
2019-09-06,30467.19921875,4486.33203125,269.79681396484375,342.3028564453125,70.8323974609375
2019-09-09,,4486.33203125,269.79681396484375,342.3028564453125,70.8323974609375
2019-09-10,,4486.33203125,269.79681396484375,342.3028564453125,70.8323974609375
2019-09-11,30954.830078125,4340.08740234375,272.35009765625,333.5067138671875,74.13983154296875
2019-09-12,31546.609375,4440.765625,272.35009765625,350.1761779785156,75.09002685546875
2019-09-13,31481.310546875,4440.765625,272.35009765625,366.57073974609375,72.45870208740234
2019-09-16,31928.55078125,4548.888671875,272.35009765625,358.717041015625,74.08500671386719
2019-09-17,31908.919921875,4357.943359375,276.60552978515625,346.43585205078125,75.40675354003906
2019-09-18,31555.470703125,4357.943359375,276.60552978515625,333.8503112792969,74.85857391357422
2019-09-19,32184.029296875,4357.943359375,285.11651611328125,346.2984313964844,76.0706787109375
2019-09-20,32111.099609375,4357.943359375,285.11651611328125,340.2314453125,75.36412048339844
2019-09-23,31751.2109375,4357.943359375,285.11651611328125,333.82086181640625,73.65254974365234
2019-09-24,31829.240234375,4440.765625,286.8102111816406,337.34521484375,73.13481903076172
2019-09-25,31565.2109375,4312.17626953125,290.8273620605469,335.440673828125,71.7886962890625
2019-09-26,31433.890625,4312.17626953125,297.8999328613281,333.2514953613281,70.02839660644531
2019-09-27,32070.810546875,4312.17626953125,296.70843505859375,341.3800048828125,72.84243774414062
2019-09-30,32078.849609375,4312.17626953125,299.4830017089844,335.8726501464844,71.97752380371094
2019-10-01,32254.3203125,4312.17626953125,292.0784606933594,342.99005126953125,72.44044494628906
2019-10-02,32363.349609375,4312.17626953125,293.6274719238281,346.2100524902344,75.57122802734375
2019-10-03,32752.25,4263.13525390625,289.5932922363281,355.7915344238281,76.75286865234375
2019-10-04,33033.3203125,4263.13525390625,289.669921875,356.8812561035156,76.75895690917969
2019-10-07,33636.8203125,4309.4736328125,296.5722351074219,369.5845642089844,77.05133056640625
2019-10-08,33476.62109375,4255.41162109375,291.1337890625,364.97052001953125,77.82489013671875
2019-10-09,33523.73828125,4263.13525390625,295.9849853515625,356.8812561035156,78.51927947998047
2019-10-10,34027.69921875,4263.13525390625,303.50018310546875,371.106201171875,79.71311950683594
2019-10-11,34475.69140625,4143.427734375,308.6578369140625,381.30621337890625,82.56977844238281
2019-10-14,34186.26171875,4143.427734375,305.11724853515625,367.5426330566406,80.98002624511719
2019-10-15,34083.53125,4143.427734375,305.5597839355469,364.9999694824219,81.33940124511719
2019-10-16,34281.08984375,4297.88916015625,304.3512878417969,362.7518615722656,81.86322784423828
2019-10-17,33898.55859375,4266.99560546875,289.1336669921875,356.2922058105469,79.84102630615234
2019-10-18,33870.1484375,4451.763671875,277.1842956542969,358.530517578125,78.38526916503906
2019-10-21,33084.73046875,4633.8427734375,268.1712951660156,342.2439270019531,76.51531982421875
2019-10-22,33198.9609375,4865.53369140625,267.8988952636719,343.0096435546875,77.36196899414062
2019-10-23,33439.69140625,5104.94970703125,262.9625244140625,339.809326171875,77.30714416503906
2019-10-24,33762.48046875,5352.08740234375,268.17974853515625,338.7392272949219,77.95281982421875
2019-10-25,33657.4609375,5245.5087890625,268.35845947265625,338.513427734375,77.0818099975586
2019-10-28,33861.58984375,5245.5087890625,268.869140625,348.3599853515625,78.09291076660156
2019-10-29,33797.51171875,5245.5087890625,270.1117248535156,344.0110168457031,78.00152587890625
2019-10-30,33761.41015625,5131.98095703125,270.19683837890625,338.9454040527344,77.41679382324219
2019-10-31,34203.6796875,4942.76416015625,267.9925537109375,345.1890563964844,77.93452453613281
2019-11-01,34377.609375,4980.60791015625,264.30731201171875,356.05657958984375,78.55580139160156
2019-11-04,35277.4609375,4980.60791015625,272.3415832519531,372.88311767578125,82.10078430175781
2019-11-05,35358.30859375,4992.96484375,271.6607360839844,367.68988037109375,81.6500473022461
2019-11-06,35653.328125,5235.47021484375,277.8822326660156,374.4538269042969,81.93022918701172
2019-11-07,35758.51953125,5058.60986328125,278.8013916015625,371.194580078125,82.34832000732422
2019-11-08,35978.16015625,5058.60986328125,281.3376770019531,376.8590393066406,83.25823974609375
2019-11-11,36803.1015625,5058.60986328125,291.1848449707031,388.9242858886719,85.09651947021484
2019-11-12,36765.55859375,5073.94921875,303.6959228515625,382.3762512207031,84.88133239746094
2019-11-13,37166.9609375,5073.94921875,318.87945556640625,385.93988037109375,87.29759216308594
2019-11-14,37243.19921875,5074.103515625,334.8204040527344,382.8572998046875,86.08023834228516
2019-11-15,37583.890625,5094.4404296875,346.63360595703125,381.7087097167969,87.16231536865234
2019-11-18,38411.55859375,4862.03759765625,350.863525390625,399.222412109375,86.95325469970703
2019-11-19,38564.37109375,4907.55078125,355.765869140625,401.7552185058594,86.77497100830078
2019-11-20,38037.6796875,4822.33544921875,351.04229736328125,394.73602294921875,84.38334655761719
2019-11-21,37101.30859375,4897.47265625,336.131103515625,376.49578857421875,82.87703704833984
2019-11-22,37925.7890625,4956.3544921875,345.9867858886719,392.5566101074219,84.78297424316406
2019-11-25,38212.28125,4950.14111328125,361.8937072753906,408.7646484375,85.791259765625
2019-11-26,37795.05078125,4955.580078125,348.6166687011719,398.1719970703125,85.47771453857422
2019-11-27,38122.71875,4956.31494140625,349.0762939453125,398.8297424316406,86.55364990234375
2019-11-28,,4956.31494140625,366.5236511230469,408.8628234863281,86.36919403076172
2019-11-29,39287.6484375,4956.31494140625,384.8477783203125,412.6031188964844,90.02735137939453
2019-12-02,40124.21875,5027.62451171875,388.52447509765625,420.0150451660156,94.52778625488281
2019-12-03,39788.73046875,5279.00537109375,371.7664489746094,408.3915710449219,94.45399475097656
2019-12-04,40270.51953125,5229.0390625,374.3027038574219,419.8481750488281,95.08728790283203
2019-12-05,,5345.2392578125,370.3450927734375,427.2895202636719,96.66732788085938
2019-12-06,40732.25,5612.501953125,370.78765869140625,422.60675048828125,95.89268493652344
2019-12-09,40442.80078125,5893.12646484375,373.63031005859375,410.77716064453125,94.49089813232422
2019-12-10,40664.6015625,6187.78173828125,391.72454833984375,420.7807922363281,94.34950256347656
2019-12-11,40531.421875,6158.64697265625,392.0309753417969,416.4317932128906,94.38023376464844
2019-12-12,40514.171875,6259.35302734375,387.247802734375,412.907470703125,94.64461517333984
2019-12-13,40916.58984375,6274.84619140625,387.85205078125,416.7557373046875,95.91728973388672
2019-12-16,41644.87890625,6569.22314453125,392.79693603515625,424.9825134277344,98.90526580810547
2019-12-17,41768.66015625,6352.3134765625,392.1330871582031,417.99273681640625,101.96089935302734
2019-12-18,41603.7109375,6088.92529296875,400.68658447265625,412.9761962890625,102.01008605957031
2019-12-19,40655.37109375,5790.69140625,396.8992614746094,406.8797607421875,99.35408782958984
2019-12-20,40832.98828125,6042.4443359375,391.6309814453125,409.697265625,99.75988006591797
2019-12-23,40008.2890625,6178.01318359375,384.796630859375,406.0452880859375,96.24311065673828
2019-12-24,40328.3203125,6196.59716796875,383.16259765625,413.555419921875,96.73497009277344
2019-12-25,,6196.59716796875,383.16259765625,413.555419921875,96.73497009277344
2019-12-26,41127.7890625,6184.59814453125,386.44781494140625,416.36309814453125,101.21082305908203
2019-12-27,40848.53125,6184.59814453125,381.6731262207031,412.80926513671875,100.3439712524414
2019-12-30,40887.62109375,6274.84619140625,383.1711120605469,422.89141845703125,97.9830551147461
2019-12-31,40735.078125,6236.11376953125,380.2518310546875,420.5647888183594,96.78416442871094
2020-01-01,,6236.11376953125,382.93280029296875,428.9878845214844,100.16564178466797
2020-01-02,42480.76171875,6391.0478515625,389.0606689453125,450.4284362792969,103.35039520263672
2020-01-03,42323.30078125,6332.94677734375,384.9242858886719,454.9835510253906,100.39928436279297
2020-01-06,41296.23828125,6332.94677734375,373.2643127441406,436.96917724609375,99.12659454345703
2020-01-07,41904.46875,6197.37939453125,374.6601257324219,457.49676513671875,102.63105773925781
2020-01-08,41357.55859375,6198.1552734375,370.7110900878906,468.3053894042969,98.70853424072266
2020-01-09,42523.0703125,6198.1552734375,371.36639404296875,489.3139953613281,103.33196258544922
2020-01-10,43207.05078125,6198.1552734375,374.3367004394531,484.6705017089844,103.97135162353516
2020-01-13,43218.671875,6255.48095703125,370.5663757324219,480.9497985839844,105.12105560302734
2020-01-14,43207.0390625,6197.37939453125,368.0556640625,478.8293151855469,105.2809066772461
2020-01-15,42993.03125,6197.37939453125,370.2259521484375,477.1996765136719,105.01036834716797
2020-01-16,43065.1015625,6197.37939453125,374.48138427734375,477.9261474609375,104.71527862548828
2020-01-17,43167.76953125,6197.37939453125,369.4173583984375,480.2135314941406,105.0288314819336
2020-01-20,,6197.37939453125,362.4299011230469,474.5,103.62704467773438
2020-01-21,42626.48046875,6197.37939453125,357.9957275390625,472.36968994140625,103.29505157470703
2020-01-22,42561.26953125,6197.37939453125,356.4807434082031,486.89898681640625,103.56556701660156
2020-01-23,42506.94921875,6197.37939453125,353.3316955566406,481.9708251953125,104.47549438476562
2020-01-24,42633.03125,6197.37939453125,352.7359924316406,487.3407287597656,103.91603088378906
2020-01-27,42539.23046875,6197.37939453125,351.92742919921875,482.7954406738281,104.48777770996094
2020-01-28,42299.19140625,6188.8427734375,350.6337585449219,480.5865783691406,103.208984375
2020-01-29,41898.69921875,6188.8427734375,349.161376953125,467.37274169921875,100.84809875488281
2020-01-30,41903.51171875,6188.8427734375,348.9485778808594,478.4366455078125,101.3399429321289
2020-01-31,41630.94140625,6188.8427734375,349.2379455566406,468.1483459472656,100.28860473632812
2020-02-03,40409.37890625,6188.8427734375,329.8330078125,451.7243347167969,96.57514190673828
2020-02-04,40884.25,6188.8427734375,337.45880126953125,461.74755859375,96.28001403808594
2020-02-05,,6188.8427734375,337.45880126953125,461.74755859375,96.28001403808594
2020-02-06,40724.41015625,6188.8427734375,336.6332092285156,462.8961486816406,97.92768859863281
2020-02-07,40143.62890625,6158.64697265625,322.2157287597656,460.2357177734375,96.2861557006836
2020-02-10,39296.69921875,5789.126953125,314.9303283691406,452.480224609375,95.8742446899414
2020-02-11,39714.4609375,5789.126953125,316.6070251464844,463.3280944824219,95.05039978027344
2020-02-12,40531.12890625,5732.576171875,329.22869873046875,483.26666259765625,96.35993957519531
2020-02-13,40455.44140625,5751.94287109375,324.59027099609375,476.10015869140625,97.97077178955078
2020-02-14,40243.26171875,5751.94287109375,324.59027099609375,475.89404296875,99.75988006591797
2020-02-17,,5751.94287109375,331.92669677734375,474.7061462402344,103.90371704101562
2020-02-18,40175.3515625,5751.94287109375,327.6712341308594,472.5561828613281,105.6129150390625
2020-02-19,40574.51953125,5751.94287109375,327.6712341308594,472.5561828613281,105.6129150390625
2020-02-20,40481.6484375,5751.94287109375,329.3648986816406,474.8239440917969,103.1536636352539
2020-02-21,40249.21875,5751.94287109375,323.4838562011719,481.0283508300781,102.2375717163086
2020-02-24,39143.73046875,6042.4443359375,321.9263610839844,468.0893859863281,99.26185607910156
2020-02-25,38858.44921875,6042.4443359375,319.1602478027344,469.6012268066406,97.63874053955078
2020-02-26,38338.328125,6042.4443359375,319.1517639160156,462.7783508300781,97.01165771484375
2020-02-27,38087.3203125,5852.30224609375,314.90484619140625,468.22686767578125,98.14289855957031
2020-02-28,37983.62109375,5852.30224609375,314.8197326660156,480.144775390625,98.14289855957031
2020-03-02,39296.30078125,5852.30224609375,336.5396423339844,505.38458251953125,98.3519515991211
2020-03-03,39199.6796875,5852.30224609375,335.6119079589844,494.1930847167969,98.4380111694336
2020-03-04,38906.3984375,5852.30224609375,335.6119079589844,496.107421875,98.17363739013672
2020-03-05,39382.109375,5887.51123046875,330.8798828125,526.93310546875,95.02578735351562
2020-03-06,38219.671875,5964.97705078125,329.27978515625,520.0611572265625,91.85950469970703
2020-03-09,37058.94921875,5580.35205078125,331.27984619140625,556.1095581054688,85.4346923828125
2020-03-10,37695.75,5580.35205078125,329.7989807128906,549.5026245117188,89.27727508544922
2020-03-11,37673.25,5580.35205078125,340.4376525878906,544.849365234375,90.88807678222656
2020-03-12,35956.69140625,5580.35205078125,325.2030334472656,507.59344482421875,84.69075012207031
2020-03-13,36060.87890625,5580.35205078125,328.8457336425781,489.90301513671875,85.6560287475586
2020-03-16,33684.91015625,5580.35205078125,312.1217346191406,453.1673889160156,79.23735046386719
2020-03-17,32616.9296875,5580.35205078125,307.6705627441406,425.6009826660156,79.23735046386719
2020-03-18,30416.05078125,5580.35205078125,284.5973815917969,393.685546875,67.80179595947266
2020-03-19,30129.830078125,5190.3056640625,279.9333801269531,364.7153015136719,67.45976257324219
2020-03-20,30667.41015625,5190.3056640625,292.7763977050781,365.883544921875,71.57649230957031
2020-03-23,,5190.3056640625,292.7763977050781,365.883544921875,71.57649230957031
2020-03-24,28564.830078125,5190.3056640625,285.11651611328125,338.4447326660156,66.20980834960938
2020-03-25,27228.80078125,5190.3056640625,275.9332275390625,313.0675048828125,61.2597770690918
2020-03-26,27267.19921875,5190.3056640625,269.93304443359375,304.6247863769531,63.38032531738281
2020-03-27,28109.5703125,5190.3056640625,263.7966613769531,325.3192443847656,62.22366714477539
2020-03-30,28023.390625,5190.3056640625,268.00103759765625,347.4568176269531,61.98113250732422
2020-03-31,29231.630859375,5190.3056640625,270.8777160644531,363.9201354980469,64.19497680664062
2020-04-01,29505.5703125,5112.837890625,267.8563537597656,357.7647705078125,63.87162399291992
2020-04-02,30782.66015625,5105.091796875,279.4652404785156,384.5949401855469,66.48966217041016
2020-04-03,31621.7890625,5105.091796875,285.32928466796875,403.2179870605469,67.720947265625
2020-04-06,30579.150390625,5105.091796875,282.98028564453125,384.35931396484375,64.64271545410156
2020-04-07,31231.55078125,5105.091796875,289.72943115234375,401.9417724609375,67.17991638183594
2020-04-08,30971.26953125,5105.091796875,290.2145690917969,391.08404541015625,66.33418273925781
2020-04-09,31837.30078125,5105.091796875,305.0236511230469,402.4424133300781,67.44732666015625
2020-04-10,,5105.091796875,326.0967102050781,405.1814270019531,67.81423950195312
2020-04-13,31032.990234375,4774.69287109375,317.10064697265625,392.2032165527344,65.92997741699219
2020-04-14,31222.740234375,4500.8466796875,334.9310607910156,400.04705810546875,66.29065704345703
2020-04-15,31242.189453125,4307.19482421875,357.0595397949219,406.1532897949219,66.11032104492188
2020-04-16,31329.4609375,4338.16552734375,369.0173645019531,401.7552185058594,65.23971557617188
2020-04-17,32831.828125,4353.658203125,387.23077392578125,431.8839111328125,65.57550811767578
2020-04-20,33499.6484375,4415.53955078125,388.4053039550781,463.1416015625,66.85655975341797
2020-04-21,32422.830078125,4348.421875,367.3577575683594,451.32177734375,65.05316162109375
2020-04-22,32464.23046875,4360.86328125,372.889892578125,460.7462158203125,63.3554573059082
2020-04-23,32850.828125,4400.138671875,376.421875,449.780517578125,63.38032531738281
2020-04-24,32806.37890625,4400.138671875,377.5113220214844,447.7189025878906,63.54824447631836
2020-04-27,32314.5703125,4329.89990234375,374.18353271484375,434.5345458984375,63.361671447753906
2020-04-28,32553.390625,4510.96240234375,366.90667724609375,445.9616394042969,62.83311080932617
2020-04-29,33158.83984375,4448.26904296875,371.9451599121094,459.2441711425781,62.3853645324707
2020-04-30,34111.640625,4448.52734375,387.8435974121094,461.8359375,62.6030158996582
2020-05-01,,4448.52734375,387.8435974121094,461.8359375,62.6030158996582
2020-05-04,33916.640625,4448.52734375,386.5499572753906,453.07904052734375,61.81324768066406
2020-05-05,33992.75,4549.3046875,385.3583679199219,452.4311218261719,60.55707550048828
2020-05-06,33728.1796875,4616.408203125,376.91552734375,444.2338562011719,58.94022750854492
2020-05-07,33304.16015625,4555.8388671875,371.73236083984375,432.9245300292969,59.82327651977539
2020-05-08,33267.69140625,4760.70458984375,376.1836242675781,427.1913146972656,59.43771743774414
2020-05-11,33283.7890625,4760.70458984375,374.0813903808594,425.5027770996094,59.22007369995117
2020-05-12,33603.01953125,4760.70458984375,387.91168212890625,442.5158386230469,60.326995849609375
2020-05-13,33693.0390625,4750.78369140625,384.18389892578125,447.02191162109375,61.626678466796875
2020-05-14,33804.8984375,4953.86376953125,383.2220764160156,443.6841125488281,60.787147521972656
2020-05-15,34008.328125,5221.166015625,387.0180358886719,450.1731872558594,60.9488525390625
2020-05-18,33804.96875,5411.3994140625,388.45458984375,442.4667663574219,60.51354217529297
2020-05-19,34158.55078125,5502.1259765625,410.74639892578125,447.5716552734375,61.353057861328125
2020-05-20,33932.80859375,5502.1259765625,405.83978271484375,448.8478698730469,60.6379280090332
2020-05-21,33836.609375,5564.56103515625,407.3195495605469,444.29278564453125,60.50733947753906
2020-05-22,,5564.56103515625,407.3195495605469,444.29278564453125,60.50733947753906
2020-05-25,,5564.56103515625,407.3195495605469,444.29278564453125,60.50733947753906
2020-05-26,,5564.56103515625,407.3195495605469,444.29278564453125,60.50733947753906
2020-05-27,,5564.56103515625,407.3195495605469,444.29278564453125,60.50733947753906
2020-05-28,33695.421875,5564.56103515625,401.6600646972656,441.2395935058594,59.549652099609375
2020-05-29,33931.23046875,5364.2451171875,431.7834777832031,451.91082763671875,59.89790725708008
2020-06-01,34021.96875,5270.5908203125,449.8090515136719,445.7751159667969,60.9364013671875
2020-06-02,34408.05078125,5270.5908203125,456.7752685546875,444.61669921875,63.31193923950195
2020-06-03,34401.421875,5307.0146484375,450.0600280761719,442.0053405761719,62.61544418334961
2020-06-04,34119.390625,5150.92626953125,463.1876220703125,437.9999694824219,62.18635559082031
2020-06-05,34350.421875,5150.92626953125,484.5275573730469,443.1932678222656,62.41023254394531
2020-06-08,34749.5703125,5135.31787109375,498.0446472167969,449.42706298828125,63.10673522949219
2020-06-09,34803.6015625,5221.166015625,496.1754455566406,458.73370361328125,63.504695892333984
2020-06-10,35065.078125,5189.94775390625,507.54632568359375,458.861328125,66.0985336303711
2020-06-11,35128.578125,5053.37109375,520.7864379882812,467.2647705078125,65.17935943603516
2020-06-12,34609.08984375,5100.19775390625,514.3221435546875,462.9844970703125,63.36619567871094
2020-06-15,33824.51171875,5100.19775390625,511.5010681152344,447.6894836425781,62.232975006103516
2020-06-16,34019.12109375,4995.6181640625,509.0347900390625,444.95050048828125,62.610721588134766
2020-06-17,33848.6796875,5072.880859375,507.30401611328125,440.0812072753906,62.05040740966797
2020-06-18,33539.8515625,5072.880859375,513.4481811523438,437.116455078125,62.591827392578125
2020-06-19,33438.94140625,5072.880859375,517.299072265625,431.52069091796875,62.17002487182617
2020-06-22,33737.921875,5032.50048828125,506.97515869140625,434.0731506347656,62.18891906738281
2020-06-23,34052.609375,5033.85986328125,518.2076416015625,439.6001892089844,62.27704620361328
2020-06-24,34034.6484375,5346.0361328125,514.1317749023438,437.1262512207031,61.66006851196289
2020-06-25,33709.62890625,5072.880859375,520.5181274414062,433.6804504394531,61.15011215209961
2020-06-26,33939.48828125,5072.880859375,543.6148071289062,444.30255126953125,60.45758056640625
2020-06-29,34181.80078125,5072.880859375,567.65478515625,451.8126525878906,60.35055923461914
2020-06-30,34421.921875,5256.28515625,573.73828125,453.137939453125,60.98642349243164
2020-07-01,34889.41015625,5226.0439453125,559.7279663085938,485.36749267578125,60.57722091674805
2020-07-02,34978.1796875,5377.2548828125,551.7838745117188,486.3296203613281,61.08086013793945
2020-07-03,,5377.2548828125,552.6752319335938,480.8025817871094,61.59709930419922
2020-07-06,35202.76953125,5342.134765625,552.7184448242188,482.3929443359375,61.84894561767578
2020-07-07,35373.3515625,5267.9921875,549.8887329101562,485.446044921875,62.16373062133789
2020-07-08,35694.890625,5228.97021484375,550.5203247070312,480.1644287109375,65.06604766845703
2020-07-09,36142.171875,5307.669921875,546.6263427734375,479.98773193359375,67.21915435791016
2020-07-10,36190.3984375,5307.669921875,536.0602416992188,487.3309631347656,67.04290008544922
2020-07-13,36618.5703125,5307.0146484375,527.2593383789062,506.8277282714844,67.20658874511719
2020-07-14,36745.21875,5307.0146484375,527.7959594726562,503.0186767578125,67.48358917236328
2020-07-15,36679.03125,5307.0146484375,523.5470581054688,502.949951171875,67.45842742919922
2020-07-16,37001.44140625,5385.0595703125,519.1941528320312,515.9281616210938,68.69864654541016
2020-07-17,37330.8515625,5385.0595703125,521.8074951171875,516.2227172851562,68.17610931396484
2020-07-20,37650.5703125,5267.9921875,531.3871459960938,520.8563842773438,68.45942687988281
2020-07-21,37700.30859375,5307.0146484375,528.003662109375,524.9500732421875,69.37859344482422
2020-07-22,37804.609375,5307.0146484375,525.969970703125,548.952880859375,69.90743255615234
2020-07-23,37578.2109375,5243.275390625,528.2372436523438,530.4967651367188,69.94519805908203
2020-07-24,37607.62109375,5243.275390625,528.375732421875,521.8086547851562,73.07416534423828
2020-07-27,38221.16015625,5243.275390625,532.1746215820312,535.1107788085938,76.81382751464844
2020-07-28,38627.26953125,5133.0693359375,535.0563354492188,549.0706787109375,77.6385498046875
2020-07-29,38836.26953125,5072.880859375,536.1640625,558.3675537109375,76.29756164550781
2020-07-30,39258.44140625,5046.86962890625,544.2293090820312,570.825439453125,77.14118957519531
2020-07-31,,5046.86962890625,544.2293090820312,570.825439453125,77.14118957519531
2020-08-03,39871.609375,5065.07763671875,544.0128784179688,589.0361328125,80.28904724121094
2020-08-04,39577.62109375,5033.85986328125,534.5803833007812,572.592529296875,80.59754180908203
2020-08-05,39882.78125,5002.64111328125,530.435302734375,588.9576416015625,81.025634765625
2020-08-06,40166.12109375,5014.34814453125,535.5582885742188,592.1874389648438,81.42855834960938
2020-08-07,40029.69140625,5028.65478515625,538.24951171875,590.9014282226562,80.15682983398438
2020-08-10,39914.76171875,5015.07080078125,540.361083984375,590.4498291015625,80.08758544921875
2020-08-11,40559.1484375,4983.12939453125,557.4434814453125,605.371826171875,81.2145004272461
2020-08-12,40473.1796875,4986.6484375,556.3529663085938,599.7760620117188,81.34040832519531
2020-08-13,40290.73828125,4980.95458984375,571.5922241210938,598.7256469726562,80.4464340209961
2020-08-14,,4980.95458984375,571.5922241210938,598.7256469726562,80.4464340209961
2020-08-17,40122.5,4980.95458984375,604.8222045898438,589.5172119140625,78.07925415039062
2020-08-18,40184.01171875,4988.861328125,597.501220703125,600.5908813476562,77.11600494384766
2020-08-19,40154.109375,4973.048828125,593.1051025390625,600.9835205078125,77.03416442871094
2020-08-20,39868.55078125,4909.79833984375,597.1290893554688,591.0682983398438,77.76445770263672
2020-08-21,39621.58984375,4862.36865234375,597.1031494140625,586.9254150390625,78.23664093017578
2020-08-24,39802.6015625,4822.82958984375,597.5272216796875,599.9232788085938,78.75918579101562
2020-08-25,40292.8203125,4922.97802734375,602.1483154296875,596.38916015625,80.06238555908203
2020-08-26,40862.58984375,4748.51025390625,611.9442138671875,596.4578857421875,84.77156829833984
2020-08-27,41081.94140625,4799.1103515625,613.6922607421875,598.2052612304688,85.42633819580078
2020-08-28,41056.21875,4743.76806640625,659.7124633789062,593.8858032226562,85.13043212890625
2020-08-31,41110.9296875,4797.791015625,664.4632568359375,602.9862060546875,84.65196990966797
2020-09-01,41377.26171875,4858.0126953125,669.2056274414062,604.2723388671875,83.53762817382812
2020-09-02,41834.8515625,4988.861328125,666.445068359375,604.1151733398438,83.99092102050781
2020-09-03,42188.109375,5040.25244140625,669.32666015625,610.4570922851562,84.18608856201172
2020-09-04,42023.0,4988.861328125,666.0556030273438,603.2022705078125,83.93426513671875
2020-09-07,,5138.29052734375,659.462890625,616.9658813476562,83.4242935180664
2020-09-08,41985.19140625,5137.73681640625,661.24560546875,627.6468505859375,82.36663818359375
2020-09-09,42022.25,5203.91259765625,653.1348266601562,632.9774780273438,83.76427459716797
2020-09-10,42647.3515625,5515.4189453125,679.0911254882812,654.11376953125,84.9919204711914
2020-09-11,42530.671875,5257.68212890625,662.004638671875,645.3470458984375,85.43262481689453
2020-09-14,42531.30859375,5365.9912109375,679.62060546875,645.1998291015625,86.06218719482422
2020-09-15,42346.421875,5534.39404296875,685.2780151367188,643.2266235351562,85.30042266845703
2020-09-16,42282.28125,5534.39404296875,677.73193359375,649.931640625,84.22386169433594
2020-09-17,42334.76171875,5440.31787109375,673.195556640625,651.6103515625,84.21127319335938
2020-09-18,42504.76171875,5529.12109375,679.673583984375,649.2837524414062,84.50088500976562
2020-09-21,42174.12890625,5455.33203125,686.5841064453125,650.8839721679688,83.71390533447266
2020-09-22,41828.91015625,5471.14404296875,684.8895874023438,650.39306640625,82.67511749267578
2020-09-23,41876.26171875,5447.42578125,685.13671875,646.6331176757812,82.89544677734375
2020-09-24,41806.37109375,5227.0380859375,677.661376953125,651.5416870117188,83.09063720703125
2020-09-25,41701.23046875,5368.36279296875,677.908447265625,638.5536499023438,84.24274444580078
2020-09-28,40740.94921875,5368.36279296875,665.1641845703125,631.7503662109375,81.24598693847656
2020-09-29,41204.359375,5297.20703125,677.96142578125,644.4046020507812,82.00146484375
2020-09-30,40571.48046875,5218.1435546875,676.6111450195312,635.2354736328125,82.30996704101562
2020-10-01,40676.921875,5297.20703125,677.2200927734375,636.2760620117188,83.46206665039062
2020-10-02,40070.828125,5289.30810546875,667.3353271484375,627.9216918945312,82.49883270263672
2020-10-05,39072.46875,5218.1435546875,664.1757202148438,618.2813110351562,81.59855651855469
2020-10-06,39127.48046875,5152.9169921875,662.3046264648438,617.8002319335938,81.22080993652344
2020-10-07,39849.9609375,5152.9169921875,674.3252563476562,633.3211059570312,82.12739562988281
2020-10-08,40353.62109375,5218.1435546875,680.30908203125,641.7932739257812,83.21024322509766
2020-10-09,40798.4296875,5146.9873046875,672.1187744140625,642.9713745117188,85.6214828491211
2020-10-12,40209.8203125,5137.30224609375,665.1200561523438,634.9801635742188,84.1734848022461
2020-10-13,40006.671875,5060.0185546875,650.7254638671875,637.6602783203125,84.82194519042969
2020-10-14,40144.2890625,5060.0185546875,652.2169799804688,636.1680908203125,84.77788543701172
2020-10-15,40068.48828125,5218.1435546875,656.1708374023438,632.1331787109375,83.49354553222656
2020-10-16,40164.01953125,5079.78369140625,659.8687133789062,626.7828979492188,87.26467895507812
2020-10-19,40340.171875,5079.78369140625,656.223876953125,625.6932373046875,86.76103210449219
2020-10-20,40956.578125,5060.0185546875,647.9541625976562,641.8031616210938,87.91313934326172
2020-10-21,41535.921875,5099.54931640625,631.2294921875,642.9320678710938,87.9068374633789
2020-10-22,41199.01953125,5099.54931640625,618.3175659179688,638.524169921875,87.58575439453125
2020-10-23,41266.0,5139.080078125,618.7676391601562,648.851806640625,87.50391387939453
2020-10-26,41850.46875,5080.0283203125,629.3231201171875,689.2982788085938,87.37171173095703
2020-10-27,41381.828125,5091.64306640625,626.234130859375,682.2691650390625,85.08634185791016
2020-10-28,41186.859375,5110.4677734375,636.51611328125,666.0219116210938,84.04759216308594
2020-10-29,39888.0,5059.8603515625,632.6151123046875,660.6715698242188,81.91332244873047
2020-10-30,,5059.8603515625,632.6151123046875,660.6715698242188,81.91332244873047
2020-11-02,39112.1796875,4980.95458984375,621.4153442382812,645.7200927734375,79.3069076538086
2020-11-03,40480.87890625,5011.6875,635.2276000976562,667.0526733398438,82.46736145019531
2020-11-04,40281.9609375,4950.36572265625,631.3883666992188,663.6265258789062,81.04454040527344
2020-11-05,41071.30078125,5060.90087890625,637.22216796875,674.7590942382812,82.34774017333984
2020-11-06,40731.609375,5021.0439453125,636.9661865234375,670.370849609375,80.4779281616211
2020-11-09,40784.0390625,4968.29833984375,638.7666625976562,663.282958984375,81.97628784179688
2020-11-10,41153.05078125,5021.05078125,639.8521728515625,662.173583984375,82.22811126708984
2020-11-11,41197.3203125,5047.44677734375,643.2058715820312,653.6622314453125,83.57540130615234
2020-11-12,40564.55078125,5044.96044921875,645.7036743164062,644.345703125,81.95740509033203
2020-11-13,40569.3515625,5100.75048828125,644.51220703125,647.693359375,82.55549621582031
2020-11-16,40504.75,5100.75830078125,646.9215087890625,641.410400390625,82.20294952392578
2020-11-17,40652.671875,5171.6826171875,650.6018676757812,645.6416015625,82.49883270263672
2020-11-18,40514.671875,5156.53173828125,644.0443725585938,641.3515014648438,81.73705291748047
2020-11-19,40540.69921875,5198.18310546875,648.6866455078125,647.1534423828125,82.73807525634766
2020-11-20,40187.1796875,5180.44970703125,648.933837890625,638.5732421875,82.0581283569336
2020-11-23,39632.51953125,5220.298828125,655.1735229492188,633.7922973632812,80.94379425048828
2020-11-24,39863.359375,5180.44970703125,662.3665161132812,639.0347290039062,81.04454040527344
2020-11-25,40377.53125,5182.8408203125,652.0051879882812,633.3309326171875,81.61115264892578
2020-11-26,,5180.98291015625,649.46337890625,646.1029663085938,81.7244644165039
2020-11-27,40807.08984375,5204.359375,651.6432495117188,636.7669677734375,81.78742218017578
2020-11-30,41068.8203125,5252.171875,654.0438842773438,643.5112915039062,81.91961669921875
2020-12-01,41665.26953125,5180.44970703125,655.26171875,649.4996948242188,82.22811126708984
2020-12-02,42027.37890625,5220.298828125,667.547119140625,657.28466796875,82.089599609375
2020-12-03,42047.71875,5228.46826171875,675.013671875,663.0865478515625,81.78742218017578
2020-12-04,42207.0,5248.2333984375,675.5961303710938,661.2213134765625,81.78742218017578
2020-12-07,42115.30859375,5379.697265625,676.77880859375,658.0013427734375,82.05184936523438
2020-12-08,42101.78125,5260.14892578125,673.9193115234375,660.5341796875,82.28477478027344
2020-12-09,42204.03125,5379.697265625,677.0523681640625,660.7010498046875,82.66881561279297
2020-12-10,42305.83984375,5359.7734375,674.4576416015625,661.6532592773438,83.30469512939453
2020-12-11,42470.390625,5435.072265625,676.743408203125,666.9054565429688,83.6194839477539
2020-12-14,43266.21875,5435.072265625,679.0470581054688,685.03759765625,83.90904998779297
2020-12-15,43250.83984375,5523.15673828125,678.605712890625,673.1393432617188,83.63836669921875
2020-12-16,43360.19140625,5523.15673828125,678.6939086914062,668.7412719726562,83.86500549316406
2020-12-17,43766.69140625,5499.24560546875,678.023193359375,671.205322265625,85.57743072509766
2020-12-18,43740.55078125,5499.24560546875,685.0925903320312,671.4703979492188,85.9552001953125
2020-12-21,43333.76171875,5367.74365234375,671.5628051757812,662.448486328125,84.72750854492188
2020-12-22,,5339.84765625,675.0047607421875,657.0098266601562,83.80835723876953
2020-12-23,43087.69921875,5290.0361328125,670.6360473632812,663.0767822265625,84.55753326416016
2020-12-24,43416.76953125,5260.14892578125,663.4962158203125,686.9127197265625,84.60790252685547
2020-12-25,,5260.14892578125,663.4962158203125,686.9127197265625,84.60790252685547
2020-12-28,43674.28125,5260.14892578125,671.4569091796875,683.4668579101562,84.83453369140625
2020-12-29,43255.55078125,5275.2919921875,664.6787719726562,674.6707763671875,82.90806579589844
2020-12-30,43694.76171875,5455.412109375,673.0367431640625,677.900634765625,83.44318389892578
2020-12-31,43755.37890625,5311.96142578125,666.66455078125,683.35888671875,83.27948760986328
2021-01-01,,5282.06494140625,662.7636108398438,689.7498168945312,83.82093048095703
2021-01-04,44686.4609375,5339.84765625,667.4147338867188,679.4615478515625,84.2175521850586
2021-01-05,44650.4296875,5339.84765625,661.9251098632812,677.900634765625,84.97933197021484
2021-01-06,45153.421875,5339.84765625,661.7486572265625,690.289794921875,85.79777526855469
2021-01-07,45344.5390625,5339.84765625,667.8560180664062,684.2031860351562,87.43466186523438
2021-01-08,45654.33984375,5425.19873046875,669.1622314453125,684.8804931640625,88.21532440185547
2021-01-11,45605.421875,5395.63671875,661.73974609375,685.0867309570312,88.12089538574219
2021-01-12,45922.0390625,5308.287109375,659.3128051757812,687.81591796875,89.41150665283203
2021-01-13,46091.9609375,5367.74365234375,652.6229248046875,691.124267578125,90.15441131591797
2021-01-14,45989.3515625,5284.560546875,645.2799682617188,689.1116943359375,89.83332824707031
2021-01-15,45931.0,5271.15478515625,642.8441162109375,685.3320922851562,89.08414459228516
2021-01-18,,5144.59326171875,636.2689819335938,678.1165771484375,88.75675201416016
2021-01-19,45903.23046875,5260.15625,623.0657348632812,678.1951293945312,87.79350280761719
2021-01-20,45676.94140625,5260.14892578125,633.1358642578125,672.55029296875,89.10930633544922
2021-01-21,45984.4609375,5260.14892578125,639.5167846679688,686.6770629882812,89.90885925292969
2021-01-22,45868.0390625,5240.2236328125,637.8046264648438,686.0389404296875,90.01590728759766
2021-01-25,46087.640625,5116.68994140625,649.6839599609375,690.5646362304688,89.10301971435547
2021-01-26,46287.37890625,5156.53955078125,653.2494506835938,697.4464721679688,88.80083465576172
2021-01-27,46458.12890625,5180.44970703125,657.6359252929688,704.730712890625,88.80083465576172
2021-01-28,46166.05078125,5180.44970703125,643.8502807617188,714.6165771484375,89.44300079345703
2021-01-29,46385.5390625,5156.53955078125,655.6678466796875,713.9882202148438,89.51224517822266
2021-02-01,46248.44921875,5160.65966796875,662.0576171875,698.6441040039062,88.9267349243164
2021-02-02,46580.33984375,5164.05517578125,666.3997192382812,701.6677856445312,88.13976287841797
2021-02-03,46933.62890625,5158.13427734375,665.95849609375,718.0328979492188,88.1964340209961
2021-02-04,46905.7890625,5160.52490234375,670.1596069335938,727.6143798828125,87.76834106445312
2021-02-05,,5160.52490234375,670.1596069335938,727.6143798828125,87.76834106445312
2021-02-08,46721.87109375,5133.2919921875,668.888671875,725.866943359375,86.95618438720703
2021-02-09,46674.76953125,5019.72021484375,661.9251098632812,728.5568237304688,85.98664093017578
2021-02-10,46644.2890625,5021.05078125,662.242919921875,753.2075805664062,86.25106811523438
2021-02-11,46055.51953125,4957.29150390625,665.658447265625,756.2705078125,84.8282470703125
2021-02-12,45808.359375,4944.7392578125,660.4600830078125,775.3746337890625,84.04129028320312
2021-02-15,,4942.14892578125,662.9931030273438,777.720947265625,84.92268371582031
2021-02-16,46867.94921875,4949.26513671875,664.2110595703125,815.8604125976562,86.85546875
2021-02-17,46768.140625,4941.35205078125,664.934814453125,834.1398315429688,82.00775146484375
2021-02-18,46142.73828125,4878.828125,658.4214477539062,819.7970581054688,78.62698364257812
2021-02-19,46227.6484375,4941.35205078125,663.3108520507812,815.9585571289062,77.94075012207031
2021-02-22,45890.0390625,4877.64013671875,653.7614135742188,814.5743408203125,75.20211029052734
2021-02-23,45728.75,4888.55078125,639.984619140625,813.3864135742188,73.5967025756836
2021-02-24,45362.578125,4901.501953125,652.2522583007812,821.3579711914062,74.71105194091797
2021-02-25,45965.62109375,4945.03466796875,658.827392578125,849.798095703125,76.5745849609375
2021-02-26,45865.01953125,4882.90869140625,670.0447998046875,868.5487670898438,77.85260772705078
2021-03-01,45593.4296875,4862.44970703125,658.474365234375,871.2386474609375,76.6501235961914
2021-03-02,45964.26953125,4862.44970703125,657.671142578125,862.0695190429688,77.75187683105469
2021-03-03,46160.78125,4848.900390625,656.8504028320312,864.0722045898438,76.4423599243164
2021-03-04,45278.53125,4861.65234375,655.82666015625,842.2684326171875,75.12657165527344
2021-03-05,45837.3515625,4846.51025390625,656.6298217773438,853.8133544921875,76.48644256591797
2021-03-08,45051.05078125,4853.68310546875,656.3120727539062,826.00146484375,75.03843688964844
2021-03-09,44222.91015625,4723.509765625,652.8258666992188,811.9138793945312,75.33432006835938
2021-03-10,43691.6796875,4740.5087890625,652.9318237304688,797.9833984375,74.18851470947266
2021-03-11,42779.76171875,4551.22412109375,642.1115112304688,784.799072265625,72.70901489257812
2021-03-12,,4582.705078125,637.989990234375,809.5578002929688,74.40885162353516
2021-03-15,44766.58984375,4810.84375,657.8654174804688,828.40673828125,75.39729309082031
2021-03-16,44857.05859375,4702.25341796875,648.6690673828125,826.4627685546875,76.4297866821289
2021-03-17,45450.30859375,4742.10302734375,653.170166015625,833.678466796875,78.08554077148438
2021-03-18,44724.08984375,4781.9541015625,647.760009765625,825.3633422851562,77.24681091308594
2021-03-19,44901.30859375,4666.38916015625,645.9508056640625,824.1656494140625,79.58235931396484
2021-03-22,45407.328125,4740.86865234375,642.40283203125,823.6551513671875,79.80171203613281
2021-03-23,,4740.86865234375,642.40283203125,823.6551513671875,79.80171203613281
2021-03-24,45544.19140625,4742.10302734375,638.095947265625,823.1054077148438,79.85978698730469
2021-03-25,45726.16015625,4779.9609375,642.9412231445312,828.6324462890625,79.63396453857422
2021-03-26,45521.62890625,4734.13330078125,636.4895629882812,821.4463500976562,77.62100982666016
2021-03-29,44431.80078125,4660.412109375,627.4255981445312,802.53857421875,76.15000915527344
2021-03-30,44491.03125,4662.40478515625,637.822265625,802.862548828125,76.0984115600586
2021-03-31,44587.8515625,4662.3251953125,639.7639770507812,802.63671875,74.95645904541016
2021-04-01,44428.1015625,4662.40478515625,631.0353393554688,796.0789184570312,75.3629150390625
2021-04-02,,4702.25341796875,637.8486938476562,801.7139282226562,75.75001525878906
2021-04-05,43548.2109375,4662.40478515625,639.5609741210938,788.4117431640625,74.16287231445312
2021-04-06,44404.69921875,4662.40478515625,643.6383666992188,809.9700927734375,75.37582397460938
2021-04-07,43953.578125,4630.52490234375,644.2738647460938,822.7225341796875,73.29190826416016
2021-04-08,44741.359375,4622.5546875,636.471923828125,838.9993286132812,74.62096405029297
2021-04-09,45186.48046875,4661.60791015625,632.9682006835938,842.4451293945312,75.7242202758789
2021-04-12,44978.05078125,4638.4951171875,634.8062744140625,844.3201904296875,75.25968170166016
2021-04-13,45048.5703125,4662.40478515625,629.9962768554688,844.025634765625,75.9371109008789
2021-04-14,45311.21875,4630.52490234375,639.27783203125,849.8079833984375,76.64682006835938
2021-04-15,45230.1796875,4663.591796875,643.64892578125,844.3005981445312,76.12421417236328
2021-04-16,45305.62890625,4644.52783203125,635.9310302734375,845.2037353515625,76.47261810302734
2021-04-19,44913.5703125,4598.765625,650.2054443359375,839.6766967773438,75.76937103271484
2021-04-20,45399.78125,4671.25146484375,660.5477905273438,847.6089477539062,77.12422943115234
2021-04-21,45306.5390625,4611.66064453125,661.7457275390625,837.3009643554688,77.48552703857422
2021-04-22,44929.609375,4597.55810546875,669.5001831054688,829.91845703125,79.2081527709961
2021-04-23,44706.76171875,4598.765625,668.4760131835938,830.3897094726562,78.7436294555664
2021-04-26,45682.76953125,4630.982421875,713.2471313476562,851.8989868164062,80.85335540771484
2021-04-27,45292.87109375,4703.87060546875,704.4593505859375,844.4379272460938,81.31140899658203
2021-04-28,45059.12109375,4643.0625,695.0314331054688,838.4986572265625,79.85334014892578
2021-04-29,44863.109375,4635.0087890625,693.614013671875,830.29150390625,80.03398132324219
2021-04-30,44262.3515625,4621.72021484375,693.7420654296875,822.791259765625,80.55011749267578
2021-05-03,44076.19921875,4610.8466796875,691.501708984375,817.3624267578125,81.18882751464844
2021-05-04,44563.58984375,4518.22705078125,702.1183471679688,831.6266479492188,82.4146728515625
2021-05-05,44943.609375,4510.173828125,708.4189453125,839.5588989257812,82.74174499511719
2021-05-06,45174.671875,4510.173828125,713.4483032226562,862.3443603515625,83.12114715576172
2021-05-07,,4510.173828125,713.4483032226562,862.3443603515625,83.12114715576172
2021-05-10,,4510.173828125,713.4483032226562,862.3443603515625,83.12114715576172
2021-05-11,,4510.173828125,713.4483032226562,862.3443603515625,83.12114715576172
2021-05-12,,4510.173828125,713.4483032226562,862.3443603515625,83.12114715576172
2021-05-13,,4510.173828125,713.4483032226562,862.3443603515625,83.12114715576172
2021-05-14,,4510.173828125,713.4483032226562,862.3443603515625,83.12114715576172
2021-05-17,45796.30859375,4510.173828125,708.6840209960938,897.1754760742188,82.81370544433594
2021-05-18,45981.8203125,4510.173828125,708.6932373046875,891.73681640625,82.56513214111328
2021-05-19,45682.109375,4469.904296875,703.3436889648438,882.9308471679688,81.69513702392578
2021-05-20,45574.0703125,4470.169921875,704.1026000976562,879.0432739257812,79.8308334350586
2021-05-21,45914.98046875,4669.64111328125,705.4652099609375,885.3065795898438,81.0409927368164
2021-05-24,46097.109375,4639.63916015625,712.3509521484375,891.7269897460938,81.72127532958984
2021-05-25,46300.66015625,4630.982421875,704.1209106445312,890.4605712890625,84.32476043701172
2021-05-26,46812.30859375,4626.9541015625,708.6932373046875,889.2432250976562,85.31903076171875
2021-05-27,46790.75,4573.0732421875,708.6932373046875,900.49365234375,86.20865631103516
2021-05-28,47126.2890625,4573.0732421875,703.6637573242188,898.5792846679688,87.70011138916016
2021-05-31,,4576.61767578125,715.6338500976562,915.4647216796875,88.9102554321289
2021-06-01,48191.26171875,4590.71240234375,714.3810424804688,923.5343627929688,89.45970916748047
2021-06-02,48126.8984375,4499.16455078125,711.7291259765625,917.72265625,88.1187515258789
2021-06-03,48093.53125,4581.72412109375,713.265380859375,899.74755859375,87.68701171875
2021-06-04,48211.69921875,4603.04345703125,708.6932373046875,899.2174072265625,87.44497680664062
2021-06-07,48302.66015625,4596.0849609375,713.2562866210938,898.2553100585938,87.11136627197266
2021-06-08,48147.98046875,4652.0751953125,705.5017700195312,899.3744506835938,87.63469696044922
2021-06-09,47777.62109375,4602.88916015625,713.119140625,897.558349609375,86.75814056396484
2021-06-10,48251.48828125,4671.25146484375,712.3509521484375,898.1571655273438,87.98789978027344
2021-06-11,48304.71875,4670.84765625,708.7115478515625,894.9273071289062,88.37386322021484
2021-06-14,48726.078125,4670.4453125,727.9057006835938,901.97607421875,88.354248046875
2021-06-15,48632.55859375,4614.8818359375,732.0571899414062,894.3677978515625,88.15799713134766
2021-06-16,48480.8984375,4630.982421875,723.3334350585938,894.1910400390625,88.43927001953125
2021-06-17,48131.25,4655.1435546875,717.8377075195312,896.5275268554688,87.43844604492188
2021-06-18,48238.671875,4630.982421875,730.7769775390625,908.1312866210938,85.05738830566406
2021-06-21,48012.51953125,4630.982421875,726.9820556640625,896.0563354492188,85.28633880615234
2021-06-22,47987.140625,4639.0361328125,722.537841796875,893.3271484375,85.41716766357422
2021-06-23,47900.69921875,4630.982421875,716.6946411132812,885.6207275390625,84.93965148925781
2021-06-24,47962.5390625,4639.0361328125,713.265380859375,888.7916259765625,85.2928695678711
2021-06-25,47603.359375,4683.33251953125,688.0633544921875,864.5335693359375,83.38935089111328
2021-06-28,47002.3515625,4667.0224609375,706.3522338867188,845.6847534179688,80.75970458984375
2021-06-29,47137.76953125,4671.25146484375,716.0635986328125,849.4349365234375,81.9044418334961
2021-06-30,47356.01953125,4671.25146484375,724.5679321289062,847.648193359375,80.04672241210938
2021-07-01,47800.5703125,4747.7626953125,727.1466674804688,871.7589721679688,80.75970458984375
2021-07-02,47686.1796875,4747.7626953125,729.661376953125,879.5439453125,80.83165740966797
2021-07-05,,4747.7626953125,720.1237182617188,865.1716918945312,80.20369720458984
2021-07-06,47346.16015625,4687.35888671875,713.265380859375,864.4059448242188,82.09413146972656
2021-07-07,47247.921875,4687.35888671875,712.3509521484375,862.7665405273438,83.04264068603516
2021-07-08,48053.171875,4824.27490234375,707.184326171875,892.0018920898438,83.91264343261719
2021-07-09,47563.44921875,4904.8134765625,708.6932373046875,871.9454956054688,84.17430114746094
2021-07-12,47447.078125,4731.6552734375,707.4861450195312,865.8490600585938,84.40325164794922
2021-07-13,47480.48828125,4683.33935546875,703.4351806640625,865.29931640625,84.36400604248047
2021-07-14,47491.46875,4683.33935546875,700.2802734375,869.8053588867188,84.33784484863281
2021-07-15,47628.26171875,4683.33935546875,697.9392700195312,873.2216796875,83.9976806640625
2021-07-16,47834.328125,4751.7900390625,697.9392700195312,894.858642578125,85.01813507080078
2021-07-19,47873.26171875,4743.736328125,706.4345092773438,894.858642578125,85.01813507080078
2021-07-20,,4743.736328125,706.4345092773438,894.858642578125,85.01813507080078
2021-07-21,,4743.736328125,706.4345092773438,894.858642578125,85.01813507080078
2021-07-22,,4743.736328125,706.4345092773438,894.858642578125,85.01813507080078
2021-07-23,47793.0703125,4743.736328125,706.4345092773438,894.858642578125,85.01813507080078
2021-07-26,47672.6796875,4788.70068359375,706.3613891601562,884.4034423828125,84.22663116455078
2021-07-27,47686.98828125,4800.91845703125,705.9498901367188,882.1650390625,85.89466857910156
2021-07-28,47318.03125,4792.0595703125,703.1790771484375,876.2846069335938,85.56108093261719
2021-07-29,47312.328125,4773.5361328125,706.3430786132812,880.3194580078125,84.33784484863281
2021-07-30,47055.2890625,4751.7900390625,700.2802734375,871.7099609375,82.8594741821289
2021-08-02,,4759.8447265625,712.2503662109375,868.9905395507812,83.14076232910156
2021-08-03,47758.3203125,4734.5068359375,722.4097900390625,870.2667846679688,84.0565414428711
2021-08-04,47789.87890625,4872.59765625,713.265380859375,867.2431030273438,84.76302337646484
2021-08-05,47640.87890625,4818.78173828125,704.1209106445312,863.8954467773438,84.65835571289062
2021-08-06,47489.94921875,4796.0869140625,697.8388061523438,856.6602783203125,84.42285919189453
2021-08-09,47123.62109375,4832.32861328125,704.11181640625,841.2866821289062,84.01075744628906
2021-08-10,47135.48046875,4820.24755859375,699.4664306640625,849.4839477539062,84.03041076660156
2021-08-11,47377.37890625,4803.8251953125,696.805419921875,852.036376953125,84.27896118164062
2021-08-12,47270.76171875,4803.8251953125,690.4135131835938,847.6284790039062,84.58641052246094
2021-08-13,47169.83984375,4804.6455078125,693.7969970703125,840.8841552734375,84.82842254638672
2021-08-16,46912.7890625,4729.9287109375,699.3384399414062,830.6939697265625,84.98542022705078
2021-08-17,47258.44921875,4729.919921875,706.4070434570312,832.8243408203125,84.88076782226562
2021-08-18,,4729.919921875,706.4070434570312,832.8243408203125,84.88076782226562
2021-08-19,,4729.919921875,706.4070434570312,832.8243408203125,84.88076782226562
2021-08-20,47599.8203125,4629.59814453125,708.3091430664062,844.1729125976562,84.7237777709961
2021-08-23,48112.2109375,4680.6494140625,701.39599609375,846.2246704101562,85.16859436035156
2021-08-24,47828.7109375,4680.6494140625,700.1614379882812,836.0835571289062,84.6976089477539
2021-08-25,47635.8984375,4680.6494140625,703.1881713867188,828.1317749023438,84.69107818603516
2021-08-26,47363.26953125,4639.591796875,694.9674072265625,800.4573364257812,84.08927154541016
2021-08-27,47136.53125,4598.53271484375,689.142333984375,804.8750610351562,83.0295639038086
2021-08-30,47365.69921875,4569.79150390625,701.9810791015625,809.0669555664062,81.58393096923828
2021-08-31,47419.73828125,4569.79150390625,696.8328857421875,815.3106079101562,81.89789581298828
2021-09-01,47413.4609375,4639.591796875,701.6519775390625,819.6497802734375,81.23068237304688
2021-09-02,46903.05859375,4639.591796875,701.679443359375,806.219970703125,79.72616577148438
2021-09-03,46957.46875,4623.17626953125,719.9225463867188,809.0276489257812,79.03932189941406
2021-09-06,,4639.591796875,725.3452758789062,804.9535522460938,78.48331451416016
2021-09-07,,4987.560546875,717.9930419921875,790.6304321289062,77.90113067626953
2021-09-08,,5062.0810546875,713.573486328125,759.7752075195312,77.81610107421875
2021-09-09,,5169.2431640625,710.289306640625,744.4016723632812,77.12562561035156
2021-09-10,,5217.03564453125,743.478515625,771.0550537109375,76.85343170166016
2021-09-13,,5255.46630859375,741.6487426757812,768.8070068359375,78.09492492675781
2021-09-14,,5054.2880859375,732.837646484375,752.864013671875,79.47584533691406
2021-09-15,,5009.52685546875,721.8966064453125,747.2584228515625,79.66838836669922
2021-09-16,,4916.32421875,720.7705688476562,744.6275024414062,79.748046875
2021-09-17,,4853.0947265625,714.28662109375,723.255615234375,78.98457336425781
2021-09-20,,4766.8798828125,715.36572265625,728.1347045898438,78.89824676513672
2021-09-21,,4853.0947265625,715.36572265625,716.4425659179688,77.59037780761719
2021-09-22,,4762.76611328125,695.7449340820312,715.2841186523438,76.64761352539062
2021-09-23,,4762.76611328125,740.0910034179688,714.410400390625,76.65425109863281
2021-09-24,,4721.70849609375,732.4623413085938,711.4358520507812,76.2758560180664
2021-09-27,,4731.97314453125,709.0787353515625,708.67724609375,74.35052490234375
2021-09-28,,4731.97314453125,733.6259155273438,708.67724609375,74.71566772460938
2021-09-29,,4703.37060546875,722.8443603515625,697.6231689453125,73.63351440429688
2021-09-30,44899.6015625,4956.3974609375,725.2088623046875,709.6786499023438,72.59781646728516
2021-10-01,,4853.0947265625,727.217041015625,699.2822265625,73.08912658691406
2021-10-04,,4853.0947265625,730.9703979492188,691.4776611328125,73.03599548339844
2021-10-05,,4851.7236328125,723.5668334960938,667.2588500976562,72.59781646728516
2021-10-06,,4844.8828125,728.4837646484375,660.4556274414062,71.54220581054688
2021-10-07,,4860.2802734375,727.0199584960938,656.7839965820312,72.41857147216797
2021-10-08,,4928.232421875,725.2557983398438,648.400146484375,73.20195770263672
2021-10-11,,4766.87158203125,711.26513671875,638.7892456054688,72.79698944091797
2021-10-12,,4746.34228515625,729.9945068359375,639.8887329101562,75.69824981689453
2021-10-13,,4692.96728515625,729.572265625,629.6495361328125,76.30902862548828
2021-10-14,,4803.8251953125,725.2839965820312,661.515869140625,79.10405731201172
2021-10-15,,4844.8828125,731.90869140625,669.811279296875,79.02440643310547
2021-10-18,,4844.8828125,731.8242797851562,667.572998046875,80.85676574707031
2021-10-19,,4844.8828125,731.8242797851562,667.572998046875,80.85676574707031
2021-10-20,,4742.24462890625,726.5789184570312,688.56201171875,82.52981567382812
2021-10-21,,4762.76611328125,728.5213012695312,693.8632202148438,84.80699157714844
2021-10-22,,4697.0732421875,722.5252075195312,695.8561401367188,86.10824584960938
2021-10-25,,4697.0732421875,722.5252075195312,695.8561401367188,86.10824584960938
2021-10-26,,4697.0732421875,722.5252075195312,685.2340087890625,83.4659194946289
2021-10-27,,4697.0732421875,680.8158569335938,701.8936157226562,83.39859008789062
2021-10-28,,4828.45947265625,706.0949096679688,720.8897094726562,83.78235626220703
2021-10-29,,4762.76611328125,715.1780395507812,758.6463012695312,84.94039154052734
2021-11-01,,4844.8828125,721.41796875,775.8556518554688,85.47900390625
2021-11-02,,4926.99951171875,717.5989379882812,765.8323364257812,86.1657485961914
2021-11-03,,4807.9462890625,717.73974609375,754.955078125,84.33443450927734
2021-11-04,,4923.6982421875,706.929931640625,746.1687622070312,83.69483184814453
2021-11-05,,4820.24755859375,718.0963134765625,750.154541015625,84.52969360351562
2021-11-08,,4870.1982421875,717.4769287109375,758.5873413085938,85.27027893066406
2021-11-09,,4766.1337890625,713.1417846679688,754.12060546875,84.37482452392578
2021-11-10,,4742.0087890625,713.0949096679688,749.5851440429688,83.869873046875
2021-11-11,,4732.884765625,718.1432495117188,742.8799438476562,83.56017303466797
2021-11-12,,4745.3212890625,703.6926879882812,726.9174194335938,83.08888244628906
2021-11-15,,4745.3212890625,707.5774536132812,717.99365234375,84.09879302978516
2021-11-16,,4745.3212890625,712.6820678710938,747.5430908203125,84.79899597167969
2021-11-17,,4745.3212890625,701.572021484375,723.903564453125,83.93048095703125
2021-11-18,,4745.3212890625,712.588134765625,740.3472290039062,83.33798217773438
2021-11-19,,4745.3212890625,715.5814819335938,754.267822265625,84.73837280273438
2021-11-22,,4745.3212890625,713.1323852539062,719.8490600585938,83.94393157958984
2021-11-23,,4628.77880859375,715.19677734375,706.5272827148438,82.99462890625
2021-11-24,,4628.77880859375,708.440673828125,679.304443359375,80.89400482177734
2021-11-25,,4663.7353515625,687.8065185546875,668.64306640625,79.13001251220703
2021-11-26,,4579.09375,692.1228637695312,680.6298217773438,80.40924835205078
2021-11-29,,4578.83642578125,692.4888305664062,712.4961547851562,84.2671127319336
2021-11-30,,4487.392578125,702.9607543945312,700.0086669921875,83.04846954345703
2021-12-01,,4596.751953125,701.2060546875,715.9124145507812,83.93720245361328
2021-12-02,,4453.9423828125,671.301025390625,662.22265625,80.4698257446289
2021-12-03,,4453.9423828125,662.274169921875,636.0894775390625,82.94749450683594
2021-12-06,,4350.2939453125,665.3707275390625,639.6334838867188,81.74906921386719
2021-12-07,,4487.2421875,669.527587890625,651.4533081054688,82.5166015625
2021-12-08,,4370.69091796875,656.8411865234375,638.4161987304688,82.40885925292969
2021-12-09,,4412.31787109375,647.4577026367188,619.3906860351562,81.17003631591797
2021-12-10,,4736.98876953125,647.4577026367188,622.5517578125,80.51024627685547
2021-12-13,,4459.14501953125,649.0528564453125,620.03857421875,80.31497955322266
2021-12-14,,4528.86865234375,653.7727661132812,628.697265625,80.38231658935547
2021-12-15,,4562.1689453125,672.0704345703125,673.30615234375,80.08606719970703
2021-12-16,,4562.1689453125,658.1641845703125,652.4055786132812,77.86427307128906
2021-12-17,,4537.1943359375,661.908203125,662.2423095703125,79.473388671875
2021-12-20,,4537.1943359375,669.0396118164062,681.0519409179688,79.8100357055664
2021-12-21,,4486.40966796875,669.9028930664062,678.4503784179688,79.23774719238281
2021-12-22,,4649.58349609375,672.0892333984375,671.961181640625,79.4397201538086
2021-12-23,,4649.58349609375,674.622802734375,671.15625,79.00209045410156
2021-12-24,,4720.34716796875,705.3067016601562,665.943359375,78.6385269165039
2021-12-27,,4495.56787109375,694.3748779296875,664.1468505859375,78.2076416015625
2021-12-28,,4578.81982421875,689.9646606445312,665.9630126953125,78.09990692138672
2021-12-29,,4537.1943359375,691.982177734375,668.3976440429688,77.42664337158203
2021-12-30,,4514.30810546875,682.307861328125,665.8746337890625,77.32563018798828
2021-12-31,,4766.54345703125,673.2715454101562,666.8563842773438,78.51734161376953
2022-01-03,,4766.54345703125,678.7608642578125,676.4869995117188,78.79338073730469
2022-01-04,,4766.54345703125,699.667236328125,688.4441528320312,79.46665954589844
2022-01-05,,4588.85107421875,704.2369384765625,681.1009521484375,79.18389129638672
2022-01-06,,4620.44482421875,699.3857421875,675.6918334960938,78.5711898803711
2022-01-07,,4620.44482421875,694.3280029296875,675.9960327148438,79.63497924804688
2022-01-10,,4620.44482421875,704.8843994140625,683.9086303710938,81.0421142578125
2022-01-11,,4736.99658203125,705.8414306640625,677.4097290039062,82.25401306152344
2022-01-12,,4587.193359375,706.2825317382812,672.7269897460938,81.8635025024414
2022-01-13,,4495.56787109375,694.3748779296875,667.5043334960938,81.80292510986328
2022-01-14,,4599.00830078125,699.6203002929688,662.5761108398438,82.90034484863281
2022-01-17,,4503.89306640625,695.9138793945312,670.1744995117188,82.24057006835938
2022-01-18,,4578.81982421875,693.9807739257812,662.252197265625,82.14629364013672
2022-01-19,,4578.81982421875,685.7703247070312,648.0859985351562,81.85004425048828
2022-01-20,,4495.56787109375,686.8494262695312,652.111083984375,82.16648864746094
2022-01-21,,4537.1943359375,684.991455078125,655.4881591796875,82.22709655761719
2022-01-24,,4537.1943359375,679.35205078125,653.053466796875,81.76252746582031
2022-01-25,,4537.1943359375,679.3613891601562,672.4030151367188,81.8567886352539
2022-01-26,,4537.1943359375,677.1751098632812,676.7617797851562,81.47301483154297
2022-01-27,,4537.1943359375,672.79296875,682.475341796875,81.47301483154297
2022-01-28,,4662.07080078125,673.2621459960938,668.3387451171875,81.15656280517578
2022-01-31,,4662.07080078125,675.5892333984375,670.6261596679688,81.59420776367188
2022-02-01,,4752.2568359375,670.0248413085938,671.8630981445312,81.92411041259766
2022-02-02,,4752.2568359375,675.5986938476562,680.5217895507812,83.9641342163086
2022-02-03,,4752.2568359375,674.575927734375,672.8546752929688,83.1831283569336
2022-02-04,,4703.69580078125,671.8546752929688,676.1334838867188,83.41204833984375
2022-02-07,,4703.69580078125,670.9163208007812,670.783203125,83.43224334716797
2022-02-08,,4703.69580078125,691.2596435546875,671.9219360351562,83.2033462524414
2022-02-09,,4703.69580078125,693.8682250976562,675.5248413085938,83.63423919677734
2022-02-10,,4578.8271484375,685.92041015625,670.8912353515625,82.36174011230469
2022-02-11,,4662.154296875,679.1925048828125,679.2946166992188,82.96768951416016
2022-02-14,,4662.154296875,676.9498901367188,669.8604125976562,82.54352569580078
2022-02-15,,4662.154296875,675.2233276367188,668.4368896484375,82.15302276611328
2022-02-16,,4745.3212890625,668.3170166015625,664.5100708007812,81.73560333251953
2022-02-17,,4703.69580078125,666.6561889648438,663.1651000976562,82.06549835205078
2022-02-18,,4786.115234375,670.2782592773438,669.2124633789062,82.09243774414062
2022-02-21,,4787.779296875,673.7312622070312,660.8777465820312,81.96450805664062
2022-02-22,,4782.70068359375,675.8426513671875,649.7255249023438,81.66154479980469
2022-02-23,,4662.07080078125,672.3238525390625,653.19091796875,81.7423095703125
2022-02-24,,4495.56787109375,655.90283203125,623.5629272460938,78.39614868164062
2022-02-25,,4495.56787109375,647.4765014648438,621.9235229492188,78.31534576416016
2022-02-28,,4495.56787109375,655.90283203125,637.1105346679688,78.21437072753906
2022-03-01,,4578.81982421875,656.831787109375,629.8948974609375,78.3018798828125
2022-03-02,,4782.78515625,653.9323120117188,613.4414672851562,77.73633575439453
2022-03-03,,4612.119140625,642.0621948242188,605.4012451171875,77.53435516357422
2022-03-04,,4612.119140625,654.2607421875,607.9439086914062,78.28169250488281
2022-03-07,,4612.119140625,642.2968139648438,564.6701049804688,76.080078125
2022-03-08,,4495.56787109375,655.1145629882812,551.5249633789062,75.62899780273438
2022-03-09,,4470.59326171875,655.1145629882812,542.4932250976562,75.60205078125
2022-03-10,,4537.1943359375,655.1239624023438,579.533203125,76.78028869628906
2022-03-11,,4537.1943359375,655.1145629882812,564.5621948242188,76.84088134765625
2022-03-14,,4537.1943359375,655.1145629882812,560.0462646484375,76.70623779296875
2022-03-15,,4537.1943359375,656.8411865234375,572.8182983398438,77.44010162353516
2022-03-16,,4552.80322265625,656.8411865234375,575.9401245117188,76.68602752685547
2022-03-17,,4662.07080078125,656.8411865234375,573.8883666992188,76.88802337646484
2022-03-18,,4695.37109375,637.8865966796875,557.2483520507812,74.49115753173828
2022-03-21,,4695.37109375,651.75537109375,567.0164184570312,76.01685333251953
2022-03-22,,4591.80615234375,656.634765625,561.5286254882812,75.63199615478516
2022-03-23,,4591.80615234375,656.634765625,561.5286254882812,75.63199615478516
2022-03-24,,4578.81982421875,654.8893432617188,574.3792114257812,76.95838928222656
2022-03-25,,4578.81982421875,655.8933715820312,586.7388916015625,78.0098876953125
2022-03-28,,4578.81982421875,655.8933715820312,606.4124755859375,78.14044952392578
2022-03-29,,4654.9912109375,655.85595703125,618.3696899414062,77.8449478149414
2022-03-30,,4654.9912109375,652.1494140625,620.13671875,78.09233093261719
2022-03-31,,4927.29150390625,654.955078125,624.7114868164062,77.59754180908203
2022-04-01,,4986.791015625,656.6441040039062,631.8681640625,78.2847900390625
2022-04-04,,4986.791015625,656.6441040039062,586.974609375,75.15779113769531
2022-04-05,,4986.791015625,656.7473754882812,575.3216552734375,75.29523468017578
2022-04-06,,4654.9912109375,643.704345703125,573.7411499023438,75.4601821899414
2022-04-07,,4654.9912109375,643.704345703125,566.2800903320312,74.93098449707031
2022-04-08,,4654.9912109375,643.704345703125,581.015625,76.65599060058594
2022-04-11,,4647.32421875,656.6534423828125,614.7667846679688,79.5287094116211
2022-04-12,,4701.5419921875,656.8411865234375,612.96044921875,79.96853637695312
2022-04-13,,4608.44189453125,655.90283203125,600.5515747070312,79.79673767089844
2022-04-14,,4697.30126953125,655.001953125,600.9148559570312,79.7555160522461
2022-04-15,,4722.6923828125,667.8017578125,598.4605712890625,79.89295196533203
2022-04-18,,4722.6923828125,670.7191772460938,591.1959228515625,79.41187286376953
2022-04-19,,4725.0703125,661.6578979492188,585.8455810546875,78.99951171875
2022-04-20,,4739.6279296875,657.8613891601562,579.7197265625,76.32611083984375
2022-04-21,,4655.8388671875,657.8613891601562,576.0775756835938,76.50479125976562
2022-04-22,,4754.97216796875,648.201171875,573.898193359375,78.07599639892578
2022-04-25,,4824.263671875,651.9686889648438,575.302001953125,78.77742004394531
2022-04-26,,4951.2109375,651.0993041992188,567.5072631835938,78.41268157958984
2022-04-27,,4908.90869140625,647.6891479492188,560.6744995117188,78.5487060546875
2022-04-28,,4972.3779296875,666.9130249023438,556.404052734375,77.91874694824219
2022-04-29,,4972.3779296875,666.9130249023438,556.404052734375,77.91874694824219
2022-05-02,,4972.3779296875,666.9130249023438,556.404052734375,77.91874694824219
2022-05-03,,4972.3779296875,666.9130249023438,556.404052734375,77.91874694824219
2022-05-04,,4972.3779296875,666.9130249023438,556.404052734375,77.91874694824219
2022-05-05,,4972.3779296875,666.9130249023438,556.404052734375,77.91874694824219
2022-05-06,,4908.89990234375,661.7255249023438,550.1702270507812,76.61593627929688
2022-05-09,,4829.55322265625,645.8440551757812,509.3900146484375,73.6738510131836
2022-05-10,,4908.90869140625,649.3604125976562,506.3368835449219,73.12982177734375
2022-05-11,,4866.58203125,622.7657470703125,500.02447509765625,73.20854949951172
2022-05-12,,4753.0341796875,635.6332397460938,505.12933349609375,73.0152816772461
2022-05-13,,4899.59033203125,641.7095336914062,513.7586059570312,73.56645202636719
2022-05-16,,4823.78955078125,614.390380859375,492.985595703125,72.25648498535156
2022-05-17,,4825.1103515625,624.3598022460938,486.69287109375,72.80768585205078
2022-05-18,,4900.4375,618.8727416992188,496.3626403808594,73.13697814941406
2022-05-19,,4908.8916015625,619.1046142578125,492.69110107421875,72.60724639892578
2022-05-20,,4891.97314453125,619.626220703125,493.5942687988281,73.07969665527344
2022-05-23,,4891.9638671875,619.9450073242188,470.4847717285156,73.05821990966797
2022-05-24,,4891.97314453125,614.6705322265625,459.50927734375,73.25151062011719
2022-05-25,,4891.888671875,618.9307250976562,461.12908935546875,73.45194244384766
2022-05-26,,4887.7421875,620.1865234375,472.7034606933594,74.02461242675781
2022-05-27,,4887.7421875,616.3900756835938,476.964111328125,74.2393569946289
2022-05-30,,4886.3955078125,618.2545166015625,479.70306396484375,74.04608154296875
2022-05-31,,4832.72802734375,618.2545166015625,463.6029968261719,74.01744079589844
2022-06-01,,4891.97314453125,648.2591552734375,455.7198791503906,73.02959442138672
2022-06-02,,4803.10546875,652.1038818359375,443.7430114746094,71.32589721679688
2022-06-03,,4790.40966796875,634.5513305664062,428.19268798828125,69.23567199707031
2022-06-06,,4790.40966796875,628.3397827148438,436.7728576660156,70.2879409790039
2022-06-07,,4781.962890625,627.9147338867188,440.0713806152344,69.49336242675781
2022-06-08,,4908.89990234375,625.4803466796875,456.5444641113281,68.64151000976562
2022-06-09,,4887.826171875,626.2724609375,456.2794189453125,68.25495147705078
2022-06-10,,4887.826171875,646.9646606445312,458.6355285644531,68.1690673828125
2022-06-13,,4887.826171875,636.2708740234375,442.7710876464844,64.74021911621094
2022-06-14,,4887.826171875,645.940673828125,440.002685546875,66.91636657714844
2022-06-15,,4887.826171875,637.6522216796875,445.3824157714844,68.20486450195312
2022-06-16,,4976.609375,635.0343017578125,449.9670104980469,67.99009704589844
2022-06-17,,4976.609375,635.4207153320312,455.30755615234375,68.52699279785156
2022-06-20,,4976.609375,633.730224609375,444.9112548828125,68.29076385498047
2022-06-21,,4976.609375,639.3427734375,456.25982666015625,69.40745544433594
2022-06-22,,4993.6044921875,638.8694458007812,451.2923889160156,69.2428207397461
2022-06-23,,4993.6044921875,627.798828125,453.4521179199219,68.2263412475586
2022-06-24,,4824.263671875,615.462646484375,428.19268798828125,66.47969818115234
2022-06-27,,4824.263671875,642.2118530273438,438.90313720703125,68.17622375488281
2022-06-28,,5069.70947265625,641.777099609375,452.0482482910156,67.98294830322266
2022-06-29,,4908.89990234375,632.5130004882812,449.1424255371094,64.48250579833984
2022-06-30,,4908.89990234375,632.3970947265625,450.6444396972656,65.38446044921875
2022-07-01,,4908.89990234375,643.37109375,444.4105529785156,65.24128723144531
2022-07-04,,4908.89990234375,637.574951171875,432.26678466796875,65.94281768798828
2022-07-05,,4790.40966796875,637.574951171875,427.3484191894531,64.90486145019531
2022-07-06,,4790.40966796875,637.574951171875,429.12530517578125,65.64217376708984
2022-07-07,,4951.21923828125,639.5745849609375,427.4367980957031,65.72805786132812
2022-07-08,,4951.21923828125,639.5745849609375,427.4367980957031,65.72805786132812
2022-07-11,,4951.21923828125,639.5745849609375,427.4367980957031,65.72805786132812
2022-07-12,,4951.21923828125,639.5745849609375,427.4367980957031,65.72805786132812
2022-07-13,,4951.21923828125,630.8320922851562,436.6943054199219,66.61570739746094
2022-07-14,,5078.1728515625,620.5729370117188,448.0919494628906,67.13826751708984
2022-07-15,,5029.50634765625,612.294189453125,443.0263671875,66.4725341796875
2022-07-18,,5029.50634765625,622.852783203125,428.14361572265625,65.09097290039062
2022-07-19,,5061.24609375,626.4656982421875,419.87762451171875,63.40876770019531
2022-07-20,,5061.24609375,620.1865234375,420.31939697265625,63.22981643676758
2022-07-21,,4995.2294921875,611.3667602539062,415.4599304199219,61.94129943847656
2022-07-22,,4995.2294921875,605.3677368164062,411.2974548339844,60.58835220336914
2022-07-25,,4995.2294921875,598.0066528320312,407.2037353515625,59.822418212890625
2022-07-26,,5076.59033203125,600.0933227539062,406.8306579589844,60.072967529296875
2022-07-27,,4985.0732421875,599.9000244140625,408.07745361328125,60.445194244384766
2022-07-28,,4985.0732421875,601.7161865234375,408.6272277832031,61.884033203125
2022-07-29,,4985.0732421875,604.0732421875,404.39605712890625,61.74085235595703
2022-08-01,,5323.6171875,597.697509765625,406.2318115234375,61.540428161621094
2022-08-02,,5073.5185546875,599.9097290039062,409.4911193847656,60.881866455078125
2022-08-03,,5222.0546875,603.7640991210938,433.4742736816406,61.926979064941406
2022-08-04,,5205.04296875,601.8128051757812,443.90008544921875,63.01967239379883
2022-08-05,,5370.09619140625,601.8224487304688,457.6243591308594,64.60045623779297
2022-08-08,,5370.09619140625,601.8224487304688,457.6243591308594,64.60045623779297
2022-08-09,,5370.09619140625,601.8224487304688,457.6243591308594,64.60045623779297
2022-08-10,,5257.2236328125,597.9293823242188,453.0495910644531,66.50174713134766
2022-08-11,,5296.29443359375,599.8904418945312,455.9947509765625,64.170654296875
2022-08-12,,5122.64599609375,601.07861328125,454.8265075683594,66.239501953125
2022-08-15,,5339.70703125,601.7354736328125,465.3013610839844,69.4593276977539
2022-08-16,,5339.70703125,599.0306396484375,471.05413818359375,70.62487030029297
2022-08-17,,5209.47021484375,598.5089721679688,489.1765441894531,70.23150634765625
2022-08-18,,5209.47021484375,595.0699462890625,491.5228271484375,70.37718963623047
2022-08-19,,5209.47021484375,597.7747802734375,483.8753356933594,70.2023696899414
2022-08-22,,5170.39892578125,598.9630737304688,481.5879211425781,69.0076675415039
2022-08-23,,5380.51416015625,600.8660888671875,508.59478759765625,68.89112091064453
2022-08-24,,5270.24658203125,598.8084106445312,500.2600402832031,68.48318481445312
2022-08-25,,5270.24658203125,600.18017578125,511.2846984863281,69.41563415527344
2022-08-26,,5296.29443359375,600.4120483398438,509.2917785644531,68.31563568115234
2022-08-29,,5027.15625,580.4926147460938,502.2136535644531,67.33948516845703
2022-08-30,,5035.81201171875,578.0390014648438,500.5644226074219,66.2176513671875
2022-08-31,,5035.81201171875,579.6135864257812,507.2694396972656,66.04281616210938
2022-09-01,,4974.17626953125,573.5276489257812,513.7979125976562,65.744140625
2022-09-02,,5005.4248046875,577.2371215820312,511.21600341796875,65.46733093261719
2022-09-05,,5005.4248046875,578.3287963867188,507.65234375,64.4693374633789
2022-09-06,,5005.4248046875,577.8168334960938,502.9107360839844,64.43289184570312
2022-09-07,,5001.09228515625,579.7488403320312,498.91510009765625,64.09053802490234
2022-09-08,,5001.09228515625,583.26611328125,505.1588439941406,63.77729797363281
2022-09-09,,5001.09228515625,585.5152587890625,505.12933349609375,63.76271057128906
2022-09-12,,5001.09228515625,580.8486328125,502.9107360839844,63.478614807128906
2022-09-13,,5001.09228515625,581.5917358398438,504.0102233886719,64.0978012084961
2022-09-14,,4948.99609375,580.0361938476562,503.4309997558594,63.20178985595703
2022-09-15,,4914.2666015625,580.491943359375,501.6246643066406,61.59916687011719
2022-09-16,,4914.2666015625,577.3908081054688,498.8758544921875,60.5720329284668
2022-09-19,,4914.2666015625,581.5718994140625,492.80889892578125,59.65415954589844
2022-09-20,,4905.58544921875,579.8082885742188,483.767333984375,59.763431549072266
2022-09-21,,4905.58544921875,582.532958984375,474.58831787109375,59.66872787475586
2022-09-22,,4905.58544921875,571.6045532226562,479.300537109375,59.595882415771484
2022-09-23,,4953.33837890625,571.5253295898438,470.8774719238281,58.96212387084961
2022-09-26,,4862.17236328125,575.528076171875,477.0426025390625,59.042259216308594
2022-09-27,,4948.99609375,579.6002197265625,484.5134582519531,59.049537658691406
2022-09-28,,4948.99609375,579.610107421875,486.9185791015625,59.348209381103516
2022-09-29,,4948.99609375,580.06591796875,493.79058837890625,54.89727783203125
2022-09-30,,4948.99609375,577.5492553710938,487.4781799316406,50.781429290771484
2022-10-03,,4948.99609375,571.2578125,485.1908264160156,49.67416000366211
2022-10-04,,4948.99609375,564.134033203125,496.67681884765625,50.533756256103516
2022-10-05,,4948.99609375,570.1481323242188,507.30877685546875,50.70859146118164
2022-10-06,,4992.40869140625,575.121826171875,503.6567687988281,51.81584930419922
2022-10-07,,4992.40869140625,577.3511352539062,502.4983215332031,52.14366912841797
2022-10-10,,5079.234375,574.6561889648438,505.1784362792969,52.09996032714844
2022-10-11,,5018.45703125,582.0474853515625,504.0494689941406,52.09996032714844
2022-10-12,,5192.10595703125,582.0474853515625,504.1083679199219,52.18737030029297
2022-10-13,,5192.10595703125,582.0474853515625,503.1954040527344,52.10723876953125
2022-10-14,,5209.47021484375,580.5810546875,503.03826904296875,52.12181854248047
2022-10-17,,5209.47021484375,587.6057739257812,501.084716796875,52.09267807006836
2022-10-18,,5079.234375,588.5272216796875,500.3680725097656,52.12181854248047
2022-10-19,,5209.47021484375,588.0317993164062,504.3243408203125,52.10723876953125
2022-10-20,,5209.47021484375,579.610107421875,502.71435546875,52.07810592651367
2022-10-21,,5209.47021484375,574.6561889648438,503.5193786621094,52.07810592651367
2022-10-24,,5215.9814453125,575.7163696289062,501.68353271484375,52.085384368896484
2022-10-25,,5218.15234375,575.2705078125,498.7187805175781,51.786720275878906
2022-10-26,,5218.15234375,564.7483520507812,488.4795227050781,50.88341522216797
2022-10-27,,5192.10595703125,565.6796875,484.06182861328125,50.83242416381836
2022-10-28,,5192.10595703125,564.4609985351562,471.8591613769531,50.66488265991211
2022-10-31,,5020.35595703125,566.86865234375,476.4045104980469,50.79600143432617
2022-11-01,,5108.43212890625,579.0453491210938,483.3648376464844,50.9708366394043
2022-11-02,,5082.0087890625,578.6193237304688,480.6651306152344,50.47548294067383
2022-11-03,,4976.31884765625,589.5180053710938,480.9497985839844,50.344356536865234
2022-11-04,,4976.31884765625,546.7655639648438,474.3821716308594,50.202877044677734
2022-11-07,,4977.19970703125,548.8462524414062,474.78466796875,50.37413787841797
2022-11-08,,4977.19970703125,540.701904296875,480.40985107421875,50.33690643310547
2022-11-09,,4977.19970703125,540.701904296875,480.40985107421875,50.33690643310547
2022-11-10,,4977.19970703125,559.2593994140625,481.89227294921875,51.841060638427734
2022-11-11,,5196.50927734375,557.3867797851562,481.627197265625,51.7442626953125
2022-11-14,,5196.50927734375,553.7506103515625,480.135009765625,52.06444549560547
2022-11-15,,5196.50927734375,553.7506103515625,476.86590576171875,51.945308685302734
2022-11-16,,5196.50927734375,556.4158325195312,478.0832214355469,51.498531341552734
2022-11-17,,5068.79833984375,551.6204223632812,478.8686218261719,50.9921875
2022-11-18,,5068.79833984375,550.8773193359375,479.00604248046875,50.8506965637207
2022-11-21,,5108.43212890625,553.9190673828125,476.73828125,50.7315559387207
2022-11-22,,5108.43212890625,553.3443603515625,478.61334228515625,50.83580780029297
2022-11-23,,5108.43212890625,557.2183837890625,478.24029541015625,50.9102783203125
2022-11-24,,5145.42578125,559.2098388671875,478.2599182128906,50.396480560302734
2022-11-25,,5078.4873046875,564.0944213867188,475.3736877441406,50.634761810302734
2022-11-28,,5152.4716796875,547.161865234375,449.780517578125,49.845458984375
2022-11-29,,5196.50927734375,541.0090942382812,458.6944580078125,50.7836799621582
2022-11-30,,5117.24072265625,536.431640625,464.1429443359375,49.584835052490234
2022-12-01,,5073.203125,532.3396606445312,460.2847900390625,50.57518768310547
2022-12-02,,5091.6982421875,518.36962890625,449.46636962890625,51.08153533935547
2022-12-05,,5091.6982421875,509.1949157714844,434.0044250488281,50.47093200683594
2022-12-06,,5091.6982421875,496.43359375,435.2610168457031,50.58263397216797
2022-12-07,,5091.6982421875,491.59857177734375,445.2940979003906,50.26244354248047
2022-12-08,,5091.6982421875,488.5865783691406,443.6644287109375,49.815670013427734
2022-12-09,,5091.6982421875,485.3367919921875,444.8523254394531,48.974239349365234
2022-12-12,,4976.31884765625,493.39190673828125,445.078125,48.825313568115234
2022-12-13,,4976.31884765625,498.61334228515625,444.9897766113281,49.1231575012207
2022-12-14,,4844.21142578125,498.71240234375,445.47076416015625,49.0338020324707
2022-12-15,,4827.46923828125,496.2453308105469,442.5256652832031,47.9094123840332
2022-12-16,,4827.46923828125,492.8271484375,442.28021240234375,48.0211067199707
2022-12-19,,4703.52734375,500.0697937011719,433.582275390625,48.22960662841797
2022-12-20,,4624.01220703125,474.21026611328125,414.4290771484375,46.8818244934082
2022-12-21,,4712.08935546875,474.4876708984375,423.09765625,46.61376190185547
2022-12-22,,4624.10107421875,478.0743103027344,430.89239501953125,46.86693572998047
2022-12-23,,4284.91845703125,472.47637939453125,422.0668029785156,46.2042236328125
2022-12-26,,4606.283203125,465.6498718261719,427.2993469238281,46.673336029052734
2022-12-27,,4912.68359375,452.63092041015625,426.63177490234375,46.636104583740234
2022-12-28,,4769.3388671875,451.045654296875,423.5884704589844,46.12975311279297
2022-12-29,,5091.91064453125,458.92242431640625,438.78533935546875,44.61815643310547
2022-12-30,,5170.0859375,459.04132080078125,438.41229248046875,47.45519256591797
2023-01-02,,5152.4716796875,456.28692626953125,431.21636962890625,48.03600311279297
2023-01-03,,5152.4716796875,446.0521240234375,423.5099182128906,47.365840911865234
2023-01-04,,5064.39453125,445.85394287109375,424.6977844238281,47.492427825927734
2023-01-05,,4941.087890625,440.5928649902344,422.86199951171875,48.065792083740234
2023-01-06,,4756.2158203125,433.9645080566406,425.18865966796875,47.686031341552734
2023-01-09,,4932.27978515625,429.4861755371094,415.8427429199219,46.1595458984375
2023-01-10,,4932.36865234375,427.8909912109375,428.7326354980469,46.53185272216797
2023-01-11,,4932.36865234375,408.8678894042969,425.8954772949219,47.06053924560547
2023-01-12,,5152.4716796875,397.2360534667969,427.6527404785156,46.837158203125
2023-01-13,,4976.31884765625,393.6692199707031,420.34881591796875,46.44249725341797
2023-01-16,,4755.24609375,385.911376953125,412.58349609375,45.995723724365234
2023-01-17,,4927.87646484375,374.0318298339844,384.56549072265625,45.72020721435547
2023-01-18,,4675.0966796875,366.6207580566406,392.3995361328125,46.1595458984375
2023-01-19,,4632.81982421875,366.09564208984375,384.791259765625,46.308467864990234
2023-01-20,,4676.8583984375,359.3979187011719,376.878662109375,45.94359588623047
2023-01-23,,4571.1748046875,366.4721374511719,382.0425109863281,45.95849609375
2023-01-24,,4571.166015625,363.58892822265625,386.6172790527344,47.10521697998047
2023-01-25,,4591.4248046875,357.1785583496094,389.5623779296875,50.634761810302734
2023-01-26,,4690.0615234375,352.1057434082031,397.4258728027344,54.43236541748047
2023-01-27,,4650.435546875,345.22967529296875,390.6520690917969,56.8598518371582
2023-01-30,,4544.744140625,342.8121337890625,387.9327392578125,54.4025764465332
2023-01-31,,4646.0322265625,350.6195373535156,401.2742004394531,53.82176971435547
2023-02-01,,4584.38720703125,371.4557800292969,397.6614990234375,53.91857147216797
2023-02-02,,4668.05078125,376.74658203125,409.1474914550781,54.343013763427734
2023-02-03,,4724.41943359375,383.18670654296875,406.0256652832031,54.5589599609375
2023-02-06,,4668.0419921875,385.7825622558594,415.6366271972656,54.96849822998047
2023-02-07,,4702.39208984375,394.5312194824219,411.9649963378906,55.2588996887207
2023-02-08,,4681.26171875,419.4593811035156,413.2412414550781,55.94396209716797
2023-02-09,,4875.02197265625,428.9511413574219,422.32208251953125,58.49059295654297
2023-02-10,,4792.8291015625,427.51446533203125,406.63433837890625,58.5054931640625
2023-02-13,,4800.1650390625,419.855712890625,408.31304931640625,58.71397399902344
2023-02-14,,4755.24609375,401.06048583984375,403.9150085449219,56.785396575927734
2023-02-15,,4716.44873046875,401.98193359375,408.7057800292969,58.460811614990234
2023-02-16,,4739.43701171875,398.60333251953125,402.4718933105469,57.180049896240234
2023-02-17,,4739.43701171875,400.76324462890625,403.4732360839844,57.29174041748047
2023-02-20,,4755.24609375,401.29827880859375,401.8043212890625,55.795040130615234
2023-02-21,,4755.24609375,402.7547302246094,405.7900695800781,55.4599609375
2023-02-22,,4680.38037109375,390.9544677734375,408.00872802734375,56.15990447998047
2023-02-23,,4668.05078125,377.9850769042969,406.4183349609375,54.640869140625
2023-02-24,,4668.05078125,376.4295349121094,408.1559753417969,51.7963752746582
2023-02-27,,4668.05078125,374.7154846191406,406.3594665527344,52.228271484375
2023-02-28,,4615.205078125,371.5449523925781,406.09442138671875,51.65489959716797
2023-03-01,,4812.49609375,370.54425048828125,400.4593811035156,52.138912200927734
2023-03-02,,4667.8564453125,373.9030456542969,389.532958984375,53.2632942199707
2023-03-03,,4756.126953125,377.1032409667969,397.3375244140625,53.3079719543457
2023-03-06,,4638.13134765625,403.3591003417969,402.72711181640625,53.3675537109375
2023-03-07,,4637.22412109375,406.420654296875,405.7409973144531,54.737667083740234
2023-03-08,,4839.79931640625,409.1354064941406,409.3438720703125,55.653564453125
2023-03-09,,4839.79931640625,401.98193359375,412.6129150390625,55.6982421875
2023-03-10,,4839.79931640625,397.2063293457031,413.6241149902344,56.04821014404297
2023-03-13,,4716.49267578125,396.354248046875,414.1444091796875,56.234371185302734
2023-03-14,,4663.64697265625,396.3641357421875,407.5178527832031,55.951412200927734
2023-03-15,,4663.64697265625,406.0441589355469,416.7361145019531,56.3311767578125
2023-03-16,,4505.109375,407.48077392578125,418.4737548828125,57.537471771240234
2023-03-17,,4505.109375,396.47314453125,412.3380432128906,56.301387786865234
2023-03-20,,4505.109375,396.31463623046875,408.07745361328125,55.92152786254883
2023-03-21,,4563.23974609375,396.4335021972656,405.9569396972656,56.149452209472656
2023-03-22,,4403.953125,395.3238220214844,398.9180603027344,55.44293212890625
2023-03-23,,4403.953125,395.3238220214844,398.9180603027344,55.44293212890625
2023-03-24,,4491.986328125,394.6104736328125,395.5311584472656,55.07826614379883
2023-03-27,,4540.3837890625,391.3606872558594,396.4736022949219,55.420127868652344
2023-03-28,,4609.65625,389.35931396484375,393.0965576171875,56.787593841552734
2023-03-29,,4494.98046875,388.17034912109375,388.8555603027344,55.83037567138672
2023-03-30,,4383.91552734375,408.1446228027344,390.7306213378906,55.404937744140625
2023-03-31,,4419.23486328125,409.45245361328125,395.0796203613281,55.67083740234375
2023-04-03,,4419.23486328125,405.9549865722656,392.6940612792969,55.56447219848633
2023-04-04,,4505.109375,396.31463623046875,394.5691223144531,55.48090362548828
2023-04-05,,4513.91650390625,401.9324035644531,395.5409851074219,56.08106231689453
2023-04-06,,4664.859375,399.0095520019531,402.3638916015625,56.60526657104492
2023-04-07,,4551.00634765625,394.7392883300781,396.984130859375,56.43052673339844
2023-04-10,,4508.24462890625,396.3047180175781,392.6351623535156,55.4961051940918
2023-04-11,,4576.82470703125,388.3189697265625,391.8006591796875,55.45811462402344
2023-04-12,,4545.41650390625,392.2028503417969,391.08404541015625,56.54449462890625
2023-04-13,,4705.599609375,394.1943359375,394.8537902832031,56.415340423583984
2023-04-14,,4705.599609375,394.1943359375,394.8537902832031,56.415340423583984
2023-04-17,,4801.3984375,396.9685363769531,389.69000244140625,56.407745361328125
2023-04-18,,4892.8544921875,393.8277282714844,385.7828063964844,56.939537048339844
2023-04-19,,4753.08203125,396.31463623046875,387.5204162597656,56.8863525390625
2023-04-20,,4755.6708984375,396.31463623046875,393.3321533203125,57.364967346191406
2023-04-21,,4755.6708984375,396.31463623046875,393.3321533203125,57.364967346191406
2023-04-24,,4755.6708984375,396.31463623046875,393.3321533203125,57.364967346191406
2023-04-25,,4755.6708984375,396.31463623046875,393.3321533203125,57.364967346191406
2023-04-26,,4755.6708984375,396.31463623046875,389.6998291015625,56.719215393066406
2023-04-27,,4878.203125,390.587890625,394.6770935058594,56.21021270751953
2023-04-28,,4823.64990234375,404.0031433105469,393.8328552246094,55.08586883544922
2023-05-01,,4823.64990234375,404.0031433105469,393.8328552246094,55.08586883544922
2023-05-02,,4810.55322265625,394.94732666015625,423.3627014160156,59.21104049682617
2023-05-03,,4833.4169921875,392.31182861328125,449.9179382324219,59.43893814086914
2023-05-04,,5195.91796875,396.2452697753906,448.0330810546875,59.112274169921875
2023-05-05,,5386.71142578125,396.31463623046875,447.0710144042969,59.615787506103516
2023-05-08,,5283.111328125,387.952392578125,438.883544921875,59.205230712890625
2023-05-09,,5283.111328125,389.3791198730469,435.0941467285156,56.935550689697266
2023-05-10,,5304.40234375,388.39825439453125,436.22308349609375,55.649662017822266
2023-05-11,,5212.94677734375,395.30401611328125,449.12274169921875,56.71091079711914
2023-05-12,,5304.40234375,391.8758850097656,456.397216796875,56.46303176879883
2023-05-15,,5304.40234375,388.0712585449219,458.38031005859375,56.625701904296875
2023-05-16,,5304.39306640625,391.3606872558594,458.8318786621094,57.08273696899414
2023-05-17,,5441.58544921875,388.4180603027344,457.2709655761719,57.36160659790039
2023-05-18,,5715.95068359375,386.4067687988281,460.0491943359375,56.579219818115234
2023-05-19,,5867.99462890625,395.7300720214844,463.1121520996094,56.61796188354492
2023-05-22,,6023.85302734375,388.3883361816406,462.62127685546875,56.38557434082031
2023-05-23,,5944.5888671875,393.2828063964844,461.19781494140625,56.222896575927734
2023-05-24,,6127.49951171875,393.2828063964844,460.5400695800781,56.64893341064453
2023-05-25,,6127.49951171875,392.3514709472656,469.1202087402344,56.18415832519531
2023-05-26,,6129.328125,393.2233581542969,498.0217590332031,55.92079162597656
2023-05-29,,5999.46240234375,387.0408630371094,504.0102233886719,55.91304397583008
2023-05-30,,6301.2646484375,387.0408630371094,527.1982421875,57.57075500488281
2023-05-31,,6301.2646484375,390.181640625,506.4153747558594,56.92781448364258
2023-06-01,,5981.17138671875,386.41668701171875,507.1712951660156,56.51725387573242
2023-06-02,,5981.17138671875,386.41668701171875,506.169921875,55.91304397583008
2023-06-05,,5935.4248046875,394.3330383300781,502.6260070800781,55.76586151123047
2023-06-06,,5935.4248046875,395.45263671875,505.54168701171875,55.51797866821289
2023-06-07,,5944.5888671875,393.4314270019531,505.2078857421875,55.572200775146484
2023-06-08,,6036.0439453125,393.33233642578125,498.6697082519531,54.619407653808594
2023-06-09,,5898.861328125,389.32958984375,498.9053039550781,54.10813903808594
2023-06-12,,6301.2646484375,382.1959228515625,516.5859375,52.10185241699219
2023-06-13,,6301.2646484375,384.8215026855469,501.90936279296875,52.41170120239258
2023-06-14,,5990.31640625,384.8215026855469,502.7830810546875,53.070133209228516
2023-06-15,,5990.31640625,389.8547058105469,502.1449279785156,53.32575988769531
2023-06-16,,5990.31640625,381.898681640625,501.90936279296875,53.05464172363281
2023-06-19,,5990.31640625,371.0892028808594,502.29217529296875,53.10112380981445
2023-06-20,,6081.771484375,371.0892028808594,503.3132019042969,52.7370491027832
2023-06-21,,6081.771484375,350.50067138671875,503.38189697265625,52.75253677368164
2023-06-22,,5896.57470703125,350.98614501953125,503.7745666503906,52.55887222290039
2023-06-23,,5896.57470703125,366.4424133300781,503.3622741699219,52.806766510009766
2023-06-26,,5896.57470703125,369.9002380371094,515.7122192382812,54.17011642456055
2023-06-27,,5896.57470703125,366.5910339355469,512.5413208007812,56.726409912109375
2023-06-28,,5896.57470703125,366.5910339355469,512.5413208007812,56.726409912109375
2023-06-29,,5896.57470703125,366.5910339355469,512.5413208007812,56.726409912109375
2023-06-30,,5896.57470703125,366.5910339355469,512.5413208007812,56.726409912109375
2023-07-03,,6036.0439453125,379.0848388671875,550.9850463867188,60.90941619873047
2023-07-04,,5898.861328125,373.5265197753906,536.8975219726562,59.476356506347656
2023-07-05,,5898.861328125,376.4989013671875,532.9019775390625,60.25872802734375
2023-07-06,,5903.43408203125,396.2749938964844,548.2656860351562,61.304481506347656
2023-07-07,,5903.43408203125,395.66070556640625,545.9390258789062,61.23476791381836
2023-07-10,,6104.6357421875,403.51763916015625,547.097412109375,60.54534912109375
2023-07-11,,6154.9365234375,421.68865966796875,557.1207275390625,61.45941925048828
2023-07-12,,6173.2265625,421.08428955078125,568.06689453125,61.893192291259766
2023-07-13,,6127.49951171875,407.3222351074219,571.2279052734375,61.513648986816406
2023-07-14,,6127.49951171875,406.2918395996094,569.1171875,60.73900604248047
2023-07-17,,6127.49951171875,414.0496826171875,570.6978149414062,60.73900604248047
2023-07-18,,6127.49951171875,406.2026672363281,571.7874755859375,60.48338317871094
2023-07-19,,6218.9541015625,398.20703125,571.0021362304688,60.48338317871094
2023-07-20,,6127.49951171875,405.231689453125,572.6218872070312,60.44464111328125
2023-07-21,,6127.49951171875,397.7215576171875,572.3568725585938,61.23476791381836
2023-07-24,,6218.9541015625,397.7215576171875,572.2882080078125,61.56011962890625
2023-07-25,,6223.11572265625,394.8779602050781,572.2488403320312,66.17693328857422
2023-07-26,,6218.9541015625,405.231689453125,573.3582153320312,65.7818832397461
2023-07-27,,6218.9541015625,405.231689453125,573.3582153320312,65.7818832397461
2023-07-28,,6218.9541015625,405.231689453125,573.3582153320312,65.7818832397461
2023-07-31,,6356.13720703125,389.5673522949219,577.77587890625,75.34082794189453
2023-08-01,,6401.865234375,399.2770690917969,581.5260009765625,74.86833190917969
2023-08-02,,6539.04736328125,395.3238220214844,581.6929931640625,79.16753387451172
2023-08-03,,6465.88330078125,405.80633544921875,588.36865234375,81.52241516113281
2023-08-04,,6492.70703125,405.7270812988281,592.4328002929688,82.36734008789062
2023-08-07,,6577.99853515625,396.31463623046875,596.4775390625,82.06726837158203
2023-08-08,,6512.86083984375,391.3606872558594,591.3038940429688,79.68255615234375
2023-08-09,,6512.84228515625,393.67913818359375,596.9192504882812,81.55400848388672
2023-08-10,,6601.3984375,396.31463623046875,599.972412109375,80.20372009277344
2023-08-11,,6681.27392578125,396.31463623046875,604.3998413085938,80.8828125
2023-08-14,,6681.27392578125,396.31463623046875,604.3998413085938,80.8828125
2023-08-15,,6791.06201171875,393.3422546386719,611.6940307617188,80.63011932373047
2023-08-16,,6791.9921875,392.3514709472656,615.1103515625,79.97472381591797
2023-08-17,,6791.9921875,396.3047180175781,612.3124389648438,80.01421356201172
2023-08-18,,6885.03369140625,391.3606872558594,602.7310791015625,79.95104217529297
2023-08-21,,6698.95166015625,389.35931396484375,594.6514892578125,77.82689666748047
2023-08-22,,6698.95166015625,386.4067687988281,591.598388671875,77.82689666748047
2023-08-23,,6698.95166015625,382.5030517578125,589.87060546875,78.79815673828125
2023-08-24,,6603.89111328125,393.3422546386719,589.68408203125,78.8850326538086
2023-08-25,,6605.91064453125,388.17034912109375,589.2030639648438,78.7823715209961
2023-08-28,,6605.91064453125,379.8774719238281,579.4251708984375,78.11906433105469
2023-08-29,,6605.91064453125,384.91064453125,574.3694458007812,77.06095886230469
2023-08-30,,6605.33349609375,366.6009521484375,569.8633422851562,77.28205871582031
2023-08-31,,6430.0634765625,357.6739501953125,550.0328369140625,75.91598510742188
2023-09-01,,6512.86962890625,366.4820556640625,545.0457153320312,75.70277404785156
2023-09-04,,6512.86962890625,366.4820556640625,550.0033569335938,76.05021667480469
2023-09-05,,6512.86962890625,356.68316650390625,545.222412109375,77.10833740234375
2023-09-06,,6512.86962890625,356.68316650390625,543.3866577148438,77.1004409790039
2023-09-07,,6512.86962890625,356.68316650390625,528.6216430664062,76.97409057617188
2023-09-08,,6605.91064453125,356.68316650390625,533.765869140625,76.83984375
2023-09-11,,6605.91064453125,352.72991943359375,531.8809204101562,76.4134521484375
2023-09-12,,6605.91064453125,352.7200012207031,522.1914672851562,76.00283813476562
2023-09-13,,6605.91064453125,344.7937316894531,534.983154296875,75.69487762451172
2023-09-14,,6526.826171875,339.83978271484375,518.5389404296875,75.63959503173828
2023-09-15,,6533.8037109375,339.3741149902344,537.1572875976562,75.12632751464844
2023-09-18,,6512.86962890625,337.1151123046875,533.2734985351562,75.45008850097656
2023-09-19,,6605.91064453125,342.5743713378906,530.8226928710938,75.82121276855469
2023-09-20,,6600.021484375,348.7568664550781,529.607177734375,75.41851043701172
2023-09-21,,6596.6064453125,347.8948974609375,543.6105346679688,76.0107421875
2023-09-22,,6512.86962890625,347.81561279296875,544.1539916992188,76.02651977539062
2023-09-25,,6512.86962890625,346.8248291015625,549.5399169921875,74.56570434570312
2023-09-26,,6689.64794921875,340.32525634765625,552.5935668945312,73.0259017944336
2023-09-27,,6645.72314453125,342.8220520019531,553.9771118164062,71.47029876708984
2023-09-28,,6645.72314453125,342.8220520019531,553.9771118164062,71.47029876708984
2023-09-29,,6645.72314453125,342.8220520019531,553.9771118164062,71.47029876708984
2023-10-02,,6605.91064453125,332.9141845703125,557.7719116210938,71.0912857055664
2023-10-03,,6605.91064453125,334.8858642578125,561.181396484375,71.07548522949219
2023-10-04,,6605.91064453125,332.904296875,563.0886840820312,75.1184310913086
2023-10-05,,6605.91064453125,337.85821533203125,574.9080200195312,76.08180236816406
2023-10-06,,6605.91064453125,344.4766540527344,573.3565063476562,74.96051788330078
2023-10-09,,6605.91064453125,344.7937316894531,573.455322265625,74.12348937988281
2023-10-10,,6512.86962890625,345.7845153808594,575.8863525390625,74.26563262939453
2023-10-11,,6644.1591796875,346.1114501953125,574.2261352539062,74.8183822631836
2023-10-12,,6644.1591796875,356.7921447753906,578.1988525390625,75.28426361083984
2023-10-13,,6697.09033203125,374.25970458984375,585.4722900390625,76.74510192871094
2023-10-16,,6791.9921875,371.49542236328125,580.7979125976562,76.65032958984375
2023-10-17,,6803.5390625,371.0396423339844,585.4722900390625,75.82910919189453
2023-10-18,,6791.9921875,377.1825256347656,588.9212036132812,75.1500244140625
2023-10-19,,6875.72998046875,381.9482116699219,589.2374877929688,77.57422637939453
2023-10-20,,6698.95166015625,381.45281982421875,598.1316528320312,78.83763885498047
2023-10-23,,6698.95166015625,396.2749938964844,600.0982055664062,78.44282531738281
2023-10-24,,6698.95166015625,397.4342041015625,602.173583984375,78.26911926269531
2023-10-25,,6791.9921875,406.37109375,599.3076782226562,76.95040893554688
2023-10-26,,6791.9833984375,406.51971435546875,602.1932983398438,75.82121276855469
2023-10-27,,6629.1708984375,396.31463623046875,605.3656005859375,75.31584930419922
2023-10-30,,6758.52880859375,396.2948303222656,625.3280029296875,73.98136138916016
2023-10-31,,6758.52880859375,391.34088134765625,627.0178833007812,74.02873992919922
2023-11-01,,6749.15576171875,395.3238220214844,630.5458984375,75.37113189697266
2023-11-02,,6749.15576171875,400.27777099609375,649.2631225585938,76.65697479248047
2023-11-03,,6842.89404296875,420.2322082519531,656.8330688476562,75.57331085205078
2023-11-06,,6842.89404296875,421.08428955078125,684.869384765625,76.22836303710938
2023-11-07,,6842.89404296875,410.34417724609375,710.7216796875,76.05852508544922
2023-11-08,,6842.89404296875,405.01373291015625,709.9705810546875,77.69210815429688
2023-11-09,,6842.89404296875,405.01373291015625,709.9705810546875,77.69210815429688
2023-11-10,,6842.89404296875,407.1934814453125,711.9866333007812,78.17731475830078
2023-11-13,,7356.111328125,406.34136962890625,731.7612915039062,78.81620025634766
2023-11-14,,7874.015625,410.1856384277344,721.91845703125,78.66254425048828
2023-11-15,,7874.015625,401.43701171875,711.571533203125,78.91323852539062
2023-11-16,,8248.96875,397.8800354003906,708.5772094726562,78.8970718383789
2023-11-17,,8061.49267578125,399.3959655761719,689.9785766601562,78.46037292480469
2023-11-20,,7967.75244140625,406.3215637207031,673.712158203125,77.98324584960938
2023-11-21,,7967.75244140625,417.22021484375,683.298095703125,78.24202728271484
2023-11-22,,8014.623046875,448.5092468261719,707.8558349609375,78.54125213623047
2023-11-23,,7967.75244140625,482.1464538574219,718.44970703125,78.37142181396484
2023-11-24,,8031.0263671875,475.874755859375,709.249267578125,82.01866149902344
2023-11-27,,7920.88427734375,472.0701599121094,721.4737548828125,88.17289733886719
2023-11-28,,7967.75244140625,471.56488037109375,752.33642578125,92.7986831665039
2023-11-29,,7967.75244140625,467.97821044921875,747.5928955078125,89.91161346435547
2023-11-30,,7967.75244140625,468.64202880859375,777.7243041992188,90.307861328125
2023-12-01,,7967.75244140625,476.8160400390625,808.8538208007812,90.20274353027344
2023-12-04,,8061.50146484375,474.69573974609375,804.8020629882812,90.1784896850586
2023-12-05,,8061.50146484375,475.5775451660156,793.99072265625,90.67987823486328
2023-12-06,,8155.22998046875,486.9715881347656,799.3865356445312,94.58590698242188
2023-12-07,,8155.21142578125,495.3932800292969,788.4566040039062,97.92585754394531
2023-12-08,,8342.7060546875,495.8193054199219,784.7605590820312,104.74322509765625
2023-12-11,,8014.623046875,497.3748474121094,778.0010375976562,100.69970703125
2023-12-12,,8155.22998046875,489.0720520019531,798.477294921875,100.05274963378906
2023-12-13,,7973.37841796875,484.10821533203125,797.933837890625,99.38151550292969
2023-12-14,,7967.75244140625,468.64202880859375,803.25048828125,99.73735046386719
2023-12-15,,7967.75244140625,474.8344421386719,800.5328979492188,100.93423461914062
2023-12-18,,7967.75244140625,463.6881103515625,787.9624633789062,99.93953704833984
2023-12-19,,7592.7998046875,447.83551025390625,773.801025390625,97.0524673461914
2023-12-20,,7592.7998046875,438.91845703125,758.4734497070312,96.36506652832031
2023-12-21,,7410.9482421875,454.5728454589844,764.1261596679688,96.78558349609375
2023-12-22,,7410.9482421875,450.8078918457031,755.2814331054688,93.76912689208984
2023-12-25,,7410.9482421875,450.8078918457031,755.2814331054688,93.76912689208984
2023-12-26,,7311.5849609375,435.9460754394531,734.834716796875,87.33993530273438
2023-12-27,,7311.5849609375,445.85394287109375,752.2079467773438,88.98159790039062
2023-12-28,,7499.0615234375,452.79937744140625,774.1468505859375,89.89543151855469
2023-12-29,,7689.3505859375,455.9698791503906,777.7243041992188,89.63664245605469
2024-01-01,,7689.3505859375,460.84454345703125,801.1455688476562,93.60738372802734
2024-01-02,,7686.53857421875,451.2240295410156,790.7097778320312,94.23817443847656
2024-01-03,,7686.53857421875,456.2572021484375,793.99072265625,95.17626953125
2024-01-04,,7686.53857421875,460.0321044921875,785.0471801757812,94.21390533447266
2024-01-05,,7874.015625,457.3272399902344,780.4617309570312,94.9498291015625
2024-01-08,,7733.40771484375,450.9961242675781,777.5562744140625,94.10069274902344
2024-01-09,,7686.53857421875,450.9664001464844,775.7083129882812,93.46990966796875
2024-01-10,,7686.53857421875,450.0945129394531,771.5873413085938,93.033203125
2024-01-11,,7686.53857421875,450.75836181640625,780.5604858398438,94.9579086303711
2024-01-12,,7686.53857421875,450.8078918457031,778.7916259765625,95.80705261230469
2024-01-15,,7499.0615234375,444.8631591796875,770.747314453125,95.22479248046875
2024-01-16,,7686.53857421875,435.9460754394531,763.3751220703125,95.22479248046875
2024-01-17,,7686.53857421875,435.9460754394531,753.9966430664062,93.34049987792969
2024-01-18,,7686.53857421875,430.0013732910156,742.2958984375,92.71780395507812
2024-01-19,,7686.53857421875,422.0750732421875,740.6553955078125,92.70162963867188
2024-01-22,,7752.15478515625,417.3886413574219,741.8215942382812,93.00086212158203
2024-01-23,,7827.1455078125,419.83587646484375,732.601318359375,93.81764221191406
2024-01-24,,7780.27685546875,426.0382080078125,741.3472290039062,93.59121704101562
2024-01-25,,7780.27685546875,421.1833801269531,740.8530883789062,93.68016815185547
2024-01-26,,7780.27685546875,417.90386962890625,734.9730224609375,92.19214630126953
2024-01-29,,7780.27685546875,414.1487731933594,731.75146484375,90.5989990234375
2024-01-30,,7780.27685546875,401.2190246582031,724.6361083984375,89.80648040771484
2024-01-31,,7686.53857421875,396.4136962890625,725.3377075195312,89.91161346435547
2024-02-01,,7686.53857421875,398.29620361328125,718.5781860351562,90.34830474853516
2024-02-02,,7686.53857421875,411.7709045410156,732.7297973632812,90.46961212158203
2024-02-06,,7686.53857421875,418.87481689453125,740.6751708984375,90.8173599243164
2024-02-07,,7686.53857421875,431.9829406738281,746.4366455078125,91.33492279052734
2024-02-08,,7686.53857421875,431.9829406738281,746.4366455078125,91.33492279052734
2024-02-09,,7686.53857421875,431.9829406738281,738.2244262695312,89.53961181640625
2024-02-12,,7686.53857421875,431.9829406738281,713.3800659179688,87.67959594726562
2024-02-13,,7686.53857421875,422.0750732421875,714.210205078125,88.95734405517578
2024-02-14,,7686.53857421875,426.0382080078125,721.7406005859375,90.49388122558594
2024-02-15,,7686.53857421875,417.1211242675781,714.7339477539062,88.66620635986328
2024-02-16,,7686.53857421875,411.1764221191406,695.1766967773438,89.005859375
2024-02-19,,7414.80078125,410.23516845703125,702.2623901367188,89.41020202636719
2024-02-20,,7414.80078125,440.9991149902344,691.6586303710938,88.95734405517578
2024-02-21,,7414.80078125,474.0715637207031,717.1847534179688,90.36447143554688
2024-02-22,,7414.80078125,463.6484680175781,707.95458984375,91.343017578125
2024-02-23,,7414.80078125,474.1706237792969,719.9913940429688,92.00614166259766
2024-02-26,,7105.361328125,485.4754943847656,725.0017700195312,92.7986831665039
2024-02-27,,7292.837890625,477.5591125488281,727.6897583007812,93.14642333984375
2024-02-28,,7292.837890625,473.5365295410156,751.9312744140625,92.83910369873047
2024-02-29,,7292.837890625,468.8897399902344,743.53125,93.7853012084961
2024-03-01,,7377.2021484375,457.7532958984375,738.28369140625,94.66677856445312
2024-03-04,,7377.2021484375,465.669677734375,754.8959350585938,93.34049987792969
2024-03-05,,7196.75634765625,452.4129638671875,754.7576293945312,93.56693267822266
2024-03-06,,7686.53857421875,455.7618103027344,749.85595703125,93.76912689208984
2024-03-07,,7395.9501953125,454.7710266113281,744.0352783203125,92.94425201416016
2024-03-08,,7545.931640625,450.8078918457031,749.0653686523438,92.56414794921875
2024-03-11,,7103.27099609375,467.6512451171875,754.0856323242188,92.7339859008789
2024-03-12,,7011.623046875,456.7525939941406,749.7868041992188,91.9333724975586
2024-03-13,,6965.578125,455.3456726074219,746.071044921875,91.213623046875
2024-03-14,,7030.37109375,452.3931579589844,756.1016235351562,91.90911102294922
2024-03-15,,7030.37109375,452.3931579589844,765.9840087890625,91.86058807373047
2024-03-18,,7030.37109375,445.9629211425781,752.7910766601562,91.0307388305664
2024-03-19,,6955.3798828125,448.38043212890625,753.9275512695312,90.7289810180664
2024-03-20,,7039.744140625,450.8078918457031,753.3345336914062,90.7038345336914
2024-03-21,,7039.744140625,446.3493347167969,742.2366943359375,89.68958282470703
2024-03-22,,6749.15576171875,444.8631591796875,738.5603637695312,88.0047607421875
2024-03-26,,6936.63232421875,444.5560302734375,741.9896240234375,87.3509521484375
2024-03-27,,7156.9169921875,448.0237731933594,751.4371948242188,87.56050872802734
2024-03-28,,7124.41796875,465.669677734375,760.6574096679688,88.5579833984375
2024-03-29,,7124.41796875,474.4183044433594,755.9829711914062,87.52698516845703
2024-04-01,,7124.41796875,474.3687744140625,747.7510375976562,88.0047607421875
2024-04-02,,7124.41796875,451.36273193359375,753.225830078125,87.6778564453125
2024-04-03,,7124.41796875,460.2203674316406,789.2669067382812,89.24533081054688
2024-04-04,,7093.072265625,494.7393493652344,781.7760620117188,91.24030303955078
2024-04-05,,7093.072265625,,,
2024-04-08,,7110.927734375,518.8055419921875,790.2354736328125,92.45571899414062
2024-04-09,,7110.927734375,540.27587890625,787.21142578125,91.91088104248047
2024-04-10,,7110.927734375,,,
2024-04-15,,7071.56103515625,525.1168823242188,790.2156372070312,93.00894165039062
2024-04-16,,7071.56103515625,530.3977661132812,790.620849609375,97.07431030273438
2024-04-17,,7142.04248046875,527.0984497070312,794.6923828125,96.74740600585938
2024-04-18,,7092.70556640625,535.0247192382812,782.4580078125,95.85051727294922
2024-04-19,,7142.04248046875,542.9510498046875,779.2462158203125,96.46241760253906
2024-04-22,,7190.91845703125,544.9326171875,796.7775268554688,96.00138854980469
2024-04-23,,7217.5595703125,544.8930053710938,816.47314453125,97.18328094482422
2024-04-24,,7241.65576171875,549.8270874023438,849.7866821289062,99.0776596069336
2024-04-25,,7227.43701171875,569.45458984375,837.5424194335938,98.6836929321289
2024-04-26,,7351.23779296875,572.298095703125,853.601318359375,98.81781005859375
2024-04-29,,7033.2197265625,560.2105102539062,836.7122802734375,97.8035659790039
2024-04-30,,7033.9716796875,560.220458984375,827.7984008789062,97.6275405883789
2024-05-02,,7033.9716796875,554.4243774414062,826.88916015625,94.39200592041016
2024-05-03,,7128.05029296875,554.6819458007812,838.8270874023438,93.96451568603516
2024-05-06,,7104.45263671875,596.2553100585938,849.8855590820312,93.88069915771484
2024-05-07,,7076.26025390625,609.1355590820312,843.6497192382812,94.61832427978516
2024-05-08,,7048.068359375,604.5284423828125,832.2059326171875,95.35597229003906
2024-05-09,,7048.068359375,628.802734375,826.2764282226562,95.18831634521484
2024-05-10,,7036.32177734375,635.9957885742188,852.0892944335938,94.68537902832031
2024-05-13,,6955.03369140625,658.3875732421875,856.5264282226562,95.079345703125
2024-05-14,,6866.3037109375,663.8269653320312,869.225341796875,96.3115463256836
2024-05-15,,6935.298828125,663.80712890625,882.556640625,96.47917938232422
2024-05-16,,6841.32470703125,662.3308715820312,881.4498291015625,97.21681213378906
2024-05-17,,6982.1162109375,663.0938110351562,876.251708984375,96.78093719482422
2024-05-20,,6970.83984375,659.8638305664062,873.6823120117188,95.381103515625
2024-05-21,,6880.11767578125,673.1998291015625,871.7255859375,95.31404876708984
2024-05-22,,6766.14501953125,683.5733642578125,865.588623046875,94.66023254394531
2024-05-23,,6766.14501953125,683.3554077148438,862.1693115234375,94.96200561523438
2024-05-24,,6758.73974609375,673.9924926757812,880.0070190429688,95.80021667480469
2024-05-27,,6766.13671875,670.5543823242188,877.5166625976562,97.04916381835938
2024-05-28,,6766.13671875,670.5543823242188,877.5166625976562,97.04916381835938
2024-05-29,,6728.376953125,668.7809448242188,876.0540771484375,95.40625
2024-05-30,,6761.91650390625,669.623046875,887.408935546875,95.33081817626953
2024-05-31,,6761.0234375,672.9818725585938,888.278564453125,95.531982421875
2024-06-03,,6906.34521484375,668.2855224609375,890.7788696289062,94.78596496582031
2024-06-04,,6860.03564453125,661.1023559570312,898.0918579101562,93.86392974853516
2024-06-05,,6860.11962890625,668.7809448242188,899.1097412109375,91.24030303955078
2024-06-06,,6849.06884765625,668.7809448242188,904.2979125976562,91.21515655517578
2024-06-07,,6573.80810546875,683.6427001953125,900.177001953125,89.56385803222656
2024-06-10,,6577.65234375,683.7120971679688,891.6583862304688,88.41549682617188
2024-06-11,,6576.30810546875,673.7744750976562,885.89697265625,88.0131607055664
2024-06-12,,6573.498046875,674.1509399414062,880.0465698242188,87.81198120117188
2024-06-13,,6586.3544921875,705.994873046875,945.9917602539062,91.79352569580078
2024-06-14,,6670.21630859375,722.51123046875,935.3088989257812,94.19084167480469
2024-06-20,,6670.5546875,718.785888671875,939.8646850585938,102.19584655761719
2024-06-21,,6656.8818359375,715.3082885742188,906.6301879882812,105.3224105834961
2024-06-24,,6762.38671875,703.4584350585938,889.7609252929688,106.31151580810547
2024-06-25,,6725.12548828125,702.2496948242188,893.7534790039062,105.87562561035156
2024-06-26,,6497.37939453125,703.953857421875,891.3816528320312,103.69625091552734
2024-06-27,,6509.52099609375,708.4124145507812,892.3599853515625,103.90580749511719
2024-06-28,,6723.07666015625,726.2266845703125,896.0658569335938,103.96449279785156
2024-07-01,,6579.08984375,752.8689575195312,888.4169921875,104.83624267578125
2024-07-02,,6513.3544921875,760.7754516601562,891.0457153320312,105.64092254638672
2024-07-03,,6634.966796875,792.8175048828125,902.43017578125,111.08097839355469
2024-07-04,,6578.56298828125,786.2485961914062,915.23779296875,111.24024963378906
2024-07-05,,6578.26220703125,772.8135375976562,908.2608032226562,116.51264190673828
2024-07-08,,6630.0234375,785.08935546875,917.2537231445312,119.84876251220703
2024-07-09,,6578.15966796875,781.21533203125,913.0142211914062,117.8118896484375
2024-07-10,,6615.25146484375,782.7213745117188,899.7421875,115.6408920288086
2024-07-11,,6623.19189453125,769.801513671875,895.7299194335938,117.30894470214844
2024-07-12,,6620.4853515625,790.6080322265625,892.616943359375,122.90827178955078
2024-07-15,,6719.158203125,789.6172485351562,913.6071166992188,124.70207214355469
2024-07-16,,6719.158203125,789.6172485351562,913.6071166992188,124.70207214355469
2024-07-17,,6719.158203125,789.6172485351562,913.6071166992188,124.70207214355469
2024-07-18,,6717.72119140625,785.6937255859375,916.7200927734375,124.17398071289062
2024-07-19,,6582.8955078125,759.9134521484375,916.789306640625,118.77582550048828
2024-07-22,,6576.3173828125,718.052734375,898.9713134765625,119.38772583007812
2024-07-23,,6531.20947265625,711.8504028320312,896.97509765625,118.44892883300781
2024-07-24,,6596.99169921875,730.705078125,901.876708984375,118.59982299804688
2024-07-25,,6537.75,717.0619506835938,892.7553100585938,117.13294219970703
2024-07-26,,6484.22265625,705.4895629882812,890.1265869140625,114.7691421508789
2024-07-29,,6531.14404296875,728.90185546875,892.033935546875,114.09019470214844
2024-07-30,,6439.8671875,743.0899047851562,884.8099365234375,112.01140594482422
2024-07-31,,6545.775390625,739.5429077148438,860.7561645507812,110.52775573730469
2024-08-01,,6484.22265625,731.2005004882812,870.3815307617188,111.68450164794922
2024-08-02,,6606.0791015625,734.2719116210938,875.6785278320312,113.89739990234375
2024-08-05,,6539.0986328125,735.4113159179688,859.4615478515625,110.29306030273438
2024-08-06,,6681.07080078125,735.4014282226562,845.359375,111.05583953857422
2024-08-07,,6599.701171875,737.7297973632812,846.39697265625,112.4053726196289
2024-08-08,,6612.12353515625,729.803466796875,859.5900268554688,114.17401123046875
2024-08-09,,6588.2529296875,733.578369140625,869.1166381835938,115.55707550048828
2024-08-12,,6494.68017578125,733.1820678710938,850.4883422851562,115.1882553100586
2024-08-13,,6538.125,728.6541748046875,858.2262573242188,114.83621215820312
2024-08-15,,6492.77099609375,738.135986328125,838.1254272460938,115.64927673339844
2024-08-16,,6532.67236328125,731.2401123046875,854.5895385742188,115.1463394165039
2024-08-19,,6508.67822265625,713.80224609375,842.9876708984375,115.12120056152344
2024-08-20,,6562.88330078125,722.8283081054688,839.52880859375,114.7607650756836
2024-08-21,,6536.998046875,723.274169921875,839.8746337890625,113.98960876464844
2024-08-22,,6588.2529296875,720.7179565429688,851.6741943359375,112.23771667480469
2024-08-23,,6659.86376953125,792.7877197265625,839.963623046875,112.38021850585938
2024-08-26,,6575.9833984375,717.2105712890625,830.0812377929688,108.18912506103516
2024-08-27,,6553.44921875,727.7822265625,824.675537109375,107.69457244873047
2024-08-28,,6509.1455078125,724.2451171875,820.337158203125,107.22515869140625
2024-08-29,,6583.46875,740.5634155273438,819.9320068359375,106.48753356933594
2024-08-30,,6588.2529296875,715.5559692382812,820.0209350585938,105.1296157836914
2024-09-02,,6550.8525390625,731.9733276367188,817.8961791992188,103.29391479492188
2024-09-03,,6683.734375,734.6286010742188,817.7084350585938,103.59713745117188
2024-09-04,,6605.1240234375,733.1820678710938,832.0082397460938,103.92633056640625
2024-09-05,,6602.57470703125,724.55224609375,831.5240478515625,102.68746948242188
2024-09-06,,6681.34716796875,725.2062377929688,832.7692260742188,103.52781677246094
2024-09-09,,6683.72509765625,733.0037231445312,843.4817504882812,101.04141235351562
2024-09-10,,6664.63818359375,759.6954956054688,865.7566528320312,103.7357406616211
2024-09-11,,6655.08984375,749.1634521484375,868.6422729492188,101.3792953491211
2024-09-12,,6683.2568359375,762.9552001953125,848.47265625,100.86814880371094
2024-09-13,,6669.25,761.7860717773438,844.5458374023438,100.06245422363281
2024-09-16,,6664.63818359375,757.9616088867188,838.7646484375,100.4956283569336
2024-09-17,,6664.63818359375,757.9616088867188,838.7646484375,100.4956283569336
2024-09-18,,6589.78955078125,765.5411376953125,848.2743530273438,100.72087860107422
2024-09-19,,6647.4990234375,773.269287109375,859.24169921875,103.67508697509766
2024-09-20,,6647.9765625,773.0612182617188,883.7943115234375,110.76177215576172
2024-09-23,,6643.69873046875,756.93115234375,879.7285766601562,111.16028594970703
2024-09-24,,6594.0009765625,762.7074584960938,877.7255249023438,111.26423645019531
2024-09-25,,6594.0009765625,756.5547485351562,888.6829833984375,112.14791870117188
2024-09-26,,6555.36865234375,774.2501831054688,883.3579711914062,111.58480072021484
2024-09-27,,6577.2626953125,768.6324462890625,888.3656616210938,110.77043914794922
2024-09-30,,6492.77099609375,758.1795654296875,876.6347045898438,110.0600357055664
2024-10-01,,6503.51220703125,758.031005859375,881.9696655273438,108.24072265625
2024-10-02,,6494.93798828125,759.665771484375,887.6119995117188,109.69618225097656
2024-10-03,,6494.71923828125,755.2468872070312,893.3634033203125,111.05632781982422
2024-10-04,,6491.1376953125,753.18603515625,924.4309692382812,112.13925170898438
2024-10-07,,6492.67529296875,781.7008666992188,918.0350341796875,111.8447036743164
2024-10-08,,6555.06396484375,789.6370239257812,897.2605590820312,119.33855438232422
2024-10-09,,6555.06396484375,789.6370239257812,897.2605590820312,119.33855438232422
2024-10-10,,6471.52587890625,793.1444702148438,866.4705810546875,119.24327087402344
2024-10-11,,6618.28173828125,782.1367797851562,838.040771484375,117.86577606201172
2024-10-14,,6485.1318359375,777.7575073242188,837.5053100585938,117.27666473388672
2024-10-15,,6492.77099609375,767.8595581054688,837.108642578125,118.9053726196289
2024-10-16,,6588.2529296875,766.3238525390625,833.4990844726562,116.81749725341797
2024-10-17,,6492.77099609375,762.965087890625,833.5784301757812,116.1590805053711
2024-10-18,,6490.2978515625,786.2783203125,830.7225952148438,116.10709381103516
2024-10-21,,6491.84423828125,793.6200561523438,837.3961791992188,117.14671325683594
2024-10-22,,6491.85400390625,792.728271484375,859.271484375,117.19869995117188
2024-10-23,,6475.48876953125,803.4189453125,856.365966796875,120.19624328613281
2024-10-24,,6325.63916015625,810.512939453125,882.58447265625,123.32736206054688
2024-10-25,,6268.5029296875,891.5691528320312,901.7625122070312,123.7912368774414
2024-10-28,,6350.7890625,889.3101806640625,908.3865356445312,124.7635726928711
2024-10-29,,6376.28271484375,946.8550415039062,911.0341186523438,124.68331146240234
2024-10-30,,6352.173828125,933.6478881835938,893.1849365234375,122.1944351196289
2024-10-31,,6279.59228515625,916.1406860351562,875.8018188476562,116.63690948486328
2024-11-01,,6290.94970703125,903.7261352539062,914.6832885742188,119.4736557006836
2024-11-04,,6344.74560546875,909.6609497070312,950.6395874023438,117.76982116699219
2024-11-05,,6325.5771484375,915.6156005859375,978.4943237304688,116.3603744506836
2024-11-06,,6331.3369140625,899.386474609375,993.2297973632812,117.2345962524414
2024-11-07,,6323.74658203125,891.9655151367188,1007.5984497070312,115.59319305419922
2024-11-08,,6320.14306640625,889.0327758789062,993.5372314453125,115.03120422363281
2024-11-11,,6315.55224609375,975.6472778320312,985.4058837890625,113.68419647216797
2024-11-12,,6291.70703125,987.4872436523438,981.4196166992188,111.94467163085938
2024-11-13,,6280.29248046875,1010.3843383789062,1009.8196411132812,111.81978607177734
2024-11-14,,6308.32568359375,984.7724609375,1032.58740234375,116.44065856933594
2024-11-15,,6325.58642578125,999.5352172851562,1036.38525390625,119.42012786865234
2024-11-18,,6285.65869140625,991.4404296875,1049.4251708984375,123.41658020019531
2024-11-19,,6325.5771484375,1060.99365234375,1037.267822265625,123.34519958496094
2024-11-20,,6412.95654296875,1038.562255859375,1019.3292846679688,119.61639404296875
2024-11-21,,6341.20947265625,1074.8250732421875,1032.4486083984375,120.33895874023438
2024-11-22,,6421.41943359375,1013.6737060546875,1018.2881469726562,129.08114624023438
2024-11-25,,6421.41943359375,989.280517578125,990.4136352539062,131.29345703125
2024-11-26,,6327.494140625,909.4132690429688,940.12841796875,137.83226013183594
2024-11-27,,6326.04736328125,983.3656005859375,987.369384765625,151.61460876464844
2024-11-28,,6310.1181640625,1011.9200439453125,1011.1286010742188,158.28720092773438
2024-11-29,,6297.466796875,1082.2955322265625,1011.0096435546875,161.46295166015625
2024-12-02,,6357.0810546875,1108.3731689453125,1031.387451171875,162.7475128173828
2024-12-03,,6403.5732421875,1112.7523193359375,1049.325927734375,159.0008544921875
2024-12-04,,6423.2978515625,1107.025634765625,1058.08203125,155.0133514404297
2024-12-05,,6432.3642578125,1101.754638671875,1109.507568359375,155.68240356445312
2024-12-06,,6436.6875,1104.7667236328125,1105.322998046875,155.3612518310547
2024-12-09,,7080.3525390625,1120.559814453125,1157.3533935546875,149.0811309814453
2024-12-10,,7026.0009765625,1112.3065185546875,1192.466796875,146.11952209472656
2024-12-11,,6857.759765625,1103.726318359375,1208.3228759765625,146.42282104492188
2024-12-12,,7049.3671875,1144.9034423828125,1214.8179931640625,151.1239776611328
2024-12-13,,7114.44384765625,1171.1097412109375,1246.877197265625,144.54055786132812
2024-12-16,,7270.9248046875,1231.616943359375,1228.462646484375,142.3996124267578
2024-12-17,,7199.1591796875,1217.6568603515625,1172.6739501953125,145.89649963378906
2024-12-18,,7120.1083984375,1216.408447265625,1126.1767578125,144.26402282714844
2024-12-19,,6940.27978515625,1178.87744140625,1075.0982666015625,137.81442260742188
2024-12-20,,7007.6376953125,1171.0997314453125,1098.153564453125,139.65206909179688
2024-12-23,,7024.6015625,1221.342529296875,1122.6466064453125,142.90809631347656
2024-12-24,,6931.29931640625,1206.9068603515625,1106.4434814453125,141.19532775878906
2024-12-26,,7121.8427734375,1188.94384765625,1055.0872802734375,139.91969299316406
2024-12-27,,7070.94140625,1200.9521484375,1062.2269287109375,139.32199096679688
2024-12-30,,7092.31396484375,1238.701171875,1089.7445068359375,152.98837280273438
